compound,AreaShape_Area,AreaShape_Perimeter,AreaShape_Eccentricity,AreaShape_Solidity,AreaShape_Extent,AreaShape_FormFactor,AreaShape_MajorAxis,AreaShape_MinorAxis,AreaShape_AspectRatio,Intensity_Nuc_Mean_DNA,Intensity_Nuc_Std_DNA,Intensity_Nuc_P95_DNA,Intensity_Cyto_Mean_DNA,Intensity_Cyto_Std_DNA,Intensity_NucCytoRatio_DNA,Intensity_IntegratedNuc_DNA,Texture_LapRMS_Nuc_DNA,Texture_LapRMS_Cyto_DNA,Texture_CV_Cyto_DNA,Intensity_Nuc_Mean_RNA,Intensity_Nuc_Std_RNA,Intensity_Nuc_P95_RNA,Intensity_Cyto_Mean_RNA,Intensity_Cyto_Std_RNA,Intensity_NucCytoRatio_RNA,Intensity_IntegratedNuc_RNA,Texture_LapRMS_Nuc_RNA,Texture_LapRMS_Cyto_RNA,Texture_CV_Cyto_RNA,Intensity_Nuc_Mean_ER,Intensity_Nuc_Std_ER,Intensity_Nuc_P95_ER,Intensity_Cyto_Mean_ER,Intensity_Cyto_Std_ER,Intensity_NucCytoRatio_ER,Intensity_IntegratedNuc_ER,Texture_LapRMS_Nuc_ER,Texture_LapRMS_Cyto_ER,Texture_CV_Cyto_ER,Intensity_Nuc_Mean_AGP,Intensity_Nuc_Std_AGP,Intensity_Nuc_P95_AGP,Intensity_Cyto_Mean_AGP,Intensity_Cyto_Std_AGP,Intensity_NucCytoRatio_AGP,Intensity_IntegratedNuc_AGP,Texture_LapRMS_Nuc_AGP,Texture_LapRMS_Cyto_AGP,Texture_CV_Cyto_AGP,Intensity_Nuc_Mean_Mito,Intensity_Nuc_Std_Mito,Intensity_Nuc_P95_Mito,Intensity_Cyto_Mean_Mito,Intensity_Cyto_Std_Mito,Intensity_NucCytoRatio_Mito,Intensity_IntegratedNuc_Mito,Texture_LapRMS_Nuc_Mito,Texture_LapRMS_Cyto_Mito,Texture_CV_Cyto_Mito
AMG900,1747.0,179.92388155425118,0.5788289542419222,0.8872524123920772,0.6463189049204587,0.6781490311161232,55.371220226486656,45.15240514834779,1.2263182890161675,15211.045,10819.561,40573.5,1401.0419,1838.2944,10.856953,2.6573696e+07,0.021684763953089714,0.007852665148675442,1.312091,28005.66,17273.918,52961.8,7257.768,7529.775,3.8587153,4.892589e+07,0.01945367641746998,0.013074351474642754,1.037478,14364.072,8598.459,27536.5,4181.6743,3900.464,3.435005,2.5094034e+07,0.018429111689329147,0.010756480507552624,0.9327518,10500.368,4844.259,17117.5,3423.8467,3289.7063,3.0668337,1.8344144e+07,0.01969512179493904,0.014947254210710526,0.96082175,2077.3286,1231.4613,3972.0,670.95905,629.943,3.0960588,3.629093e+06,0.015072545036673546,0.012965001165866852,0.93886954
AMG900,1746.0,172.12489168102783,0.8628438792788747,0.9535772801747678,0.7558441558441559,0.7405710715310553,66.56849559786824,33.64841165100095,1.9783547671822423,12969.35,5367.083,24737.0,1410.1766,1477.2668,9.196968,2.2644484e+07,0.022042641416192055,0.008129497990012169,1.0475757,18839.86,8576.0625,34585.5,8544.534,7551.8003,2.204902,3.2894396e+07,0.018615063279867172,0.008954214863479137,0.8838165,10189.696,6686.7314,25200.5,4493.7266,4766.396,2.267538,1.779121e+07,0.017399761825799942,0.011895458213984966,1.0606778,8197.011,4276.131,16877.75,2951.8994,2735.0525,2.7768598,1.431198e+07,0.017065566033124924,0.012078352272510529,0.92653984,1486.2915,530.83203,2461.75,747.89343,576.2543,1.9873039,2.595065e+06,0.011584064923226833,0.010341612622141838,0.77050316
AMG900,395.0,91.84062043356596,0.9061563931795095,0.8797327394209354,0.6279809220985691,0.5884876344922414,35.26625764602014,14.915608879977148,2.364386055561023,7911.638,1077.5596,9995.1,1960.2126,1996.2041,4.0361123,3.125097e+06,0.015617966651916504,0.010669820941984653,1.018361,10818.14,2744.4202,15812.8,8394.487,4463.399,1.2887195,4.273165e+06,0.009902799502015114,0.007761872373521328,0.531706,5666.9976,1570.5415,8392.0,5111.6196,3036.1123,1.1086501,2.238464e+06,0.01080864854156971,0.011023466475307941,0.59396285,4566.577,1294.5681,6937.8,2611.9014,1869.0435,1.7483728,1.803798e+06,0.013146543875336647,0.011797192506492138,0.7155873,907.94684,201.33617,1265.9,711.3644,371.22028,1.2763456,358639.0,0.007948807440698147,0.009176455438137054,0.52184266
AMG900,1016.0,116.5685424949238,0.5414139162711883,0.9778633301251203,0.7845559845559845,0.9395953077610752,39.22606087594148,32.97955349647011,1.189405456327356,23662.326,16894.36,59161.75,1037.5471,1311.4009,22.806026,2.4040924e+07,0.026047179475426674,0.004251622594892979,1.2639434,51720.363,13022.158,65094.0,6595.821,6669.8945,7.841384,5.254789e+07,0.025344816967844963,0.007606894243508577,1.0112303,26663.066,6624.907,35860.25,3745.2322,3704.4253,7.1192026,2.7089676e+07,0.024449460208415985,0.006387368310242891,0.98910433,21753.248,4301.1943,28276.5,4044.8079,3529.0642,5.378067,2.21013e+07,0.021621543914079666,0.010694768279790878,0.87249243,3926.0798,1015.48254,5223.0,740.8957,496.64667,5.2990994,3.988897e+06,0.02105487696826458,0.01071445643901825,0.6703328
AMG900,2219.0,187.095454429505,0.8189086044982803,0.9639443961772372,0.7251633986928104,0.7966007184618616,70.4039285522318,40.40650059203947,1.7423911380759896,12907.8,3412.1838,19038.8,1142.3809,1221.632,11.299034,2.8642408e+07,0.027261480689048767,0.007822864688932896,1.0693736,12593.458,3136.8896,18438.0,6782.4683,4707.337,1.8567662,2.7944884e+07,0.011999689042568207,0.004944799933582544,0.6940448,6278.4536,2665.7842,10835.7,3592.4978,3058.0369,1.747657,1.3931889e+07,0.017694875597953796,0.009270007722079754,0.8512286,6700.023,1710.2269,10140.1,3165.4546,1808.4854,2.116607,1.4867351e+07,0.01800686866044998,0.012329736724495888,0.57131934,1169.5863,197.7101,1498.6,796.65186,406.21738,1.4681273,2.595312e+06,0.009728523902595043,0.009385041892528534,0.50990576
AMG900,2402.0,214.40916292848976,0.7908538791935809,0.917494270435447,0.6906267970097757,0.6565929034253271,71.35546336923191,43.66990162662085,1.6339735312280657,9320.416,1996.4358,12528.0,1629.5848,1752.1866,5.7195034,2.238764e+07,0.02159157022833824,0.010383960790932178,1.075235,12200.951,3786.7522,18962.9,7273.6577,3721.6472,1.6774162,2.9306684e+07,0.016604436561465263,0.008427395485341549,0.51166105,6141.091,2351.0215,10604.65,3744.3872,2201.248,1.640079,1.47509e+07,0.016961118206381798,0.010656044818460941,0.58787936,7281.8643,2697.147,13014.6,2365.3845,1218.2147,3.078512,1.7491038e+07,0.024845490232110023,0.00884490367025137,0.5150176,1111.0271,244.82622,1524.0,715.10455,303.0221,1.5536568,2.668687e+06,0.012271354906260967,0.01001303642988205,0.42374516
AMG900,2155.0,186.26702730475878,0.8072041834724247,0.9724729241877257,0.7098155467720685,0.7805220407186776,69.1285294544293,40.80465713288593,1.694133324764936,13133.953,3566.5627,19846.2,1152.8046,1107.581,11.3930435,2.8303668e+07,0.028825901448726654,0.010784152895212173,0.9607709,14184.268,3548.5117,20057.4,8477.402,8065.1147,1.6731856,3.0567096e+07,0.013057846575975418,0.009387608617544174,0.9513663,7647.463,2801.254,12581.2,5017.725,6064.75,1.5240897,1.6480283e+07,0.014082261361181736,0.013573055155575275,1.2086653,6498.8027,1406.8093,9547.1,3100.0496,1813.8412,2.0963545,1.400492e+07,0.014399698935449123,0.013988753780722618,0.5851007,1451.9634,290.8287,1907.0,939.72076,566.57513,1.5451009,3.128981e+06,0.00981783214956522,0.009768623858690262,0.6029186
AMG900,1830.0,173.33809511662426,0.4821168603751742,0.9298780487804879,0.6524064171122995,0.765372606886885,52.821254136235986,46.27706620159906,1.1414131981947204,19996.875,8745.466,34730.2,1288.8683,981.64655,15.515065,3.659428e+07,0.04198697581887245,0.012301596812903881,0.76163447,28517.896,7705.354,40531.1,10965.464,9250.114,2.6007013,5.218775e+07,0.02047860063612461,0.011530963703989983,0.84356797,14025.742,5174.52,23480.9,4805.974,5196.736,2.9183974,2.5667108e+07,0.021346982568502426,0.01080356352031231,1.0813075,15847.255,6694.707,27700.5,4980.952,3360.8286,3.1815715,2.9000476e+07,0.020729204639792442,0.01677181012928486,0.6747362,2437.2158,607.93665,3386.85,1107.8799,664.35486,2.1998918,4.460105e+06,0.01814659871160984,0.010479949414730072,0.59966326
AMG900,1203.0,129.49747468305833,0.6390663999658588,0.9709443099273608,0.8228454172366622,0.9014733506274331,44.81538209315451,34.469821462175396,1.3001338617994167,28279.934,17346.469,57780.9,1236.8579,1046.2306,22.864334,3.402076e+07,0.04478061571717262,0.0076026227325201035,0.84587777,54979.71,10173.143,65094.0,12902.569,14514.889,4.261144,6.614059e+07,0.008475754410028458,0.02287386730313301,1.1249611,32041.227,7266.2866,45109.2,6628.683,7672.7944,4.8337245,3.8545596e+07,0.014032821170985699,0.021179579198360443,1.1575141,23552.555,5834.3228,33177.0,5389.5454,4742.204,4.3700447,2.8333724e+07,0.014345144852995872,0.018164396286010742,0.8798894,4203.7163,704.5381,5219.7,1354.9376,1074.3134,3.1025164,5.057071e+06,0.013368848711252213,0.023517396301031113,0.7928877
AMG900,1645.0,170.8528137423857,0.8392596238972301,0.9432339449541285,0.6450980392156863,0.7081601680294265,62.924535900409154,34.21401407899339,1.8391450870140187,14629.163,4751.4834,22162.8,1270.0687,1330.678,11.518403,2.4064974e+07,0.023654384538531303,0.009050928987562656,1.0477213,11771.025,2791.0842,16843.4,6981.561,3950.5835,1.6860162,1.9363336e+07,0.01139866653829813,0.006211463827639818,0.5658596,5428.565,1841.9015,9420.0,3706.9307,2441.1775,1.4644367,8.929989e+06,0.013424034230411053,0.012260700576007366,0.6585441,6146.464,1627.1431,9078.6,2917.5557,2058.4536,2.1067169,1.0110933e+07,0.01832355372607708,0.015822043642401695,0.7055405,1039.8906,165.74557,1309.0,691.7745,336.6987,1.503222,1.71062e+06,0.008494873531162739,0.012110654264688492,0.48671743
AMG900,293.0,66.97056274847714,0.831729226888368,0.9701986754966887,0.8371428571428572,0.8209365422359735,26.225665991742844,14.560004470362811,1.8012127705816112,8314.863,556.21497,9311.4,1417.2266,1529.9888,5.8669963,2.436255e+06,0.02146356925368309,0.014288968406617641,1.0795654,11659.754,1954.1079,15268.8,10282.441,7122.1787,1.133948,3.416308e+06,0.013460145331919193,0.012128475122153759,0.69265443,6650.86,1438.6467,8803.6,6780.312,5042.403,0.9809076,1.948702e+06,0.017657052725553513,0.019540540874004364,0.743683,5876.505,959.6932,7573.0,3394.8486,2579.1057,1.7310065,1.721816e+06,0.020684579387307167,0.025949545204639435,0.75971156,1436.099,295.28802,2056.0,2081.401,2217.3816,0.6899675,420777.0,0.037594858556985855,0.04396326094865799,1.0653313
AMG900,758.0,111.9827560572969,0.801251096171052,0.9486858573216521,0.6579861111111112,0.7595856750825265,40.40558344649975,24.175801565670785,1.6713234238270291,7716.1094,855.1282,9212.05,1374.3627,1721.5815,5.6143184,5.848811e+06,0.010764054022729397,0.008912453427910805,1.2526399,6010.3154,1291.8843,8508.5,5094.0405,2235.7456,1.1798719,4.555819e+06,0.007023673038929701,0.005019016098231077,0.43889436,2778.7202,556.12146,3699.9,2497.3115,1171.1566,1.1126846,2.10627e+06,0.004919758532196283,0.005468849558383226,0.46896696,3153.698,631.2438,4378.05,2640.4236,943.36676,1.1943909,2.390503e+06,0.008495338261127472,0.0088182482868433,0.35727856,713.7322,100.63627,897.6,664.6839,222.48083,1.0737919,541009.0,0.006120847538113594,0.009153371676802635,0.33471674
AMG900,2185.0,188.99494936611666,0.7944564191373694,0.9434369602763385,0.6526284348864994,0.7687071286355944,68.41375204659482,41.54911963069518,1.646575250081903,12420.68,3147.1125,18103.4,1199.4106,1088.2874,10.355653,2.7139186e+07,0.03012033924460411,0.011913929134607315,0.90735173,13798.719,3300.7625,19618.2,9644.61,6192.3076,1.4307181,3.01502e+07,0.014515426941215992,0.009796361438930035,0.6420485,6907.8213,2111.4666,10655.6,5109.88,3758.5015,1.3518559,1.5093589e+07,0.013803493231534958,0.0149622093886137,0.73553616,8131.6265,2625.2332,13023.6,3483.615,1813.2745,2.3342495,1.7767604e+07,0.01920568011701107,0.01387097779661417,0.5205152,1226.5712,243.4929,1646.2,925.54193,429.24445,1.3252465,2.680058e+06,0.012917134910821915,0.012736826203763485,0.46377635
AMG900,1512.0,152.46803743153544,0.8012535532887023,0.968609865470852,0.7578947368421053,0.817342411805954,56.9897105829865,34.09836561838709,1.6713326151988808,14101.05,4105.1484,20321.9,1386.6251,1449.042,10.169331,2.1320788e+07,0.02646738290786743,0.01165802963078022,1.0450135,18152.527,5067.5347,27485.45,12460.514,10066.909,1.456804,2.7446622e+07,0.011955327354371548,0.009801055304706097,0.80790484,9714.17,3745.6125,17088.8,7168.2373,7245.194,1.3551686,1.4687825e+07,0.013955174945294857,0.01250378042459488,1.0107358,8973.875,2966.4414,16207.2,4434.7065,3484.749,2.0235555,1.3568499e+07,0.018314793705940247,0.010186363942921162,0.7857902,1728.2434,532.99896,2553.8,1253.2552,1128.5428,1.3790035,2.613104e+06,0.012712893076241016,0.012671216391026974,0.9004892
AMG900,707.0,119.698484809835,0.9109884974203355,0.912258064516129,0.6386630532971996,0.6200860652601403,48.453411240504316,19.98372572944647,2.424643527263143,9900.296,2001.4615,13545.4,1313.8381,1458.1519,7.5354,6.999509e+06,0.018369752913713455,0.010540514253079891,1.1098413,12473.928,2930.324,17630.2,6119.5454,4835.8906,2.038375,8.819067e+06,0.017177211120724678,0.010052567347884178,0.7902369,6159.757,1524.6459,8964.4,3649.4897,3284.0168,1.6878406,4.354948e+06,0.012563155964016914,0.015619390644133091,0.89985645,6234.7144,1588.267,8869.2,2679.292,2411.4204,2.3270006,4.407943e+06,0.02477128431200981,0.02343118004500866,0.9000215,1294.7114,545.9892,2001.5,985.7649,1101.8639,1.3134079,915361.0,0.03854876384139061,0.029835421591997147,1.1177756
AMG900,1901.0,172.99494936611666,0.8414858339196807,0.9738729508196722,0.6465986394557823,0.79822464601318,67.01051960911019,36.204388521972525,1.8508949424305663,11387.817,2607.9722,15884.0,1238.3281,1366.1179,9.196123,2.164824e+07,0.016473844647407532,0.006164288613945246,1.1031954,7840.0854,1808.6577,11419.0,6243.8394,4379.2983,1.2556514,1.4904002e+07,0.0069631244987249374,0.005877917632460594,0.70137906,3215.5671,624.0981,4341.0,3698.2842,3303.624,0.8694754,6.112793e+06,0.006379298400133848,0.012637803331017494,0.89328563,3974.7544,660.6192,5247.0,3124.485,2905.579,1.272131,7.556008e+06,0.010744878090918064,0.019445104524493217,0.92993855,856.7286,119.08967,1056.0,801.80566,632.89294,1.0684991,1.628641e+06,0.005923273507505655,0.016186805441975594,0.7893346
AMG900,1050.0,127.88225099390856,0.8313002895549672,0.967741935483871,0.6628787878787878,0.8068236477878362,49.21003896080743,27.35209898692519,1.7991320879736046,27578.273,17709.525,58265.8,1135.8945,1149.5378,24.278904,2.8957188e+07,0.05243885517120361,0.011342495679855347,1.012011,33694.316,9318.82,50282.15,8604.524,11919.333,3.9158835,3.537903e+07,0.021782156080007553,0.017615612596273422,1.3852402,16177.326,5616.8257,26670.2,4306.0127,6240.7207,3.7569156,1.6986192e+07,0.026646114885807037,0.01802639290690422,1.4493039,15742.859,4729.921,23126.3,3949.3289,4214.289,3.9862113,1.6530002e+07,0.02721409872174263,0.018377482891082764,1.0670899,2725.758,697.0855,3942.4,976.8843,871.4084,2.790257,2.862046e+06,0.02061954140663147,0.014614037238061428,0.8920283
AMG900,457.0,83.35533905932738,0.7642582448324909,0.9621052631578947,0.703076923076923,0.8265311377280266,30.368267107340127,19.584809196212156,1.5506031640693017,9758.446,1749.8931,12400.2,1218.0211,1310.6246,8.011722,4.45961e+06,0.02171429619193077,0.009042860940098763,1.0760279,10857.416,2636.122,16338.6,6645.95,4959.8003,1.633689,4.961839e+06,0.013679438270628452,0.00940490048378706,0.74628913,5375.3853,1310.3773,8034.2,3772.851,3255.9436,1.4247541,2.456551e+06,0.014509596861898899,0.015428049489855766,0.8629929,5451.8228,1169.8229,7633.8,2173.7258,1237.3538,2.5080545,2.491483e+06,0.018276099115610123,0.010273118503391743,0.56923175,1239.7833,608.18665,1925.0,1743.9913,2330.083,0.71088845,566581.0,0.037329066544771194,0.0577443465590477,1.3360634
AMG900,1495.0,165.3380951166243,0.7210089589377204,0.9149326805385557,0.5909090909090909,0.6872348856346658,53.829373902822084,37.2997587444562,1.4431560877273142,8202.06,1189.0035,10052.4,2169.9246,1980.9984,3.7798824,1.2262079e+07,0.007131913676857948,0.0059479172341525555,0.91293424,6603.9204,1247.8794,9101.9,6790.5674,3807.7998,0.9725138,9.872861e+06,0.004993766080588102,0.005790858529508114,0.5607484,3195.8362,827.05707,4833.6,3851.9255,3057.9668,0.8296724,4.777775e+06,0.008545531891286373,0.011289644986391068,0.79388005,3453.2441,483.75336,4492.0,3257.7498,2009.0369,1.060009,5.1626e+06,0.005619833245873451,0.017696846276521683,0.6166946,486.78195,63.996452,601.0,567.98505,395.92743,0.857033,727739.0,0.004527626093477011,0.01649600639939308,0.6970737
AMG900,1380.0,150.84671708797583,0.7191708078519615,0.9280430396772025,0.7340425531914894,0.7621092353436646,50.86355438101533,35.34169259734855,1.4391940691836385,10632.833,1809.996,13401.95,1312.8856,1258.0629,8.098826,1.467331e+07,0.02360965684056282,0.010593011043965816,0.95824254,13833.586,2994.9702,20140.6,10979.016,5204.1167,1.2600024,1.9090348e+07,0.018274741247296333,0.010216932743787766,0.47400576,6660.147,1559.4187,9709.1,6570.6904,3349.7898,1.0136145,9.191003e+06,0.015454749576747417,0.016423195600509644,0.5098079,8189.6514,1088.3135,10059.1,3828.868,2083.6553,2.1389225,1.1301719e+07,0.018016960471868515,0.02077208086848259,0.5441962,1190.1971,172.99149,1525.25,924.1685,344.5158,1.2878573,1.642472e+06,0.011236860416829586,0.015555059537291527,0.3727846
AMG900,710.0,101.9827560572969,0.6297783621527526,0.9581646423751687,0.696078431372549,0.8578566530783167,34.410019262057226,26.728838591170714,1.2873742772132202,8358.283,1057.9431,9990.5,2159.4753,1950.92,3.8705156,5.934381e+06,0.009034881368279457,0.008311913348734379,0.9034232,6863.638,1575.9276,9603.65,5886.8975,1991.1703,1.1659178,4.873183e+06,0.005240910220891237,0.005594158079475164,0.33823764,3425.2676,1097.0319,5526.5,3178.3574,1772.953,1.0776849,2.43194e+06,0.010669765993952751,0.01135304756462574,0.5578205,3394.0352,337.7408,3954.65,2614.709,1242.3116,1.2980547,2.409765e+06,0.005873839370906353,0.011404111050069332,0.47512424,474.98874,100.92384,659.1,441.08246,148.26163,1.0768706,337242.0,0.005197522696107626,0.007106032222509384,0.3361313
AMG900,1516.0,146.22539674441617,0.6070365643159427,0.969309462915601,0.7834625322997416,0.8909707538860002,49.47858297521524,39.31933856919336,1.2583778053169397,8950.54,1972.3142,12945.0,1479.2908,1596.7051,6.050562,1.3569019e+07,0.02199305221438408,0.008859136141836643,1.079372,13613.95,4171.092,22398.75,10303.538,5604.1626,1.3212888,2.0638748e+07,0.019886253401637077,0.010920953936874866,0.5439066,6695.0044,1924.9965,10617.5,6510.972,4135.6904,1.0282649,1.0149627e+07,0.014415762387216091,0.017070192843675613,0.63518786,6258.1226,1543.8939,9258.5,4123.6885,2665.1853,1.5176032,9.487314e+06,0.01745694689452648,0.02334841713309288,0.64631104,1138.7612,155.96806,1444.25,911.6904,358.19153,1.2490656,1.726362e+06,0.00855607446283102,0.009422467090189457,0.39288723
AMG900,507.0,113.49747468305833,0.9137276327891575,0.8022151898734177,0.5487012987012987,0.4945901081406495,43.97051744157577,17.866418296046017,2.461070636150213,7719.41,1059.0764,9800.7,1448.047,1705.6627,5.330911,3.913741e+06,0.01652423106133938,0.0058932118117809296,1.1779057,6452.288,1583.2627,9360.6,4453.527,2947.113,1.4488041,3.27131e+06,0.0060849119909107685,0.0057647801004350185,0.6617481,3419.3608,990.6156,5645.5,2447.2725,1876.575,1.397213,1.733616e+06,0.007083042990416288,0.009041554294526577,0.7668026,2764.6113,348.10712,3427.3,1828.4777,976.28,1.5119743,1.401658e+06,0.004665992688387632,0.006391238886862993,0.53393054,719.16174,109.01136,927.4,600.7219,321.62634,1.1971625,364615.0,0.007694532163441181,0.012937244959175587,0.53539973
AMG900,904.0,131.25483399593904,0.9020837476975241,0.9416666666666667,0.7558528428093646,0.6593980832776297,52.187908116168,22.522266746817127,2.3171694351565773,7622.8374,1018.8417,9659.2,1583.732,1850.1671,4.8132114,6.891045e+06,0.015516640618443489,0.007212842348963022,1.1682324,7011.636,1697.3472,10427.85,4910.1763,3332.169,1.4279805,6.338519e+06,0.009747780859470367,0.0063391937874257565,0.6786251,3482.5508,684.538,4730.85,2945.854,2346.5376,1.1821872,3.148226e+06,0.007199220824986696,0.010640597902238369,0.796556,2863.1306,396.39706,3651.25,2750.7444,2150.4268,1.0408567,2.58827e+06,0.005889786873012781,0.020691735669970512,0.78176177,742.67255,122.069786,972.7,614.4346,293.92902,1.2087089,671376.0,0.006758482661098242,0.010076820850372314,0.47837317
AMG900,1398.0,152.8528137423857,0.48720124945360427,0.9307589880159787,0.6078260869565217,0.7519174435191774,47.096466584935534,41.12886031846149,1.1450953471666068,15911.004,6028.466,27019.0,1137.519,911.543,13.987462,2.2243584e+07,0.034617211669683456,0.012037429958581924,0.8013431,20752.096,5346.7036,31039.2,8643.979,6552.778,2.4007576,2.901143e+07,0.01449462678283453,0.010349885560572147,0.7580743,10767.55,4020.3538,19079.95,4000.6675,3736.9614,2.6914384,1.5053034e+07,0.01591448299586773,0.010367956012487411,0.9340845,7848.7153,2720.8018,13076.05,2798.9243,1789.1665,2.80419,1.0972504e+07,0.02118462137877941,0.01182086393237114,0.6392336,1610.6573,328.65952,2270.45,787.6575,422.04214,2.0448704,2.251699e+06,0.011993592604994774,0.009590578265488148,0.5358194
AMG900,1429.0,147.88225099390857,0.7897505690191668,0.9668470906630582,0.737358101135191,0.8211263476667294,54.78536113175249,33.60688020408013,1.6301828910944591,8762.384,1344.3414,11074.8,1486.7664,1622.8746,5.8935847,1.2521446e+07,0.013706492260098457,0.010580810718238354,1.0915465,8451.385,1826.4114,11982.2,7345.935,3404.6106,1.1504846,1.2077029e+07,0.008972609415650368,0.006498765200376511,0.46346864,3968.9531,826.0512,5327.6,4226.7446,2152.201,0.9390094,5.671634e+06,0.00906826090067625,0.01226531621068716,0.5091864,4886.8613,566.1576,5813.6,3261.559,1703.5734,1.4983207,6.983325e+06,0.00908922404050827,0.020879032090306282,0.5223187,825.0364,85.638596,982.6,684.4346,198.45865,1.2054276,1.178977e+06,0.005379052367061377,0.007616326678544283,0.28996
AMG900,735.0,106.5685424949238,0.7574386358575449,0.941101152368758,0.6730769230769231,0.8132782369701388,38.26643153514281,24.98439646465693,1.5316132046365307,12979.242,4098.777,21102.0,1165.9498,1138.8947,11.131905,9.539743e+06,0.0305863656103611,0.00925549678504467,0.9767956,16350.664,6257.3887,28062.4,6977.83,5179.268,2.3432305,1.2017738e+07,0.014351991936564445,0.006291382480412722,0.7422462,8064.9277,3751.9421,15599.7,3202.6414,3209.7986,2.5182114,5.927722e+06,0.016489854082465172,0.007928822189569473,1.0022348,5853.265,1458.2964,8436.4,2756.0496,1441.7512,2.123788,4.30215e+06,0.016018183901906013,0.0088907890021801,0.5231224,1284.0748,353.17487,1940.3,657.99146,324.55878,1.9515069,943795.0,0.010636524297297001,0.006585321854799986,0.49325684
AMG900,1751.0,166.36753236814712,0.7425417551085797,0.9500813890396094,0.7419491525423729,0.7949848640154507,58.451478667873594,39.15078740546832,1.4929834759775351,12984.931,3751.4739,19369.0,1168.3356,1295.1655,11.114042,2.2736614e+07,0.02846100553870201,0.01050057914108038,1.1085562,11081.287,3115.0156,16569.0,5643.955,4170.187,1.9633904,1.9403334e+07,0.013655759394168854,0.006270773708820343,0.7388767,5292.08,1780.9514,8285.0,3201.0117,3175.3914,1.6532524,9.266432e+06,0.014243265613913536,0.010809146799147129,0.99199617,6288.6445,2090.509,10853.0,2304.5752,1214.2618,2.7287652,1.1011417e+07,0.024103889241814613,0.009650710970163345,0.5268918,910.3255,213.82863,1278.0,548.30676,287.2162,1.6602485,1.59398e+06,0.009853427298367023,0.006795880850404501,0.5238239
AMG900,1333.0,149.43860018001263,0.8774367988821477,0.9680464778503994,0.605909090909091,0.7500918243211774,59.631666376065276,28.604848790587823,2.0846698688261047,10268.061,1733.2731,12847.0,1147.7456,1450.2405,8.946286,1.3687325e+07,0.014569745399057865,0.008978805504739285,1.2635556,8120.2544,1263.2819,10648.8,5714.979,4240.3975,1.4208721,1.0824299e+07,0.008283975534141064,0.008433752693235874,0.74197954,3882.6091,772.51874,5187.6,3455.4766,2854.0615,1.1236104,5.175518e+06,0.008372041396796703,0.01281818002462387,0.82595307,4745.396,693.4215,5974.2,2885.3508,2329.7708,1.6446513,6.325613e+06,0.013089085929095745,0.020930755883455276,0.80744797,729.75995,83.734726,874.4,556.04016,290.7676,1.3124231,972770.0,0.006910994648933411,0.009305855259299278,0.52292556
AMG900,1040.0,129.98275605729688,0.8384815745865379,0.9620721554116559,0.6914893617021277,0.7735203094258779,49.886332830404214,27.184556794163157,1.8350982584757605,10336.954,1948.8309,13144.15,1066.182,1425.524,9.6953,1.0750432e+07,0.015725117176771164,0.006364594679325819,1.3370363,8974.122,2201.9514,12953.5,5052.807,3854.4185,1.7760667,9.333087e+06,0.010592851787805557,0.005089862737804651,0.76282716,4213.471,1374.1196,6510.8,3093.1907,2773.0876,1.3621763,4.38201e+06,0.012069621123373508,0.008592718280851841,0.89651364,5443.5444,1921.5496,8765.15,2284.7742,1899.2407,2.3825307,5.661286e+06,0.021795472130179405,0.014320305548608303,0.8312597,649.42786,136.43358,889.1,536.3229,972.62256,1.2108897,675405.0,0.007817686535418034,0.020262759178876877,1.813502
AMG900,2195.0,193.58073580374358,0.8419923610526343,0.9461206896551724,0.6681887366818874,0.7360716922766332,72.70358173033527,39.22281513662176,1.8536043748285935,11143.2,2658.211,15765.3,1468.77,1536.6346,7.586756,2.4459324e+07,0.019832802936434746,0.008314013481140137,1.046205,11488.73,2786.8643,16563.6,7035.863,4173.6313,1.6328815,2.5217764e+07,0.012657512910664082,0.007029228378087282,0.59319395,5293.426,1515.2266,7962.9,3794.4272,2649.8186,1.3950527,1.161907e+07,0.010026678442955017,0.010534933768212795,0.6983448,5926.934,1522.5308,8621.9,2644.9202,1816.9823,2.2408745,1.300962e+07,0.01500367559492588,0.014802097342908382,0.6869706,688.7672,132.64136,904.6,521.2691,245.78694,1.3213276,1.511844e+06,0.006400490179657936,0.006477920338511467,0.47151643
AMG900,1513.0,149.92388155425118,0.5995072735989849,0.9551767676767676,0.6578260869565218,0.8458768839382128,49.72379289408596,39.79739770087574,1.2494232227900617,10024.741,2146.1213,13618.8,1440.5289,1678.4336,6.9590697,1.5167434e+07,0.01236884854733944,0.007061058655381203,1.1651509,9075.823,1505.6216,11703.6,6488.7856,3549.4814,1.3986937,1.3731721e+07,0.007478604093194008,0.0050018406473100185,0.5470178,4558.6504,1008.6201,6338.0,3857.3052,2498.3176,1.1818225,6.897238e+06,0.010141977109014988,0.008783707395195961,0.6476847,4940.277,1360.1477,7440.0,2715.8467,1663.9429,1.8190559,7.474639e+06,0.018114428967237473,0.01444167923182249,0.61267924,646.8949,111.60193,847.8,479.79266,211.43242,1.3482801,978752.0,0.005563199985772371,0.005769284907728434,0.44067454
AMG900,803.0,126.81118318204308,0.9062655832099975,0.8833883388338833,0.5418353576248313,0.6274950438865335,50.921684479723346,21.52504191731434,2.3656950204943805,7657.289,899.3511,9395.6,2328.0916,2059.8965,3.2890842,6.148803e+06,0.0102150309830904,0.008591769263148308,0.88480043,7295.791,2132.887,11339.8,5201.4473,2331.5151,1.4026463,5.85852e+06,0.0087896091863513,0.006397374905645847,0.44824353,3529.579,1119.6123,5850.5,3185.2532,1629.7355,1.1081,2.834252e+06,0.008078133687376976,0.010090235620737076,0.5116502,4254.279,2031.1758,8791.5,2793.5679,1994.0984,1.5228837,3.416186e+06,0.022335482761263847,0.017934517934918404,0.7138178,564.76337,117.82411,767.0,407.28986,161.14645,1.3866374,453505.0,0.005652934778481722,0.0072991810739040375,0.39565545
AMG900,1903.0,181.78174593052023,0.8621394606157361,0.9434804164600893,0.724400456794823,0.7236825683154778,69.61734617288147,35.27309371469945,1.9736671451608354,10649.654,2802.2698,15763.7,1385.0098,1597.7638,7.6892266,2.0266292e+07,0.017626428976655006,0.008996247313916683,1.1536119,9984.578,2318.496,14390.5,5629.3145,3359.2434,1.7736757,1.9000652e+07,0.009579572826623917,0.006824604235589504,0.59674114,4761.4873,1362.1622,7569.3,2878.9417,2312.6707,1.6539019,9.06111e+06,0.00916791707277298,0.010889910161495209,0.80330586,5355.377,1588.1051,8608.8,2555.5066,1661.237,2.0956225,1.0191282e+07,0.017700891941785812,0.01332764234393835,0.6500617,661.44196,141.71825,926.0,388.00055,198.31442,1.7047449,1.258724e+06,0.005859361495822668,0.005962898023426533,0.51111895
AMG900,379.0,82.18376618407356,0.7926112161617183,0.8773148148148148,0.5848765432098766,0.705142668688975,29.497412142169196,17.985379389071735,1.6400772818888878,6674.9316,441.3226,7568.4,3236.9233,2172.75,2.0621223,2.529799e+06,0.006844997406005859,0.00846159178763628,0.67123926,6370.483,1048.8517,8854.8,5926.3867,1320.2965,1.0749354,2.414413e+06,0.007455820683389902,0.00639805244281888,0.22278272,2938.6147,317.67615,3479.3,3415.9543,1154.6708,0.86026174,1.113735e+06,0.003924014046788216,0.009569021873176098,0.3380229,3360.7388,177.14616,3697.1,2812.3167,952.0183,1.1950072,1.27372e+06,0.0032947531435638666,0.010833165608346462,0.33851746,451.63324,52.859898,549.1,420.51257,78.21147,1.0740066,171169.0,0.004257950931787491,0.0054514165967702866,0.18599081
AMG900,523.0,98.32590180780451,0.8706697092026227,0.9017241379310345,0.5493697478991597,0.6797914160799178,38.23702774308297,18.807575339252075,2.033065243837197,7807.8125,1160.7705,9874.5,3367.517,1923.5533,2.3185666,4.083486e+06,0.010892301797866821,0.00655615609139204,0.5712082,8314.186,2251.303,12611.3,5873.142,2781.5747,1.4156282,4.348319e+06,0.007278106641024351,0.006058272439986467,0.4736093,4125.8584,1515.7687,7437.6,3301.9707,1940.0178,1.249514,2.157824e+06,0.010972297750413418,0.010199314914643764,0.5875333,5729.004,2273.1401,10512.3,3450.0444,2131.0981,1.6605594,2.996269e+06,0.02898847684264183,0.016515979543328285,0.61770165,504.16635,140.38376,777.7,304.2542,181.66833,1.6570563,263679.0,0.006653887685388327,0.005326774436980486,0.5970939
AMG900,2140.0,193.6812408671319,0.7772922740976974,0.9332751853467074,0.6948051948051948,0.7168833927088251,67.08815558568428,42.20781986669619,1.5894721830591338,9349.133,1594.2744,12046.3,1627.0613,1735.0977,5.7460237,2.0007144e+07,0.014228752814233303,0.008334650658071041,1.0663997,9189.931,2113.0698,12797.55,6916.8853,2814.0942,1.3286227,1.9666452e+07,0.00821866188198328,0.005205433815717697,0.40684414,4380.106,1236.133,6534.7,3670.8538,1957.1693,1.1932118,9.373427e+06,0.008774732239544392,0.00822730828076601,0.5331646,4307.376,1187.6753,6808.7,2225.6277,1249.1492,1.9353534,9.217785e+06,0.013187098316848278,0.01188629399985075,0.561257,469.24252,97.06324,640.0,340.99454,166.59924,1.3760998,1.004179e+06,0.004977771546691656,0.005146172363311052,0.48856866
AMG900,696.0,97.25483399593904,0.6046503560526457,0.9707112970711297,0.7741935483870968,0.924691168581644,33.42693436877522,26.624253092506965,1.255506933945981,17702.799,10046.446,37029.0,933.284,1412.3577,18.968287,1.2321148e+07,0.03137950226664543,0.007096096873283386,1.5133203,28671.65,8248.679,39567.25,6693.911,8786.87,4.283243,1.9955468e+07,0.02301141247153282,0.013922448270022869,1.312666,12292.704,2704.4805,15878.0,3223.191,3903.6067,3.8138306,8.555722e+06,0.014193416573107243,0.009357035160064697,1.2111001,11919.809,3178.4595,15976.75,3644.8022,3990.3596,3.270358,8.296187e+06,0.030158281326293945,0.017449814826250076,1.0948082,3829.0662,1061.1154,5340.5,901.3363,1109.0981,4.2482104,2.66503e+06,0.01983112469315529,0.01944741979241371,1.2305043
DMSO,482.0,100.66904755831213,0.8377268497776994,0.8876611418047882,0.6375661375661376,0.5976748522027228,34.20855922838415,18.680934477023484,1.831201713728978,5108.3193,437.4007,5841.5,1398.5986,1661.4508,3.6524556,2.46221e+06,0.01203957200050354,0.011797227896749973,1.1879396,5106.5996,943.59863,7125.1,3479.0715,1929.303,1.4678053,2.461381e+06,0.015664469450712204,0.009822827763855457,0.55454534,2158.3735,284.56302,2677.4,1896.8328,1278.9725,1.1378828,1.040336e+06,0.006087270099669695,0.013283203355967999,0.6742674,2896.7053,380.16455,3593.6,1626.1017,969.76855,1.7813802,1.396212e+06,0.011612067930400372,0.014887344092130661,0.59637636,289.83194,59.461296,401.0,180.36401,223.62978,1.6069278,139699.0,0.006260832771658897,0.012144883163273335,1.2398802
DMSO,850.0,111.39696961966997,0.7578869707281011,0.9703196347031964,0.6961506961506961,0.8607599196523623,40.92499577899013,26.698889484927914,1.532835131666924,6037.9517,671.863,7226.2,894.9364,1196.297,6.746794,5.132259e+06,0.016787000000476837,0.013661224395036697,1.3367397,5777.153,1088.7152,7915.55,4870.2637,2143.313,1.1862094,4.91058e+06,0.01597386784851551,0.01354627963155508,0.4400815,2734.8352,414.4577,3498.15,2564.342,1414.2717,1.0664861,2.32461e+06,0.00910809263586998,0.013912648893892765,0.55151445,3190.2354,603.8686,4318.4,1830.0884,831.423,1.7432138,2.7117e+06,0.013008487410843372,0.01375572383403778,0.45430756,509.78705,77.96278,644.55,465.8076,203.99998,1.0944155,433319.0,0.006495428271591663,0.011532852426171303,0.43794903
DMSO,962.0,117.74011537017762,0.760535171745603,0.9746707193515705,0.7808441558441559,0.8720392284686178,43.481805820891196,28.23259463365235,1.5401278694046163,6576.2256,971.67456,8396.9,683.56476,1105.0691,9.620486,6.326329e+06,0.020390233024954796,0.011117967776954174,1.6166267,5721.6143,1381.0093,8612.2,4259.6094,2002.6962,1.3432251,5.504193e+06,0.016695700585842133,0.011444605886936188,0.4701596,2569.6912,496.6936,3581.45,2321.8455,1518.9666,1.1067451,2.472043e+06,0.01126867812126875,0.014378048479557037,0.6542066,2687.0208,472.2019,3759.2,1394.259,693.4183,1.9272034,2.584914e+06,0.01056118868291378,0.012703008949756622,0.4973382,496.02704,117.03881,669.95,413.22015,313.2441,1.2003942,477178.0,0.01190270483493805,0.015287294052541256,0.7580562
DMSO,535.0,86.76955262170047,0.6778516449237344,0.963963963963964,0.7753623188405797,0.8929536761179274,30.62010369725727,22.511860827595587,1.360176483488313,10651.499,3710.0789,16818.3,676.4353,543.0313,15.746515,5.698552e+06,0.048716410994529724,0.014042521826922894,0.8027838,16084.118,2467.468,20646.9,7373.268,4562.7427,2.1814096,8.605003e+06,0.022262025624513626,0.02130942977964878,0.6188223,8100.1177,1617.5083,11320.2,3795.3108,2593.8704,2.1342435,4.333563e+06,0.02414926141500473,0.01833302155137062,0.6834408,7602.7964,2491.3435,12920.1,3246.4172,1837.1573,2.3419037,4.067496e+06,0.024346759542822838,0.0199162308126688,0.565903,1984.6038,502.75208,3003.3,905.419,499.81232,2.1919174,1.061763e+06,0.027841726318001747,0.017553087323904037,0.55202323
DMSO,842.0,113.01219330881976,0.8238675572840853,0.9633867276887872,0.8019047619047619,0.828459625502428,43.63734360619347,24.73287676446204,1.7643456530254786,6746.47,689.3443,7882.85,1244.8429,1768.1189,5.4195356,5.680528e+06,0.02384844422340393,0.01574736461043358,1.4203551,5903.8906,1190.1084,8642.8,4638.0693,2246.4727,1.2729199,4.971076e+06,0.0164018627256155,0.014612444676458836,0.48435512,2640.4775,360.9261,3352.45,2420.8662,1556.0446,1.090716,2.223282e+06,0.008805842138826847,0.012359589338302612,0.64276356,3718.2861,284.4622,4180.8,2362.35,1251.2833,1.5739776,3.130797e+06,0.008897076360881329,0.014522379264235497,0.52967733,634.76245,71.60386,755.0,502.2795,202.327,1.2637634,534470.0,0.0073388065211474895,0.010634129866957664,0.40281755
DMSO,879.0,117.1543289325507,0.8317261221772071,0.9596069868995634,0.6915814319433516,0.804789048075054,45.227118313690774,25.109469551088488,1.8011976804874474,5950.2266,700.8264,7298.2,816.5697,1182.6604,7.286857,5.230249e+06,0.016091911122202873,0.011791524477303028,1.4483275,5745.422,1294.7427,8585.9,3982.3323,2307.9658,1.4427279,5.050226e+06,0.01775701530277729,0.014168228954076767,0.5795513,2743.793,448.2459,3624.2,2146.6567,1427.1863,1.2781703,2.411794e+06,0.008570590056478977,0.012272153981029987,0.6648414,3521.7395,619.9926,5023.7,1942.0317,1213.5045,1.8134304,3.095609e+06,0.011655429378151894,0.017404714599251747,0.6248634,629.2855,104.298325,773.0,521.1111,316.87683,1.2075843,553142.0,0.011670754291117191,0.01580180786550045,0.60807925
DMSO,753.0,104.66904755831213,0.7689837648633907,0.9629156010230179,0.7621457489878543,0.8637106915989505,38.81897270783066,24.815738994047685,1.5642884024989865,6761.7954,978.27527,8574.2,850.4642,995.21515,7.9507117,5.091632e+06,0.02256866917014122,0.012407499365508556,1.1702024,5370.9736,1036.6031,7585.8,4841.5273,1741.2551,1.1093552,4.044343e+06,0.01580447517335415,0.0145212821662426,0.35964996,2470.3093,261.0834,2892.2,2313.6018,1433.5269,1.0677332,1.860143e+06,0.006928835064172745,0.012809011153876781,0.6196083,3532.9907,233.58588,3887.4,2376.5754,1113.6385,1.486589,2.660342e+06,0.0068421876057982445,0.014214585535228252,0.4685896,663.4648,78.84695,795.4,627.1311,258.4816,1.0579363,499589.0,0.007686573080718517,0.014471704140305519,0.41216516
DMSO,998.0,118.32590180780451,0.7292784259733947,0.9803536345776032,0.8003207698476343,0.8957375058578193,43.29885497651073,29.625815007059316,1.4615245172560947,7118.545,938.5732,8680.6,590.9324,997.98474,12.046293,7.104308e+06,0.02284839376807213,0.011064181104302406,1.6888307,5824.7305,1161.634,8254.6,3754.2854,2068.8442,1.5514884,5.813081e+06,0.017855623736977577,0.01180150918662548,0.55106205,2594.481,372.92493,3316.3,1952.2924,1476.9647,1.3289407,2.589292e+06,0.010816534049808979,0.01442097220569849,0.75652844,2520.453,507.87766,3708.75,1241.8042,747.81714,2.0296702,2.515412e+06,0.009815997444093227,0.013396774418652058,0.6022021,629.2886,613.9724,1196.4,444.64072,545.7978,1.4152743,628030.0,0.0425301268696785,0.03434223309159279,1.227503
DMSO,1002.0,135.19595949289334,0.9177803503960102,0.9616122840690979,0.5566666666666666,0.6888904446703474,56.847852495633354,22.573625010822166,2.5183306831924233,6939.7964,1257.3945,8948.9,674.4075,1068.7173,10.290213,6.953676e+06,0.022482002153992653,0.011544152162969112,1.5846759,5056.506,1127.2876,7378.9,3024.5996,2763.2007,1.6717935,5.066619e+06,0.015450503677129745,0.01159223448485136,0.9135757,2271.7795,353.6089,2779.8,1590.8596,1642.0,1.4280201,2.276323e+06,0.005844541825354099,0.008835230953991413,1.0321463,2418.3513,378.96667,2901.7,1459.8264,1358.0004,1.656602,2.423188e+06,0.007553391624242067,0.014507871121168137,0.93024784,544.3653,88.556496,683.95,394.10162,324.68372,1.3812815,545454.0,0.005873434245586395,0.010599760338664055,0.82385784
DMSO,1088.0,135.29646455628165,0.8840880413744308,0.968833481745325,0.6464646464646465,0.7469058535846447,54.64771175910232,25.53798928128968,2.139859609038985,9000.379,1725.2474,11569.0,657.27704,723.70166,13.693433,9.792412e+06,0.026268919929862022,0.013250869698822498,1.1010603,6615.9062,1404.2999,9327.2,4156.682,3229.8635,1.5916315,7.198106e+06,0.018492860719561577,0.013902807608246803,0.7770292,3186.6333,596.3767,4189.65,2368.258,2173.5464,1.34556,3.467057e+06,0.014371267519891262,0.018183041363954544,0.9177827,3893.2324,860.1234,5966.9,1935.4962,1469.2933,2.0114906,4.235837e+06,0.012722477316856384,0.01734086498618126,0.75913006,794.5358,129.0179,963.65,635.4606,402.82935,1.2503307,864455.0,0.01337680034339428,0.014822562225162983,0.63391715
DMSO,572.0,87.59797974644667,0.33207389710799606,0.9645868465430016,0.7857142857142857,0.9367370811964998,27.813750903900587,26.235414373336912,1.0601605337008795,10938.712,4187.46,17339.3,951.18866,761.53125,11.500045,6.256943e+06,0.0525972954928875,0.015072433277964592,0.8006101,20748.975,3446.4307,26418.15,8010.0674,6076.7144,2.590362,1.1868413e+07,0.012673904187977314,0.019214367493987083,0.7586346,9890.425,2268.438,14152.25,3574.7214,2518.2983,2.766768,5.657323e+06,0.02169436402618885,0.015308152884244919,0.70447403,9136.9795,2939.188,14455.0,3362.6228,1914.8961,2.7172182,5.226352e+06,0.02186666801571846,0.013610614463686943,0.56946504,2741.7605,619.1184,3950.9,1102.3414,758.5829,2.4872153,1.568287e+06,0.02225109189748764,0.020264865830540657,0.688156
DMSO,1221.0,133.29646455628165,0.7513447581450946,0.9705882352941176,0.7115384615384616,0.8635515470713625,48.5799553583718,32.05839268344101,1.5153584223037049,9201.616,2411.452,13623.0,750.90765,753.95514,12.253992,1.1235173e+07,0.028821194544434547,0.014152293093502522,1.0040584,6800.4995,2071.712,10831.0,5537.833,4113.5425,1.2280073,8.30341e+06,0.018923316150903702,0.012069709599018097,0.74280727,3292.2424,1219.704,5743.0,3148.5977,2870.6814,1.0456219,4.019828e+06,0.01292707584798336,0.012443659827113152,0.9117333,4186.9927,1311.8652,6335.0,2743.603,1957.4199,1.5260928,5.112318e+06,0.018114987760782242,0.016163919121026993,0.71344864,823.0434,266.82275,1374.0,904.95013,969.94995,0.90949035,1.004936e+06,0.01329356711357832,0.015022249892354012,1.0718269
DMSO,857.0,131.095454429505,0.9424233515332696,0.955406911928651,0.46374458874458874,0.6266361124883761,57.459538112695554,19.215746747278416,2.9902318587141936,8279.325,1528.7119,10772.0,628.13934,689.8681,13.180715,7.095382e+06,0.030266381800174713,0.012826874852180481,1.0982724,6224.734,1036.7953,8299.8,3764.0593,2598.9893,1.653729,5.334597e+06,0.016649333760142326,0.013982772827148438,0.6904751,2949.9497,450.20386,3776.0,1975.8169,1505.4929,1.4930279,2.528107e+06,0.008271711878478527,0.013715789653360844,0.76195973,3844.6008,885.75714,6024.4,1936.0757,1253.7683,1.9857699,3.294823e+06,0.018266279250383377,0.016733994707465172,0.6475823,772.9872,106.245,949.4,597.8836,350.37665,1.2928723,662450.0,0.009524594992399216,0.016622550785541534,0.5860282
DMSO,820.0,106.66904755831213,0.6476958664321611,0.9750297265160524,0.7915057915057915,0.9056218282018945,37.196522416168534,28.339992705230642,1.3125099502690862,7573.633,965.16077,9169.05,970.5166,903.8724,7.803713,6.210379e+06,0.027868883684277534,0.015507727861404419,0.93133116,6675.71,1436.6501,9663.8,6334.938,3292.092,1.0537925,5.474082e+06,0.01992376521229744,0.023676076903939247,0.51967233,3237.555,670.8517,4617.7,3508.1218,2543.1436,0.92287415,2.654795e+06,0.01066016685217619,0.022175701335072517,0.7249302,3757.923,425.92886,4347.15,2791.1501,1833.114,1.3463708,3.081497e+06,0.010121849365532398,0.020553210750222206,0.6567594,791.79266,154.42105,1081.4,803.46246,409.46158,0.9854756,649270.0,0.01073386985808611,0.017709922045469284,0.50962126
DMSO,1039.0,126.32590180780451,0.843548380647108,0.9683131407269339,0.7853363567649282,0.8181644349836383,49.72950257512767,26.707388023719556,1.8620129580235083,9422.088,1971.6919,12154.1,797.7135,703.2942,11.811368,9.789549e+06,0.028519541025161743,0.01521545834839344,0.8816376,7320.3794,1625.4606,10356.4,5562.9766,2279.988,1.3159106,7.605874e+06,0.019427988678216934,0.01572466641664505,0.4098504,3699.5737,674.8901,4857.8,3063.303,1732.9089,1.2077074,3.843857e+06,0.011850793845951557,0.01674463413655758,0.5656995,4212.668,1151.7634,6492.9,2186.0076,1140.9276,1.9271059,4.376962e+06,0.01870025135576725,0.017730994150042534,0.521923,955.9336,165.26082,1257.0,855.4367,380.25125,1.1174802,993215.0,0.010896163061261177,0.018556680530309677,0.44451126
DMSO,1218.0,145.63961030678928,0.798862910418628,0.9319051262433052,0.7024221453287197,0.721602677374829,51.40829223432969,30.922762974732088,1.6624740899232369,10291.333,2614.5771,13408.25,889.99713,628.30316,11.563333,1.2534844e+07,0.03506383299827576,0.017762264236807823,0.70596087,9285.226,2350.3286,13928.9,7164.956,5539.5312,1.2959222,1.1309405e+07,0.02362898364663124,0.020605454221367836,0.7731424,4563.988,1331.8745,7244.45,3875.2773,3531.0405,1.177719,5.558937e+06,0.02010054886341095,0.021177010610699654,0.9111711,4734.6,1147.5747,6845.75,3138.864,2684.1387,1.5083802,5.766743e+06,0.017426708713173866,0.022509338334202766,0.8551306,1162.9746,260.12222,1689.15,1002.2312,534.2128,1.1603856,1.416503e+06,0.015099229291081429,0.019633520394563675,0.53302354
DMSO,1198.0,142.71067811865476,0.8061624753336328,0.9359375,0.7729032258064517,0.739186016425378,51.57680866092063,30.517700153977433,1.6900621082417484,11794.489,4174.4873,18799.35,988.988,598.5776,11.925817,1.4129798e+07,0.043458662927150726,0.01431720145046711,0.60524255,16855.652,4868.993,24835.4,9641.513,7396.8877,1.7482374,2.0193072e+07,0.02810758724808693,0.024207504466176033,0.7671916,8732.773,3140.883,14737.95,5089.808,4766.516,1.7157372,1.0461863e+07,0.02817850187420845,0.022541074082255363,0.9364825,8136.3564,2883.1396,14494.15,4172.3945,3380.433,1.9500449,9.747355e+06,0.020127523690462112,0.01917163096368313,0.8101902,2101.3113,480.52313,2974.1,1299.6803,746.94916,1.6167909,2.517371e+06,0.023807963356375694,0.02140647917985916,0.57471764
DMSO,984.0,117.91168824543142,0.5879554089366742,0.9647058823529412,0.7884615384615384,0.8893879627501329,39.44288854477132,31.9050898933773,1.2362569319373296,17464.566,11370.86,39909.35,772.21,767.72034,22.616343,1.7185134e+07,0.032095327973365784,0.0074776350520551205,0.9941859,17308.568,12277.9,43028.3,1854.674,2408.4219,9.332405,1.7031632e+07,0.026747072115540504,0.0072808293625712395,1.2985688,13514.374,10530.197,36400.2,993.099,1281.2513,13.608285,1.3298144e+07,0.02638407237827778,0.006822510156780481,1.2901547,5723.6045,3645.2234,12732.8,1171.9369,1140.1653,4.8838844,5.632027e+06,0.01848081313073635,0.004516621120274067,0.97288966,3373.619,2100.7336,7593.55,604.3784,359.18716,5.5819645,3.319641e+06,0.022975880652666092,0.010003062896430492,0.5943084
DMSO,849.0,110.91168824543142,0.7692540197589652,0.9691780821917808,0.7506631299734748,0.8672871710368443,41.20671431877252,26.328744757296597,1.565084651722818,8549.56,1827.6935,11631.4,898.5763,801.29767,9.514562,7.258576e+06,0.026273924857378006,0.013601204380393028,0.8917414,7541.4536,2189.3823,11593.8,6019.619,3516.816,1.2528124,6.402694e+06,0.022084521129727364,0.016214044764637947,0.58422565,3374.503,998.45935,5003.6,3014.8657,2637.1213,1.119288,2.864953e+06,0.014555529691278934,0.0190090574324131,0.8747061,3891.2097,1101.2303,5056.8,2785.177,1873.0063,1.3971139,3.303637e+06,0.01696448214352131,0.01875200681388378,0.67249095,1127.4146,274.08734,1658.0,1122.4282,714.3486,1.0044425,957175.0,0.01933814026415348,0.032046329230070114,0.6364314
DMSO,973.0,117.39696961966999,0.7404123044336588,0.9749498997995992,0.7473118279569892,0.8871742563646176,42.975141107333485,28.885868870954237,1.4877565670370576,7471.522,1319.3098,9720.4,986.21497,1021.77344,7.575957,7.269791e+06,0.02250494249165058,0.013621266931295395,1.0360554,6858.1387,1947.9417,11219.0,5663.695,2438.2595,1.2108948,6.672969e+06,0.01865694485604763,0.015963934361934662,0.43050686,3340.6958,988.72705,5668.0,2942.9595,1682.0508,1.1351484,3.250497e+06,0.015506871044635773,0.01921417936682701,0.5715508,4139.839,1189.3579,7110.8,2558.371,1082.9094,1.6181542,4.028063e+06,0.019404342398047447,0.021290311589837074,0.42328084,990.79956,230.7711,1449.2,929.7354,490.4623,1.0656791,964048.0,0.017601463943719864,0.02953360788524151,0.52752894
DMSO,963.0,117.7401153701776,0.723851569223431,0.9678391959798995,0.7642857142857142,0.8729457141530966,42.25128038451924,29.151512890079413,1.4493683584736978,8995.261,1814.7211,11494.2,760.434,771.58624,11.829114,8.662436e+06,0.027473649010062218,0.013386262580752373,1.0146656,8318.6,1953.534,11690.0,5268.168,3151.295,1.5790309,8.010811e+06,0.023040780797600746,0.01699839159846306,0.5981766,3791.2493,958.9594,5583.4,2705.578,2079.3223,1.4012716,3.650973e+06,0.017296191304922104,0.020119953900575638,0.7685317,4785.8887,1295.533,7526.8,2145.0542,1276.9438,2.2311273,4.608811e+06,0.019230946898460388,0.01787509210407734,0.5952968,1058.4517,275.1242,1535.1,827.85394,446.5652,1.2785488,1.019289e+06,0.020765701308846474,0.020750267431139946,0.5394251
DMSO,1370.0,148.5685424949238,0.8740047324472892,0.9716312056737588,0.8007013442431327,0.779967857125146,60.1569840914448,29.231325799048815,2.0579629027090625,10204.339,2805.4639,14936.55,794.0439,601.0974,12.851102,1.3979944e+07,0.04178764671087265,0.013895264826714993,0.7570078,9625.247,2565.5889,14689.6,5447.4634,4271.298,1.7669227,1.3186588e+07,0.02647760510444641,0.014734573662281036,0.7840893,4671.9927,1080.432,6544.55,2982.6333,2573.885,1.5663986,6.40063e+06,0.01747814565896988,0.01552968192845583,0.86295724,5434.027,879.5316,7068.95,2168.1235,1238.7667,2.5063272,7.444617e+06,0.02289275825023651,0.015459579415619373,0.5713543,1288.6029,268.47614,1734.0,927.4924,498.2759,1.3893408,1.765386e+06,0.016665495932102203,0.018767908215522766,0.5372291
DMSO,923.0,113.39696961966999,0.42769014692710655,0.9695378151260504,0.733704292527822,0.9020044237613194,36.19975998653888,32.721882715085925,1.106285976932786,7377.57,1109.864,9069.0,904.852,894.2562,8.153344,6.809497e+06,0.022555237635970116,0.011348596774041653,0.9882901,6745.32,1339.2898,9733.9,5474.054,1994.1794,1.2322347,6.22593e+06,0.018878672271966934,0.010884960182011127,0.36429662,3108.8472,497.24786,3913.3,2952.738,1603.0507,1.0528693,2.869466e+06,0.01360278483480215,0.016894660890102386,0.5429031,3736.324,742.5798,4363.1,2554.9805,1588.0819,1.4623688,3.448627e+06,0.015252375975251198,0.018321195617318153,0.62156326,1011.3478,131.36649,1195.8,993.9801,408.13977,1.0174729,933474.0,0.01350703090429306,0.023203466087579727,0.4106116
DMSO,818.0,108.5685424949238,0.7804125302592819,0.9761336515513126,0.7303571428571428,0.8720776423852854,40.916639048665715,25.58374108416314,1.5993219644485048,8316.236,1610.3818,11104.1,838.8196,795.48615,9.914213,6.802681e+06,0.029109053313732147,0.011779513210058212,0.94834,8777.399,2298.36,12784.5,4757.719,3376.3005,1.8448755,7.179913e+06,0.02626601606607437,0.016926607117056847,0.7096469,4180.3496,1419.7697,7440.5,2378.0017,2149.9763,1.7579254,3.419526e+06,0.01716790907084942,0.018445545807480812,0.9041105,4620.9473,1943.7924,9675.65,2015.824,1335.0908,2.2923367,3.779935e+06,0.019523082301020622,0.01598561927676201,0.66230524,1431.2286,389.83966,2098.45,973.97736,603.66693,1.4694681,1.170745e+06,0.027064912021160126,0.030655814334750175,0.6197957
DMSO,1102.0,135.6812408671319,0.8773169852169629,0.9574283231972198,0.5695090439276486,0.7522320703850909,54.52587266867207,26.16758536634886,2.083718153788525,6500.2905,1034.971,7908.55,920.4831,1049.3237,7.061825,7.16332e+06,0.020546285435557365,0.010843444615602493,1.1399707,5569.2144,1125.0675,7766.85,4385.947,1901.2972,1.2697861,6.137274e+06,0.015155136585235596,0.008951282128691673,0.43349758,2455.4856,367.31674,3208.35,2171.5752,1241.1453,1.1307393,2.705945e+06,0.010188383981585503,0.011689847335219383,0.5715415,2973.472,364.87396,3584.85,2184.3105,1186.0999,1.3612863,3.276766e+06,0.0066979932598769665,0.014592241495847702,0.5430088,774.1815,224.8146,996.8,727.3601,335.05185,1.0643717,853148.0,0.020264919847249985,0.0170290470123291,0.46064094
DMSO,794.0,109.98275605729688,0.8114827723844166,0.9543269230769231,0.6786324786324787,0.8248617581555902,41.83124786896493,24.445191647969292,1.7112260141531732,7916.9585,1891.9946,11180.3,879.7871,967.8973,8.998721,6.286065e+06,0.022446047514677048,0.011074230074882507,1.1001494,7487.8486,1953.1577,11564.45,4317.6494,2517.0596,1.734242,5.945352e+06,0.02065323479473591,0.009102759882807732,0.5829699,3355.8665,1020.8037,5972.8,2295.9485,1574.9952,1.4616472,2.664558e+06,0.012488443404436111,0.011338450014591217,0.6859889,4587.4395,1316.4855,7942.2,2300.143,1501.1183,1.9944148,3.642427e+06,0.01797068864107132,0.012681270018219948,0.65261954,1032.5566,213.74467,1476.1,843.5578,459.29404,1.2240497,819850.0,0.013833056204020977,0.018155016005039215,0.5444725
DMSO,753.0,102.91168824543142,0.4949661287495536,0.9592356687898089,0.7590725806451613,0.8934606596958504,33.385221552284634,29.0088286133667,1.1508641730159823,8201.055,1700.2578,11243.4,856.2013,816.14404,9.578419,6.175394e+06,0.02736843377351761,0.013345813378691673,0.9532151,7695.4995,2552.5757,12865.4,5471.713,5154.08,1.4064151,5.794711e+06,0.02119724079966545,0.015579561702907085,0.94195,3629.4463,1670.0544,7494.8,2749.9824,3297.3748,1.319807,2.732973e+06,0.014308428391814232,0.015924300998449326,1.199053,4500.817,1262.2223,6944.4,2801.1743,2382.056,1.6067607,3.389115e+06,0.012945272959768772,0.018531164154410362,0.8503776,967.842,244.8341,1482.4,961.7083,805.6722,1.0063779,728785.0,0.009441625326871872,0.018296927213668823,0.8377511
DMSO,1108.0,123.63961030678928,0.6881316416640337,0.9805309734513274,0.7506775067750677,0.9108237978996251,44.1036760798464,32.00100384419609,1.3781966432857802,10450.612,2402.5662,13512.65,773.1833,452.27194,13.516345,1.1579278e+07,0.031498704105615616,0.01518523134291172,0.5849479,7598.516,1290.2021,10211.5,5302.201,3327.3423,1.4330871,8.419156e+06,0.021209193393588066,0.015136804431676865,0.6275398,3928.0857,1062.9911,6413.3,2864.2751,2105.5034,1.3714066,4.352319e+06,0.017354652285575867,0.016793914139270782,0.7350912,3736.323,473.48016,4338.2,2102.7795,1560.8876,1.7768496,4.139846e+06,0.01189814880490303,0.01794326864182949,0.7422973,1118.1588,187.84099,1501.65,949.592,391.1269,1.177515,1.23892e+06,0.015589228831231594,0.015752827748656273,0.41188943
DMSO,690.0,103.49747468305833,0.7905384141191824,0.9491059147180193,0.6764705882352942,0.8094675591317249,38.5925631696014,23.634566379473,1.6328864490240727,7410.449,1067.7789,9088.45,816.7532,865.63916,9.073058,5.11321e+06,0.025936594232916832,0.011278096586465836,1.059854,6523.2495,909.058,8199.35,5615.028,3194.657,1.1617484,4.501042e+06,0.01770078018307686,0.01609785668551922,0.5689477,3190.3914,519.64716,4223.85,2785.5068,2258.6716,1.145354,2.20137e+06,0.012632045894861221,0.017981771379709244,0.8108656,3711.1304,445.2125,4516.3,2212.4583,1453.6532,1.6773787,2.56068e+06,0.010060214437544346,0.019444013014435768,0.6570308,784.9536,79.49748,898.0,708.11743,410.28488,1.1085076,541618.0,0.009325327351689339,0.019062884151935577,0.5794023
DMSO,1294.0,136.12489168102783,0.7466747497262028,0.9780801209372638,0.7188888888888889,0.8775442926056036,49.89313572892491,33.18838052862372,1.5033314351055478,11401.835,3257.853,16252.75,789.7725,435.80807,14.436859,1.4753975e+07,0.03453110158443451,0.015334133058786392,0.5518147,8542.96,1722.3132,11829.9,6028.787,4023.2454,1.417028,1.105459e+07,0.023552559316158295,0.016713621094822884,0.6673391,4390.585,1445.7218,7472.95,3401.187,2845.2808,1.2908978,5.681417e+06,0.017936430871486664,0.015300722792744637,0.83655524,4576.112,788.0616,5580.75,2366.0576,1456.3483,1.934066,5.921489e+06,0.01565888524055481,0.0153607577085495,0.61551684,1210.1415,206.45317,1649.0,1005.3651,514.5281,1.2036836,1.565923e+06,0.013513639569282532,0.01629018597304821,0.5117823
DMSO,688.0,102.32590180780451,0.8091122826527081,0.9622377622377623,0.6825396825396826,0.8257092325654068,38.681691961696224,22.731453981473965,1.7016813791683378,7415.7095,1520.5544,10046.45,923.8495,950.5471,8.026967,5.102008e+06,0.023116379976272583,0.011308982968330383,1.0288982,8131.705,2439.5977,13322.0,6115.7954,3015.329,1.3296235,5.594613e+06,0.02053128555417061,0.014039034023880959,0.49303958,4154.8765,1696.2378,8099.2,3230.2559,2372.383,1.2862376,2.858555e+06,0.01555311493575573,0.017638128250837326,0.7344257,4743.003,1296.2051,7586.0,2607.423,1531.2012,1.8190385,3.263186e+06,0.01741308718919754,0.0189149621874094,0.5872469,995.42444,268.63132,1573.55,824.0088,502.86954,1.2080265,684852.0,0.013414624147117138,0.01903904229402542,0.61027205
DMSO,1138.0,129.9827560572969,0.8116155262931019,0.9743150684931506,0.7741496598639456,0.8464097231987007,49.8686689279634,29.132875074477656,1.7117661336368302,10988.889,2869.6267,14614.75,787.1693,404.88757,13.960007,1.2505355e+07,0.03790578991174698,0.016905508935451508,0.51435894,8709.099,1404.198,11455.2,6183.442,2829.8237,1.4084548,9.910954e+06,0.024066774174571037,0.01610456220805645,0.4576454,4572.1978,1163.2142,7131.15,3324.576,2130.029,1.3752725,5.203161e+06,0.019985824823379517,0.01815028302371502,0.64069194,4350.498,784.31055,6096.2,2773.9941,1323.0265,1.5683155,4.950867e+06,0.013076097704470158,0.019716989248991013,0.47693917,1199.6248,184.91316,1525.75,935.49493,355.71646,1.2823423,1.365173e+06,0.01847718469798565,0.018014907836914062,0.38024414
DMSO,672.0,99.01219330881976,0.7703624193352218,0.9627507163323782,0.7777777777777778,0.8613938662358595,36.909546880630025,23.533758147307505,1.5683660318763344,7317.564,1023.10895,8814.2,835.1414,929.67535,8.762066,4.917403e+06,0.023378442972898483,0.01121878158301115,1.1131952,6770.5967,1695.5212,10298.4,5180.171,1644.5526,1.3070219,4.549841e+06,0.017057763412594795,0.011463604867458344,0.31747073,3380.1636,811.5907,4907.6,2590.0364,1201.2573,1.3050641,2.27147e+06,0.012735319323837757,0.012949872761964798,0.46379942,3927.674,991.2919,5827.25,2143.3042,680.2217,1.8325323,2.639397e+06,0.016962502151727676,0.012797360308468342,0.31737056,809.68896,159.48477,1067.45,683.2581,317.65155,1.1850411,544111.0,0.011793304234743118,0.018734589219093323,0.4649071
DMSO,748.0,102.08326112068524,0.6517601240256264,0.9714285714285714,0.763265306122449,0.9019913879801195,35.659763757513645,27.0452624426259,1.3185216387958014,7558.4517,1256.2426,9522.6,883.1771,875.3764,8.558251,5.653722e+06,0.022446850314736366,0.01043382566422224,0.9911674,7303.893,1605.4689,10469.5,5687.1934,3217.6704,1.2842702,5.463312e+06,0.019548840820789337,0.01206245832145214,0.56577474,3675.2742,1092.4858,5884.3,2819.5234,2362.8423,1.303509,2.749105e+06,0.013808304443955421,0.015644626691937447,0.83802897,4283.2085,546.60895,5285.55,2762.4036,1643.5011,1.5505369,3.20384e+06,0.010397147387266159,0.01899215206503868,0.5949533,949.5749,152.1857,1175.0,753.09015,429.63934,1.2609047,710282.0,0.01287224143743515,0.017549661919474602,0.57050186
DMSO,1103.0,131.88225099390854,0.8516515644843573,0.972663139329806,0.6821273964131107,0.7969162343599797,51.799913061462696,27.148769444126714,1.908002245481846,9872.287,2186.292,13008.1,669.5561,548.40784,14.744526,1.0889133e+07,0.032008517533540726,0.014429285190999508,0.8190618,8438.071,1794.0273,11855.9,5237.7593,3780.1287,1.6110078,9.307193e+06,0.0248239878565073,0.018080856651067734,0.7217072,3879.0073,1000.4983,6304.2,2849.645,2283.1897,1.3612248,4.278545e+06,0.013517603278160095,0.01331463921815157,0.801219,4722.1304,923.81244,5984.2,2264.2883,1574.9314,2.085481,5.20851e+06,0.01768212392926216,0.01634952984750271,0.69555247,1239.2919,231.77724,1675.8,929.8723,576.5408,1.3327549,1.366939e+06,0.015049729496240616,0.019844630733132362,0.62002146
DMSO,806.0,104.08326112068524,0.46413944698850446,0.9734299516908212,0.7878787878787878,0.934938671703322,34.04515195346683,30.155906748782655,1.1289712571763797,24116.254,20706.49,65149.0,787.95233,711.6303,30.606236,1.94377e+07,0.03733024746179581,0.007326523307710886,0.90313876,49695.645,13869.75,65040.75,5104.314,7184.749,9.736009,4.005469e+07,0.02632768824696541,0.024846529588103294,1.4075837,21131.107,5343.801,30810.75,2761.5957,3420.4998,7.6517744,1.7031672e+07,0.024189885705709457,0.01860332302749157,1.2385954,14830.671,2537.4539,18189.75,3209.1775,2896.9326,4.6213307,1.1953521e+07,0.025274742394685745,0.018715016543865204,0.9027025,4612.768,1193.6826,6301.75,907.96027,654.7478,5.0803633,3.717891e+06,0.026792695745825768,0.016554569825530052,0.72111946
DMSO,1144.0,131.88225099390854,0.8313032384652667,0.9752770673486786,0.6908212560386473,0.8265386873144305,51.205827410288784,28.461179383800097,1.7991463642379761,10660.014,2802.8267,14831.5,784.58295,477.9709,13.586854,1.2195056e+07,0.03203053027391434,0.01541582215577364,0.60920376,8555.684,1628.296,11711.55,6087.435,3055.2092,1.4054661,9.787702e+06,0.02335980534553528,0.017032109200954437,0.5018878,4385.822,1033.7856,6680.55,3346.4983,2172.3826,1.3105705,5.01738e+06,0.01581208035349846,0.015446881763637066,0.64915097,4501.639,873.29156,5894.9,2701.5203,1499.482,1.6663355,5.149875e+06,0.014971370808780193,0.01907241716980934,0.5550512,1324.4869,223.49512,1729.65,1129.8594,530.6105,1.1722583,1.515213e+06,0.01622774451971054,0.021450433880090714,0.46962523
DMSO,1075.0,124.46803743153546,0.6732051227815474,0.9658580413297394,0.7072368421052632,0.8719722112241972,43.12919116358641,31.892130045079217,1.3523458954489311,9897.11,2171.211,12813.6,848.7516,522.1697,11.660786,1.0639394e+07,0.031642843037843704,0.01529226079583168,0.61522084,7515.218,1523.9236,10477.6,6436.1787,2620.6392,1.1676521,8.078859e+06,0.022448431700468063,0.017573440447449684,0.40717316,3843.3079,971.0069,5633.9,3482.828,2056.4636,1.103502,4.131556e+06,0.01612546294927597,0.01800203137099743,0.59045804,3740.146,535.1187,4367.2,2647.4736,1144.7942,1.4127227,4.020657e+06,0.009708667173981667,0.017745105549693108,0.43241003,1106.3228,198.04735,1513.6,1028.7316,418.1526,1.0754241,1.189297e+06,0.01398937776684761,0.019091153517365456,0.40647396
DMSO,948.0,112.56854249492379,0.5092024489645354,0.9793388429752066,0.7764127764127764,0.9401217825056792,37.52704765124651,32.29753241969128,1.1619168660812886,7233.152,935.6107,8551.6,753.99554,962.8359,9.593097,6.857028e+06,0.019073039293289185,0.011075058951973915,1.2769783,6246.831,1094.322,8626.55,5489.7466,1900.6753,1.1379088,5.921996e+06,0.015295460820198059,0.01388300210237503,0.3462228,3061.1235,564.6114,4322.15,2945.3708,1606.8086,1.0392998,2.901945e+06,0.013195992447435856,0.017569685354828835,0.54553694,3195.3872,583.096,4570.35,1923.7358,787.81024,1.6610322,3.029227e+06,0.01137264259159565,0.01440370175987482,0.409521,633.94727,96.29983,810.0,561.45013,228.88765,1.1291248,600982.0,0.008586318232119083,0.014792236499488354,0.40767226
DMSO,1140.0,124.46803743153546,0.5305511887263983,0.9768637532133676,0.7514831905075807,0.9246961123679859,41.423301767484496,35.1125818038973,1.1797281669241064,11938.766,3459.683,16517.05,836.96967,412.82465,14.264276,1.3610193e+07,0.04048635810613632,0.016489481553435326,0.4932373,10632.673,2543.9468,15355.4,6768.249,3286.6777,1.5709636,1.2121247e+07,0.02646956592798233,0.01684247888624668,0.48560238,5287.349,1558.973,8303.3,3710.0034,2359.2417,1.4251602,6.027578e+06,0.01901310309767723,0.015432520769536495,0.6359136,4833.739,1295.0908,7536.15,2102.3008,912.3416,2.2992613,5.510462e+06,0.02514299564063549,0.01554346363991499,0.43397292,1427.9097,273.02228,1910.05,1094.847,416.5512,1.3042092,1.627817e+06,0.013352484442293644,0.015835627913475037,0.3804652
DMSO,1004.0,118.22539674441617,0.6157726385642464,0.9728682170542635,0.733382030679328,0.9026554665442871,40.367485520961715,31.806506250983944,1.269158115085744,7503.719,888.2429,8869.8,860.1061,775.4205,8.724179,7.533734e+06,0.025914158672094345,0.012175350449979305,0.9015405,7935.661,1939.9065,11734.1,5679.033,2957.174,1.3973613,7.967404e+06,0.030885916203260422,0.015574353747069836,0.52071786,4031.0676,934.375,5765.95,3324.031,2162.4646,1.2127045,4.047192e+06,0.023242084309458733,0.020798925310373306,0.6505549,4267.0835,769.73395,6005.9,2499.8867,1332.6558,1.7069107,4.284152e+06,0.020344218239188194,0.019081465899944305,0.5330865,1962.0089,2615.3384,4864.3,2046.0518,3195.9114,0.95892435,1.969857e+06,0.038958799093961716,0.03774971142411232,1.5619895
DMSO,1260.0,134.8111831820431,0.7691054658601137,0.974477958236659,0.7792207792207793,0.8712214680453633,50.1263603936311,32.03685388407153,1.5646467838264708,9788.964,1984.5992,12315.05,775.09375,565.9337,12.629394,1.2334095e+07,0.029520146548748016,0.014385541900992393,0.73014873,8089.274,1653.021,11489.4,5522.957,2999.2495,1.4646635,1.0192485e+07,0.02026500552892685,0.013575824908912182,0.5430514,4116.961,1097.0782,6477.85,2939.8486,2005.6907,1.400399,5.187371e+06,0.013581299223005772,0.012941988185048103,0.6822428,4657.476,995.94446,6955.3,2399.1663,1375.254,1.9412894,5.86842e+06,0.016091670840978622,0.014462235383689404,0.5732216,1205.6317,206.69003,1611.3,920.39856,461.3513,1.3099018,1.519096e+06,0.014097479172050953,0.018482768908143044,0.50125164
DMSO,1070.0,121.39696961966999,0.6067601536425599,0.9744990892531876,0.7675753228120517,0.9123846081816714,41.47371754363462,32.96683473641103,1.258043663434511,8941.9,1551.6011,11081.0,726.8202,575.27094,12.302769,9.567833e+06,0.027725007385015488,0.012895445339381695,0.79149,7627.7495,1455.9182,10438.7,5070.918,2855.312,1.5042148,8.161692e+06,0.019697410985827446,0.01056545227766037,0.56307596,3763.7112,782.7856,5213.15,2748.19,1871.4707,1.3695236,4.027171e+06,0.017046982422471046,0.014309197664260864,0.680983,4032.9224,726.93604,5688.0,2422.8618,1012.33716,1.6645284,4.315227e+06,0.016969269141554832,0.017872391268610954,0.41782704,1011.9056,241.27306,1401.0,832.4547,504.85995,1.2155683,1.082739e+06,0.02149195782840252,0.02325027994811535,0.60647136
DMSO,868.0,114.8111831820431,0.8346031753415435,0.9752808988764045,0.6960705693664796,0.8274870465182826,44.86340884266199,24.71308276125695,1.8153708008049483,8601.668,1588.8224,10825.25,905.8758,640.6379,9.495417,7.466248e+06,0.029482366517186165,0.0130630386993289,0.7072028,8844.653,1954.5182,12512.45,6817.0034,3149.289,1.29744,7.677159e+06,0.029568910598754883,0.022299733012914658,0.46197557,4434.909,1106.1816,6558.75,3488.6362,2182.7117,1.2712444,3.849501e+06,0.01568554900586605,0.018138516694307327,0.6256633,6111.894,1584.7759,9386.75,3332.0322,1625.4546,1.8342842,5.305124e+06,0.019444504752755165,0.017722144722938538,0.4878268,1293.1809,258.36108,1699.95,1099.7861,538.3794,1.1758476,1.122481e+06,0.0184684656560421,0.021222006529569626,0.48953098
DMSO,845.0,108.91168824543142,0.6749251572372572,0.9701492537313433,0.7667876588021778,0.8951948864505963,38.3467435340661,28.29553255634014,1.3552225411454146,8430.314,1645.6538,10913.0,1013.9196,762.6924,8.314579,7.123616e+06,0.027633624151349068,0.01416347548365593,0.75222176,8651.859,2111.8499,12694.8,6819.855,2627.0215,1.268628,7.310821e+06,0.025241078808903694,0.013274282217025757,0.38520196,3929.5503,1197.8125,6286.6,3338.3455,2122.886,1.1770952,3.32047e+06,0.017257794737815857,0.01600971259176731,0.6359096,4231.645,770.32935,5856.2,2948.7031,968.9011,1.4350868,3.57574e+06,0.015088927932083607,0.013254756107926369,0.3285855,1156.4426,288.22083,1663.4,983.24615,423.05106,1.1761476,977194.0,0.020378917455673218,0.019137965515255928,0.43025956
DMSO,1073.0,125.15432893255071,0.7671628271784608,0.9728014505893019,0.777536231884058,0.8608308728964632,46.24426462474322,29.663495075153072,1.558962101653309,8940.261,1658.9573,11376.6,717.9075,657.9367,12.453221,9.5929e+06,0.02681531198322773,0.012762310914695263,0.9164645,7163.485,1302.6681,9669.0,5194.686,2216.021,1.3790025,7.686419e+06,0.01663712039589882,0.010212068445980549,0.42659384,3463.3354,768.09406,4863.8,2672.813,1709.1323,1.2957642,3.716159e+06,0.015260791406035423,0.015842996537685394,0.6394508,4186.798,1124.5624,6343.0,2423.0295,1050.2938,1.7279186,4.492434e+06,0.024328744038939476,0.015010291710495949,0.43346307,963.10156,258.70996,1388.0,824.9539,527.1481,1.167461,1.033408e+06,0.020700329914689064,0.02375662699341774,0.63900304
DMSO,935.0,117.15432893255071,0.7974833913787109,0.9770114942528736,0.73046875,0.856061160352873,44.525215777560774,26.863883717947846,1.6574377794753978,7277.6216,1050.1954,9064.4,848.98456,1017.58563,8.572148,6.804576e+06,0.019039515405893326,0.011333889327943325,1.1985915,5907.257,1120.7122,8011.3,5088.759,2680.326,1.1608443,5.523285e+06,0.014666298404335976,0.012439402751624584,0.52671504,3031.7017,701.60144,4309.4,2928.5127,2178.2148,1.035236,2.834641e+06,0.01295319851487875,0.016896730288863182,0.7437956,3054.5732,279.28513,3591.0,2003.5039,946.98944,1.5246155,2.856026e+06,0.009666594676673412,0.01469521876424551,0.47266662,605.969,100.55315,766.3,596.75073,364.6073,1.0154474,566581.0,0.007227902300655842,0.014814136549830437,0.6109876
DMSO,865.0,108.08326112068524,0.4981877181863775,0.9740990990990991,0.7972350230414746,0.9304843900487676,35.86541687909139,31.097798318116734,1.1533104855914245,8450.215,1618.0302,11316.0,980.47534,734.3341,8.618488,7.309436e+06,0.028253329917788506,0.01359635405242443,0.7489572,7745.4106,1571.2861,10885.2,7265.758,3898.4583,1.0660155,6.69978e+06,0.021656397730112076,0.017661046236753464,0.5365522,3744.9202,1209.6095,6554.6,3630.8784,2907.6367,1.0314089,3.239356e+06,0.017209647223353386,0.020285436883568764,0.8008081,4230.8784,531.20856,5189.2,2826.9946,1380.6018,1.4965994,3.65971e+06,0.010165203362703323,0.014930571429431438,0.4883638,1030.6763,175.34239,1320.0,1030.7783,520.17004,0.999901,891535.0,0.01429795939475298,0.024047374725341797,0.50463814
DMSO,1383.0,146.5685424949238,0.8482973787053623,0.9753173483779972,0.8087719298245614,0.8090036961316421,57.697271453279406,30.551866092542426,1.8885023676954074,10505.71,2538.9668,14569.8,783.209,516.87915,13.413674,1.4529397e+07,0.03739096596837044,0.016239412128925323,0.6599505,8781.512,1608.9338,11878.3,6644.4404,3970.044,1.321633,1.2144831e+07,0.020181214436888695,0.0166325643658638,0.5974986,4843.953,1005.0233,6677.5,4219.2764,2724.5896,1.148053,6.699187e+06,0.01686106063425541,0.019446268677711487,0.6457481,4586.7944,856.34344,6380.0,2844.1948,1456.8757,1.6126864,6.343537e+06,0.017793044447898865,0.02382013015449047,0.51222783,969.9928,105.88422,1158.8,866.3093,303.0651,1.1196841,1.3415e+06,0.010722571052610874,0.0140853151679039,0.34983474
DMSO,732.0,98.9116882454314,0.5441469687191351,0.9721115537848606,0.7648902821316614,0.9402118401152494,33.38230908858291,28.00742064408495,1.1919094411728026,25836.438,21747.121,65149.0,829.2614,641.85675,31.155962,1.8912272e+07,0.04474884271621704,0.0071597169153392315,0.7740101,48460.73,12177.602,61276.3,6663.2524,7446.079,7.2728343,3.5473256e+07,0.022463008761405945,0.027762046083807945,1.1174842,20495.357,4108.722,26541.8,3247.2437,3531.4778,6.311617,1.5002601e+07,0.024026600643992424,0.024473128840327263,1.0875309,17632.26,3499.6482,23107.35,4228.662,3725.4084,4.1697016,1.2906814e+07,0.0178776066750288,0.02418200857937336,0.88098985,4695.899,1076.1581,5934.3,987.95325,774.9902,4.753159,3.437398e+06,0.02682938612997532,0.021945374086499214,0.7844401
DMSO,901.0,114.08326112068524,0.7821161728114969,0.9772234273318872,0.7945326278659612,0.8699430054471644,43.05816700833304,26.83094946089167,1.6047947565587972,8531.123,1523.5142,11074.0,880.4483,689.4862,9.689522,7.686542e+06,0.030613970011472702,0.013812785036861897,0.7831081,7966.717,1658.9885,11284.0,6505.8057,3154.835,1.224555,7.178012e+06,0.023025428876280785,0.01729333959519863,0.4849261,3909.6394,651.2893,5145.0,3438.603,2012.5275,1.1369848,3.522585e+06,0.014573476277291775,0.016659986227750778,0.58527476,4649.322,781.8636,6518.0,3054.7727,1811.6619,1.5219861,4.189039e+06,0.019624676555395126,0.026307741180062294,0.5930595,1473.5139,1203.1525,2559.0,1550.9702,1871.1266,0.9500595,1.327636e+06,0.03761396184563637,0.03862326964735985,1.2064233
DMSO,905.0,117.88225099390856,0.831641959228943,0.9658484525080042,0.6445868945868946,0.8183924284943809,45.72256653436788,25.390299513318002,1.800788781967104,9205.018,2046.5851,12427.4,840.20917,642.5841,10.9556265,8.330541e+06,0.027760274708271027,0.014372297562658787,0.76479065,7918.58,1260.0851,10535.2,6449.8164,2028.2411,1.2277218,7.166315e+06,0.01976069062948227,0.01751549169421196,0.31446493,3872.3215,735.68994,5428.4,3388.784,1692.0714,1.1426877,3.504451e+06,0.01941557042300701,0.023441987112164497,0.49931523,4522.4927,874.9074,6313.4,2826.685,1186.5487,1.599928,4.092856e+06,0.018827024847269058,0.024527842178940773,0.41976684,960.158,187.46336,1311.8,855.2482,337.71747,1.1226659,868943.0,0.017815224826335907,0.020641468465328217,0.39487654
DMSO,1056.0,124.71067811865476,0.8020783713595289,0.9768732654949122,0.676923076923077,0.8532307538546835,47.48116332901246,28.356643033111247,1.6744282203492866,9185.525,2163.2742,12683.5,806.3514,711.8012,11.391467,9.699915e+06,0.02494676597416401,0.011856443248689175,0.88274324,7777.843,1586.3696,10680.75,5175.0654,1995.8651,1.5029458,8.213402e+06,0.01900523155927658,0.01020957063883543,0.38566953,3879.3276,798.6164,5684.75,2939.697,1566.6577,1.3196352,4.09657e+06,0.01682242564857006,0.01675358973443508,0.5329317,4320.637,1088.0953,6890.5,2463.089,853.15784,1.7541538,4.562593e+06,0.01720614917576313,0.01791841723024845,0.34637716,925.25,196.64355,1230.0,853.28125,364.33035,1.0843436,977064.0,0.016101215034723282,0.019403424113988876,0.4269757
DMSO,1172.0,130.22539674441617,0.7288115821683576,0.9710024855012428,0.7493606138107417,0.8684525550885972,46.95020830855936,32.14747919076675,1.4604631370923844,8550.509,1734.8381,11239.45,759.99963,851.8908,11.250675,1.0021196e+07,0.0236726813018322,0.011774329468607903,1.1209095,7008.493,2082.7966,11282.9,5404.2974,3465.8027,1.2968371,8.213954e+06,0.014525615610182285,0.011338130570948124,0.64130497,3502.222,1419.7996,6403.15,3011.9243,2609.981,1.1627855,4.104604e+06,0.012061930261552334,0.013334106653928757,0.8665493,3896.9966,1213.4469,6818.85,2205.9578,1478.6714,1.7665781,4.56728e+06,0.014453605748713017,0.015226172283291817,0.6703081,759.96674,214.43895,1196.35,696.97095,559.5078,1.0903851,890681.0,0.009646687656641006,0.015421939082443714,0.8027706
DMSO,1222.0,131.88225099390857,0.7052621581737153,0.9752593774940144,0.7308612440191388,0.8828935978131413,46.98701799767423,33.31128687219192,1.4105434646806976,9458.4375,2199.5186,13099.95,897.96906,635.54425,10.533144,1.1558211e+07,0.03154411539435387,0.014748279005289078,0.7077574,7891.7847,1650.6366,11063.85,6954.289,1731.6779,1.1348083,9.643761e+06,0.022615822032094002,0.011688550934195518,0.24900861,4013.2095,882.43744,5914.4,4344.908,1432.0203,0.9236581,4.904142e+06,0.018057052046060562,0.01614277809858322,0.32958585,4357.613,1121.1566,6716.6,2874.9163,1129.2098,1.5157355,5.325003e+06,0.027440786361694336,0.022071463987231255,0.39278007,857.2692,157.31013,1114.95,891.0792,286.33585,0.96205723,1.047583e+06,0.011181151494383812,0.014800968579947948,0.321336
DMSO,1030.0,125.1543289325507,0.7770131930445348,0.9626168224299065,0.7152777777777778,0.8263334567412464,46.10967673580642,29.025318091921875,1.5886019436472374,8384.742,1392.0001,10234.1,742.5256,579.05096,11.292193,8.636284e+06,0.032412465661764145,0.01463292445987463,0.77983975,8908.096,2315.0935,13636.8,5661.5327,2640.5603,1.5734425,9.175339e+06,0.030515823513269424,0.015582705847918987,0.46640378,4780.0884,1246.9631,7156.25,3714.6978,1901.2579,1.2868041,4.923491e+06,0.02184484340250492,0.01845310628414154,0.5118204,4781.633,597.4267,5671.3,2457.1777,845.15234,1.9459857,4.925082e+06,0.011817097663879395,0.010102584958076477,0.34395248,1256.4398,274.32645,1817.65,1077.9279,421.42548,1.1656066,1.294133e+06,0.02582196705043316,0.027621924877166748,0.39095888
DMSO,916.0,116.81118318204308,0.827365021234839,0.9786324786324786,0.6887218045112782,0.8435998460904867,45.61392971075196,25.61972953441298,1.7804219849191747,9503.461,1955.9142,12094.5,776.0308,532.7206,12.246242,8.70517e+06,0.03130592033267021,0.014009225182235241,0.6864683,7448.917,1229.8552,9916.5,5158.292,2704.053,1.4440665,6.823208e+06,0.020501701161265373,0.01568685658276081,0.5242148,3560.2893,611.88495,4886.5,2442.6477,1732.9514,1.4575534,3.261225e+06,0.010517792776226997,0.01076572760939598,0.70945615,4910.643,738.68115,5975.0,2588.9536,1356.4651,1.8967675,4.498149e+06,0.01713951677083969,0.021097375079989433,0.52394336,1190.0535,202.24246,1592.75,999.0821,501.99698,1.1911469,1.090089e+06,0.014302405528724194,0.019274195656180382,0.5024582
DMSO,953.0,114.91168824543142,0.6265430819173603,0.9744376278118609,0.7882547559966915,0.9069312242363814,39.65226639066049,30.904452569473182,1.2830599830727378,11538.281,3451.6863,15621.8,1006.6279,518.2568,11.46231,1.0995982e+07,0.03423839434981346,0.01612861454486847,0.5148444,11386.182,2575.484,16843.8,8736.55,4504.072,1.3032813,1.0851031e+07,0.029505860060453415,0.017620068043470383,0.5155435,4958.661,1644.1427,8165.0,4420.69,3530.2048,1.121694,4.725604e+06,0.01859862357378006,0.01594485715031624,0.7985642,5203.0923,997.81964,6980.4,3441.906,2013.9175,1.5116892,4.958547e+06,0.012700972147285938,0.01582993194460869,0.5851169,1503.679,340.77112,2330.8,1213.9012,494.57697,1.238716,1.433006e+06,0.021617341786623,0.02028578892350197,0.40742767
DMSO,1327.0,147.78174593052023,0.8807138249537796,0.9743024963289281,0.6520884520884521,0.7635530225365856,59.838924941723334,28.342633273377903,2.111269068210742,8304.791,1471.4886,10409.6,840.9127,821.7441,9.875925,1.1020458e+07,0.025833498686552048,0.013231801800429821,0.977205,6541.517,1208.7175,8883.7,6016.341,2142.2651,1.0872916,8.680593e+06,0.016500094905495644,0.013829151168465614,0.35607442,3365.8396,775.44104,4818.0,3496.357,1815.04,0.9626705,4.466469e+06,0.016185594722628593,0.01850302703678608,0.5191232,4065.728,774.56885,5517.7,2576.038,1329.0018,1.5782872,5.395221e+06,0.021755484864115715,0.022367600351572037,0.51590925,822.2645,123.47988,1006.7,873.2825,390.33856,0.9415791,1.091145e+06,0.013051914982497692,0.020145470276474953,0.44697857
DMSO,797.0,109.9827560572969,0.8171698194284513,0.968408262454435,0.6731418918918919,0.8279783642947168,42.12299490077792,24.279567329338178,1.7349153849985894,7742.6836,1296.7657,10050.0,1177.4706,999.68085,6.5756917,6.170919e+06,0.02368323877453804,0.014593097381293774,0.84900707,5930.2095,1084.3584,8120.6,6281.1865,1959.5419,0.9441225,4.726377e+06,0.019651902839541435,0.015519830398261547,0.31197003,2675.4177,443.33282,3526.8,3246.272,1729.489,0.8241508,2.132308e+06,0.01187774259597063,0.019315320998430252,0.5327616,3755.5596,380.0919,4376.2,2986.843,1580.4875,1.2573676,2.993181e+06,0.00918363407254219,0.023621797561645508,0.52914983,873.0276,148.83954,1134.2,934.62463,373.4582,0.93409437,695803.0,0.015194372273981571,0.02128145657479763,0.39958096
DMSO,1152.0,132.3259018078045,0.8459885625320244,0.9795918367346939,0.8067226890756303,0.8267469821268323,52.46151898594392,27.972536631259178,1.8754651992239566,8902.925,1780.56,11460.5,860.8332,590.4725,10.342218,1.0256169e+07,0.030317505821585655,0.013288000598549843,0.6859313,7721.3457,1275.9879,10434.2,6996.5474,2181.4775,1.1035937,8.89499e+06,0.019524207338690758,0.013285822235047817,0.31179345,3906.7466,792.2095,5443.15,3949.2363,1882.8986,0.989241,4.500572e+06,0.016050470992922783,0.016920089721679688,0.47677535,4046.7473,825.2591,5213.8,2917.2783,1489.7053,1.3871653,4.661853e+06,0.015974026173353195,0.018725495785474777,0.510649,987.1762,130.50911,1243.45,955.94507,344.32346,1.0326704,1.137227e+06,0.014323380775749683,0.019560420885682106,0.36019167
DMSO,1227.0,144.95331880577402,0.7773871961551653,0.9330798479087452,0.607125185551707,0.7338344572011797,50.746641710840926,31.92077305202545,1.5897685694557742,10480.034,2526.0674,14065.2,760.2187,511.66043,13.785552,1.2859002e+07,0.039824943989515305,0.01667620800435543,0.6730437,9261.622,1990.1841,13331.5,6039.9424,3622.8914,1.5333958,1.136401e+07,0.027331968769431114,0.016589313745498657,0.59982216,4916.452,1277.51,7494.5,3899.6797,2585.7788,1.2607323,6.032487e+06,0.022757133468985558,0.017941389232873917,0.6630747,4768.8486,622.3067,5844.8,2388.5513,1285.163,1.9965444,5.851377e+06,0.011868936009705067,0.0138520747423172,0.53805125,1252.0847,199.68214,1639.7,1118.2748,512.29443,1.1196575,1.536308e+06,0.02062162756919861,0.030351124703884125,0.4581114
DMSO,1148.0,131.74011537017762,0.8362464153437601,0.9778534923339012,0.7917241379310345,0.831219404705798,51.674136134492045,28.335710930064238,1.82364000896359,10570.752,2581.5642,14162.1,600.85046,541.49615,17.592983,1.2135223e+07,0.03270629420876503,0.014517168514430523,0.90121615,7377.772,1464.0371,10100.65,5073.534,3520.82,1.4541682,8.469682e+06,0.015964452177286148,0.014040296897292137,0.6939581,3581.7249,995.68976,5524.8,2809.896,2484.9731,1.2746824,4.11182e+06,0.01044310349971056,0.012333274818956852,0.8843648,4868.486,1141.0917,7258.15,2458.6582,1588.5891,1.9801394,5.589022e+06,0.014218922704458237,0.015707336366176605,0.64612037,1032.3414,210.56474,1466.0,738.5908,506.91315,1.3977177,1.185128e+06,0.010885518975555897,0.014004640281200409,0.6863247
DMSO,981.0,122.29646455628166,0.762234035832724,0.9533527696793003,0.6619433198380567,0.8242350275834885,44.17359443607835,28.593635396389317,1.54487506830476,8450.421,1525.0663,10444.0,909.1189,637.46326,9.2951765,8.289863e+06,0.02860303595662117,0.013877245597541332,0.70118797,7921.0645,1524.8921,10904.0,6416.6606,3040.4429,1.2344527,7.770564e+06,0.01999705284833908,0.017023999243974686,0.4738357,3921.8398,698.9437,5124.0,3560.8684,2257.883,1.1013718,3.847325e+06,0.01119921263307333,0.013847553171217442,0.63408214,4944.688,922.8599,6748.0,2901.5347,1650.7164,1.704163,4.850739e+06,0.015136798843741417,0.018877089023590088,0.5689115,1169.3822,159.05556,1414.0,1031.8351,468.82483,1.1333034,1.147164e+06,0.009752236306667328,0.014482573606073856,0.45436025
DMSO,802.0,110.32590180780451,0.7659777734535111,0.9491124260355029,0.7160714285714286,0.8279979473775045,40.27741428798381,25.89302271168252,1.5555315706656094,9612.852,2317.6038,12703.4,845.0162,583.2399,11.375938,7.709507e+06,0.03727993741631508,0.018629664555191994,0.69021153,8309.713,1537.3651,11504.1,6057.95,4442.0347,1.3717037,6.66439e+06,0.021559081971645355,0.01939726620912552,0.73325706,4215.635,899.3326,6148.95,3284.3936,2941.1636,1.2835352,3.380939e+06,0.0136842867359519,0.0157716553658247,0.89549667,4231.5547,628.76904,5228.55,2644.5037,2123.9321,1.6001319,3.393707e+06,0.012731793336570263,0.01906523108482361,0.80314964,1196.0823,190.90855,1525.85,1125.5979,725.1327,1.0626194,959258.0,0.012371368706226349,0.020222166553139687,0.64422
DMSO,1587.0,149.29646455628168,0.7404786361209518,0.9851024208566108,0.7942942942942943,0.894721232967162,55.02130072466984,36.97871018511665,1.4879183305537536,9327.376,1803.5679,12059.9,876.9407,597.18787,10.636268,1.4802546e+07,0.03488669916987419,0.015040385536849499,0.68099004,7759.8433,1610.6665,10738.7,6818.749,2097.0098,1.1380156,1.2314871e+07,0.017834587022662163,0.012157573364675045,0.30753586,4000.743,908.62335,5578.5,3941.488,1768.3502,1.0150336,6.349179e+06,0.014777383767068386,0.016339747235178947,0.44865042,4156.1606,963.5312,6388.9,2427.9863,859.1662,1.7117727,6.595827e+06,0.018051786348223686,0.014984571374952793,0.35385957,951.0592,126.501,1182.1,892.5442,323.98083,1.0655597,1.509331e+06,0.01180570013821125,0.019780689850449562,0.36298576
DMSO,945.0,115.15432893255071,0.4932843700175727,0.9722222222222222,0.7511923688394276,0.8955320533051829,37.50379805449244,32.62335796384884,1.1495995628669433,9607.255,2032.1698,12078.8,873.74414,552.2117,10.9955015,9.078856e+06,0.03245261684060097,0.015100767835974693,0.63200617,8173.3545,2029.3218,12072.6,6802.9453,3289.0369,1.2014436,7.72382e+06,0.023894576355814934,0.014713474549353123,0.4834725,3544.2275,1080.9459,5555.0,3641.078,2450.131,0.97340065,3.349295e+06,0.013145931996405125,0.013559854589402676,0.6729137,4377.9375,418.86438,4998.6,3053.2747,1408.0045,1.4338499,4.137151e+06,0.00917893648147583,0.016745729371905327,0.4611457,1035.5312,222.4566,1377.0,975.95544,445.16855,1.0610436,978577.0,0.012800229713320732,0.016182931140065193,0.45613614
DMSO,781.0,108.22539674441617,0.8369406320115891,0.9750312109862672,0.6596283783783784,0.837919938641755,42.84481261018485,23.448695409722543,1.8271725510332695,8259.787,1845.873,11561.0,855.0433,757.7286,9.660081,6.450894e+06,0.03305444493889809,0.015190940350294113,0.8861874,7439.6377,1762.4998,11117.0,5414.0264,2577.0576,1.3741413,5.810357e+06,0.02109440043568611,0.01264974381774664,0.4759965,3621.7734,968.3194,5854.0,2988.7302,1893.7104,1.2118101,2.828605e+06,0.012724644504487514,0.01613404043018818,0.63361704,3940.708,960.04865,6122.0,2421.7578,1262.7886,1.6272098,3.077693e+06,0.015155709348618984,0.018063722178339958,0.5214347,972.2279,205.90193,1364.0,770.1827,298.26413,1.2623341,759310.0,0.013229131698608398,0.01285324152559042,0.38726413
DMSO,771.0,104.08326112068522,0.5824693790502994,0.969811320754717,0.7596059113300493,0.8943395978700516,34.95605665783807,28.414123112776647,1.2302352783894213,7789.628,1542.0332,10088.0,950.33685,910.5195,8.196702,6.005803e+06,0.025204265490174294,0.01247352734208107,0.9581018,6242.467,1567.4573,9216.5,5386.472,2341.2627,1.1589156,4.812942e+06,0.019333723932504654,0.012055634520947933,0.43465605,2696.9417,851.3569,4147.0,2755.2905,2132.0977,0.97882295,2.079342e+06,0.014861177653074265,0.018636208027601242,0.77381957,3951.5059,756.7322,5204.0,2620.742,1111.3561,1.5077814,3.046611e+06,0.01487418171018362,0.012652071192860603,0.42406163,889.93384,181.08125,1217.0,874.30444,406.21405,1.0178764,686139.0,0.014013152569532394,0.018039103597402573,0.46461397
DMSO,1072.0,122.5685424949238,0.6738450537083415,0.971894832275612,0.7657142857142857,0.8966988356095527,43.049506866752985,31.80810469608282,1.3534131403954586,7641.1187,1130.3381,9387.2,1055.173,903.56366,7.241579,8.191279e+06,0.027738414704799652,0.014848056249320507,0.85631806,6665.8555,1115.0883,8927.2,6693.5796,3453.8757,0.9958581,7.145797e+06,0.020237941294908524,0.019480234012007713,0.5159983,3447.9487,623.3161,4528.0,3523.9985,2414.6094,0.9784195,3.696201e+06,0.011066875420510769,0.017010832205414772,0.68519026,4093.0242,461.43304,4830.95,3010.5417,1597.6719,1.359564,4.387722e+06,0.009508020244538784,0.019626008346676826,0.53069246,985.76587,103.351,1170.45,1071.4272,502.43866,0.9200493,1.056741e+06,0.009766277857124805,0.0184338241815567,0.46894333
DMSO,769.0,110.56854249492379,0.7899407687633972,0.952912019826518,0.6781305114638448,0.7904475072894555,40.4735597119933,24.817705047183097,1.6308341015031607,5954.2236,708.9954,7165.8,926.5496,1231.473,6.426233,4.578798e+06,0.01212786603718996,0.009930823929607868,1.3290956,5640.554,899.17633,7530.6,4290.673,2789.296,1.3146083,4.337586e+06,0.015930667519569397,0.011795056983828545,0.65008354,2813.641,432.6195,3618.0,2513.2249,2086.7305,1.1195341,2.16369e+06,0.0122074531391263,0.015767693519592285,0.8303,2728.5242,389.16693,3311.8,1657.984,965.97314,1.6456878,2.098235e+06,0.010484134778380394,0.011020779609680176,0.5826191,662.6554,74.84129,786.0,587.9695,396.26523,1.1270235,509582.0,0.006962405052036047,0.015389591455459595,0.67395544
DMSO,846.0,112.9116882454314,0.8077355280778621,0.9746543778801844,0.7553571428571428,0.8338778252558416,43.09558920121401,25.40678948854714,1.6962233351301872,7628.435,1166.5798,9645.0,934.85706,792.23254,8.160002,6.453656e+06,0.0291739571839571,0.014159920625388622,0.8474371,6606.0625,1316.6863,9039.25,5548.0674,1782.9264,1.1906961,5.588729e+06,0.015522853471338749,0.011843549087643623,0.3213599,3262.7446,817.5018,5182.75,2913.45,1693.3733,1.1198905,2.760282e+06,0.010752649046480656,0.014736959710717201,0.58122617,3790.6655,1096.3844,6396.0,2292.831,763.7564,1.6532686,3.206903e+06,0.015781888738274574,0.01313770841807127,0.33310628,856.25885,139.46623,1124.75,813.94006,325.12405,1.0519925,724395.0,0.009616702795028687,0.014132978394627571,0.3994447
DMSO,801.0,110.22539674441619,0.8268638169543758,0.9697336561743342,0.6675,0.8284742960769744,42.642926994775166,23.982475715442156,1.7780869456824955,8392.761,1525.096,10691.0,1017.98956,794.7494,8.244447,6.722601e+06,0.028014350682497025,0.015464778058230877,0.78070486,7759.393,1194.9612,10066.0,6827.935,2923.3787,1.1364187,6.215274e+06,0.019940568134188652,0.018653610721230507,0.42814976,3816.7727,423.18652,4649.0,3577.9443,2130.6677,1.0667502,3.057235e+06,0.010148179717361927,0.015054276213049889,0.5955005,4260.266,445.82956,4855.0,3210.3276,2129.0933,1.3270502,3.412473e+06,0.011297990567982197,0.0244252011179924,0.6632012,1036.3546,127.841415,1286.0,1064.6278,434.5026,0.9734431,830120.0,0.010952658951282501,0.018822822719812393,0.4081263
DMSO,1288.0,137.29646455628168,0.7973386189972558,0.9817073170731707,0.717948717948718,0.8586318988573982,52.18880518892985,31.49762485286378,1.6569123999895763,10318.4795,2686.9797,14252.2,861.3568,589.3303,11.979332,1.3290202e+07,0.03702278807759285,0.01484532468020916,0.68418837,8981.843,1893.168,12843.4,6884.6323,2884.1707,1.304622,1.1568614e+07,0.02506835199892521,0.01696726307272911,0.41892877,4541.35,996.42554,6260.25,3761.548,2187.8337,1.2073088,5.849259e+06,0.018597232177853584,0.017513437196612358,0.5816312,4692.441,1044.9838,6358.2,2754.284,1299.6271,1.7036881,6.043864e+06,0.020339803770184517,0.018089337274432182,0.4718566,1069.1731,230.81947,1373.3,859.27325,417.46884,1.244276,1.377095e+06,0.012929664924740791,0.018432725220918655,0.48583946
DMSO,790.0,102.66904755831214,0.48652420521377204,0.9777227722772277,0.7963709677419355,0.9417982713501216,34.013549686746025,29.716519239971998,1.14460073240994,8708.713,1678.3389,11363.55,888.55664,646.9751,9.800965,6.879883e+06,0.035238128155469894,0.013357963413000107,0.72811913,8159.276,1614.1001,11455.6,6427.462,2512.2095,1.2694398,6.445828e+06,0.024309316650032997,0.012616660445928574,0.3908556,4082.7012,737.8743,5406.95,3325.4893,1857.5078,1.2276994,3.225334e+06,0.015746546909213066,0.013858525082468987,0.55856675,4028.3442,690.2307,4749.45,2753.509,1291.2412,1.4629856,3.182392e+06,0.015351657755672932,0.014797813259065151,0.4689439,981.44934,170.12631,1292.55,853.0636,393.85782,1.1504996,775345.0,0.01661817915737629,0.02368411421775818,0.46169809
DMSO,869.0,110.66904755831213,0.7431982925622598,0.9764044943820225,0.7957875457875457,0.8916148555251194,40.768072495930454,27.27674401714144,1.4946091978687304,7846.8354,1271.4066,9808.0,1097.4333,896.8477,7.1501703,6.8189e+06,0.0282566137611866,0.015999402850866318,0.81722295,7004.732,958.2143,9125.2,7402.82,2373.6287,0.9462248,6.087112e+06,0.019428925588726997,0.017707202583551407,0.32063845,3729.0955,485.02863,4739.0,4057.4136,1953.1459,0.9190819,3.240584e+06,0.010013612918555737,0.015517283231019974,0.48137707,4133.788,341.3051,4730.8,3526.4282,1598.2269,1.1722308,3.592262e+06,0.010344868525862694,0.02636406198143959,0.45321408,943.0564,89.007,1084.0,1016.2881,409.17767,0.927942,819516.0,0.007820941507816315,0.015440012328326702,0.40261978
DMSO,1087.0,123.98275605729688,0.6018224940313673,0.973142345568487,0.761204481792717,0.8886215388671362,41.80072901499037,33.38331120890605,1.2521444848118812,9354.07,2169.9172,12737.7,728.7009,610.6568,12.836638,1.0167874e+07,0.029491635039448738,0.012727946043014526,0.83800745,6997.281,1760.1271,10384.3,5153.649,2466.5598,1.3577332,7.606044e+06,0.017878014594316483,0.009968552738428116,0.47860456,3264.6606,986.58606,5050.6,2596.324,1987.3783,1.2574165,3.548686e+06,0.014717084355652332,0.013028595596551895,0.7654585,4273.299,1232.5278,6827.6,2420.0308,1083.1395,1.7658036,4.645076e+06,0.02546071447432041,0.015610967762768269,0.44757262,966.6164,292.41626,1438.7,834.9627,621.7223,1.1576761,1.050712e+06,0.018186673521995544,0.021102625876665115,0.74461085
DMSO,934.0,112.66904755831213,0.5632037176874023,0.9769874476987448,0.8142981691368788,0.9245863854522912,38.016540206952314,31.41375458217119,1.2101877254917028,7694.3125,1414.2072,10276.7,916.3928,846.1251,8.396304,7.186488e+06,0.029172701761126518,0.011632618494331837,0.9233214,6674.912,1449.752,9442.65,5620.614,2735.206,1.1875771,6.234368e+06,0.019810276105999947,0.01348430011421442,0.4866383,3295.257,764.8447,4658.9,2959.0806,1988.9554,1.1136085,3.07777e+06,0.01390940323472023,0.014295299537479877,0.6721532,3903.197,648.51495,5382.45,2407.3271,1567.9865,1.621382,3.645586e+06,0.015327716246247292,0.018605422228574753,0.6513392,890.2152,135.7821,1108.0,769.60535,347.74997,1.1567165,831461.0,0.010727289132773876,0.012460829690098763,0.4518549
DMSO,1128.0,130.9116882454314,0.8300899739840821,0.9740932642487047,0.7938071780436312,0.8271078001145303,50.86558327022919,28.364148663405388,1.7933054812907008,8415.521,1638.9569,11161.8,651.8212,754.35925,12.910782,9.492708e+06,0.02745981700718403,0.012423671782016754,1.15731,7055.2617,1560.5999,9784.15,4853.426,3283.1191,1.4536663,7.958335e+06,0.01752547360956669,0.010353934019804,0.67645395,3445.3396,1010.5523,5060.2,2645.7283,2449.3425,1.3022273,3.886343e+06,0.01688128150999546,0.014811106026172638,0.92577255,3525.3376,574.85406,4636.1,1784.2465,1366.3972,1.9758132,3.976581e+06,0.011364417150616646,0.01646527461707592,0.7658119,927.9601,250.79242,1354.3,752.5775,663.829,1.2330425,1.046739e+06,0.019116654992103577,0.021911464631557465,0.8820739
DMSO,916.0,115.49747468305831,0.7273894882250445,0.9672650475184794,0.7633333333333333,0.8628997843591953,41.33722318926076,28.366629410860657,1.4572483248021737,7305.6323,981.5638,8952.5,853.9547,847.88196,8.5550585,6.691959e+06,0.022661242634058,0.011126418597996235,0.9928887,6936.9956,1131.3683,9047.75,5288.38,2007.6417,1.311743,6.354288e+06,0.018074065446853638,0.012060126289725304,0.37963265,3571.845,564.22186,4596.0,2946.8086,1523.3145,1.2121062,3.27181e+06,0.014527931809425354,0.015302042476832867,0.516937,4038.6333,528.421,5032.5,2527.6045,1114.4999,1.5978106,3.699388e+06,0.017478566616773605,0.0215604230761528,0.4409313,903.4356,95.44015,1070.25,803.4345,397.33533,1.124467,827547.0,0.014085951261222363,0.01935010589659214,0.494546
DMSO,883.0,116.22539674441617,0.8170658125533967,0.9703296703296703,0.6730182926829268,0.82142609030655,44.34274688771754,25.565562890389852,1.7344717610104359,7976.094,1353.3013,10026.0,1000.5098,876.6672,7.9720297,7.042891e+06,0.028485026210546494,0.015726136043667793,0.87622046,7098.939,1430.5781,9936.6,5940.523,3427.936,1.1950023,6.268363e+06,0.02269190177321434,0.017286689952015877,0.5770428,3630.0464,850.4095,5545.7,3321.3984,2096.7532,1.0929271,3.205331e+06,0.014532565139234066,0.014110257849097252,0.63128626,4154.4053,1011.63947,6250.1,2745.9448,1963.3364,1.5129238,3.66834e+06,0.02164885774254799,0.025089535862207413,0.71499485,1094.9468,156.33719,1426.9,1067.9431,483.91754,1.0252857,966838.0,0.01380810048431158,0.020759645849466324,0.45313045
DMSO,827.0,111.49747468305831,0.7178396384790928,0.9616279069767442,0.731211317418214,0.8359596420441455,39.45204178490313,27.466846208419867,1.4363513555775196,8327.609,1496.557,10588.7,1113.802,748.09314,7.4767413,6.886933e+06,0.03269241750240326,0.017711542546749115,0.6716572,7169.8306,1327.076,9889.3,8637.0205,3654.269,0.8301278,5.92945e+06,0.01964978501200676,0.018735559657216072,0.4230937,3890.9517,1079.0548,6306.8,4629.0396,2977.1746,0.8405527,3.217817e+06,0.011389530263841152,0.017307965084910393,0.6431517,3852.4268,556.42053,4808.7,3382.9565,2307.1567,1.1387751,3.185957e+06,0.010978969745337963,0.02326072007417679,0.6819942,977.92505,131.07228,1243.4,1203.8263,593.2436,0.8123473,808744.0,0.00819286610931158,0.01862405054271221,0.49279833
DMSO,900.0,112.91168824543142,0.7337428224762531,0.972972972972973,0.7640067911714771,0.887104069421108,41.14687874635895,27.956313168507116,1.4718277942568998,12075.396,3998.4392,17659.6,551.4669,498.09976,21.896864,1.0867857e+07,0.03671254217624664,0.014898747205734253,0.9032269,10384.687,3565.5583,16649.5,3488.9885,3907.45,2.9764175,9.346218e+06,0.03449941799044609,0.022662241011857986,1.1199378,4927.8945,1837.5493,8431.3,1801.3392,2259.1428,2.7356837,4.435105e+06,0.02310524508357048,0.015339551493525505,1.2541462,5817.488,2169.8467,10210.4,1437.1572,1131.6399,4.047913,5.235739e+06,0.02785334922373295,0.012820408679544926,0.7874155,1411.7145,450.26605,2315.05,730.4941,593.6119,1.9325475,1.270543e+06,0.023638596758246422,0.019305890426039696,0.81261694
DMSO,608.0,93.01219330881975,0.7272585489759691,0.9666136724960255,0.7487684729064039,0.8831483710340952,33.961978130426196,23.310265858137267,1.4569537017344045,5530.6396,579.1256,6618.0,899.2563,1267.3683,6.1502376,3.362629e+06,0.014964621514081955,0.009472735226154327,1.4093516,4716.495,712.2003,6078.75,4110.5527,1889.1138,1.1474115,2.867629e+06,0.012090017087757587,0.00871490128338337,0.45957658,2238.11,322.44205,2865.7,2097.2253,1457.5363,1.0671767,1.360771e+06,0.006600869353860617,0.010497679933905602,0.6949831,2640.4146,280.90643,3188.35,1866.1024,771.5266,1.4149355,1.605372e+06,0.007759529631584883,0.011219024658203125,0.4134428,549.3717,76.474236,677.65,562.67664,354.87534,0.97635424,334018.0,0.008023899979889393,0.0173049196600914,0.6306914
DMSO,1215.0,128.46803743153546,0.5292720303400499,0.9766881028938906,0.7612781954887218,0.9251155113194842,42.7636738832675,36.28293273813822,1.178616794620826,11918.092,3302.1428,15822.1,770.47095,372.74664,15.46858,1.4480482e+07,0.042598266154527664,0.016937315464019775,0.48379067,9678.008,2124.4902,13737.3,5872.75,3425.5063,1.6479516,1.175878e+07,0.022845404222607613,0.013171819970011711,0.5832883,4981.8394,1243.934,7366.3,2937.7402,2234.1545,1.6958066,6.052935e+06,0.019317828118801117,0.0165414959192276,0.760501,5210.546,1634.2206,8303.1,2294.1106,987.4209,2.2712705,6.330813e+06,0.02053019590675831,0.01264549233019352,0.43041557,1080.186,202.03041,1460.6,732.83417,346.20996,1.4739842,1.312426e+06,0.013944984413683414,0.015267457813024521,0.47242606
DMSO,722.0,104.32590180780453,0.7847598922554447,0.9626666666666667,0.696911196911197,0.8336097136082776,38.69352513665044,23.982242868854605,1.6134239548921077,9102.804,2243.582,12276.8,891.2652,597.7028,10.21335,6.572224e+06,0.04288434982299805,0.014922217465937138,0.6706229,8003.8506,2681.1494,13561.9,6353.9233,2295.5159,1.2596706,5.77878e+06,0.030051086097955704,0.018303383141756058,0.36127535,4023.673,1622.5184,7881.1,3034.8574,1523.264,1.3258195,2.905092e+06,0.02227041684091091,0.017409471794962883,0.5019228,4595.8643,2419.2144,10141.95,2609.0684,837.5301,1.7614963,3.318214e+06,0.026886921375989914,0.014339644461870193,0.32100734,1072.741,235.76144,1594.5,956.9396,341.8761,1.1210122,774519.0,0.017190653830766678,0.02071097120642662,0.35725987
DMSO,984.0,127.49747468305831,0.8790177593581519,0.9647058823529412,0.7717647058823529,0.760679647751777,51.4394765925512,24.52577812694267,2.097363693266173,9966.682,2401.975,13714.05,742.8363,541.6873,13.417063,9.807215e+06,0.03479195013642311,0.015210062265396118,0.7292149,6688.987,1557.5496,9651.35,5253.943,2422.237,1.2731366,6.581963e+06,0.016287652775645256,0.010666974820196629,0.46103224,3382.999,1214.3312,6004.85,2552.928,1697.0491,1.3251448,3.328871e+06,0.01474183052778244,0.012946302071213722,0.66474617,3252.3862,621.61743,4439.55,2238.8887,911.37915,1.4526788,3.200348e+06,0.009372209198772907,0.012392151169478893,0.40706766,682.80994,246.60306,1220.1,668.2239,341.2501,1.021828,671885.0,0.01619117334485054,0.018021736294031143,0.5106823
DMSO,897.0,112.8111831820431,0.44619864404684173,0.9562899786780383,0.7130365659777425,0.8857231556233386,35.945887227880526,32.16919474646551,1.1174009020486897,6367.914,901.67554,7874.2,885.1006,1029.6201,7.1945653,5.712019e+06,0.018924664705991745,0.011084410361945629,1.1632804,6382.252,1576.4622,9583.4,4781.1533,3398.1829,1.334877,5.72488e+06,0.017009666189551353,0.01297752745449543,0.71074545,3181.4917,927.7324,5302.2,2599.1846,2337.3257,1.2240345,2.853798e+06,0.014797115698456764,0.015063612721860409,0.8992534,3860.2742,1045.54,6453.0,1935.4331,1360.1395,1.9945273,3.462666e+06,0.01825428009033203,0.0178512055426836,0.7027572,760.49274,156.70541,1079.0,705.2152,531.2026,1.0783839,682162.0,0.011239581741392612,0.018697187304496765,0.7532489
DMSO,851.0,109.1543289325507,0.7127954547244694,0.9747995418098511,0.7524314765694076,0.8975476126913605,39.358180418013056,27.604724519192512,1.4257769676581562,7353.6064,1006.2749,9176.0,780.6121,787.29254,9.420308,6.257919e+06,0.023415954783558846,0.011436927132308483,1.0085579,6825.908,1470.1229,9715.0,4405.474,2562.1877,1.5494151,5.808848e+06,0.018808111548423767,0.011181666515767574,0.58159184,3398.4277,588.05237,4605.5,2351.9553,1559.8625,1.4449372,2.892062e+06,0.013111154548823833,0.013084415346384048,0.66321945,3680.5994,957.57245,5932.5,1769.2435,794.3796,2.0803237,3.13219e+06,0.01832141913473606,0.013736071065068245,0.44899392,828.9177,141.96544,1105.5,665.9201,319.26047,1.2447705,705409.0,0.012756077572703362,0.017471622675657272,0.47942758
DMSO,839.0,111.49747468305833,0.7776142813347745,0.964367816091954,0.7579042457091237,0.8480896489420048,41.375602570222725,26.014563544571484,1.5904784448654208,6703.5947,780.53516,8028.1,860.812,994.39233,7.7875247,5.624316e+06,0.020679274573922157,0.011480278335511684,1.1551794,6185.2324,1487.9698,9291.4,4068.3235,2246.3286,1.5203394,5.18941e+06,0.01692562736570835,0.009744631126523018,0.5521509,3137.379,696.53973,4590.8,2314.4705,1454.2701,1.3555493,2.632261e+06,0.013571217656135559,0.0124918008223176,0.62833816,3571.2659,861.86646,5663.1,1835.1846,741.677,1.9459982,2.996292e+06,0.019073035567998886,0.013009192422032356,0.404143,658.621,91.976974,819.0,659.89655,403.3995,0.998067,552583.0,0.008665340021252632,0.026243899017572403,0.6113072
DMSO,707.0,103.49747468305833,0.8105121740298373,0.9566982408660352,0.7155870445344129,0.8294109627625064,39.396956977086184,23.075656176932206,1.707295197805457,9177.975,1973.9106,11860.8,903.4957,692.78845,10.158294,6.488828e+06,0.035706695169210434,0.01665821298956871,0.76678663,7408.693,1967.7496,10984.2,6251.238,3649.4285,1.1851561,5.237946e+06,0.022172339260578156,0.015602377243340015,0.5837929,3491.215,1117.8248,5862.4,3388.7698,2218.8357,1.0302309,2.468289e+06,0.015667352825403214,0.015494026243686676,0.65476143,4886.669,1336.8961,7099.4,2959.756,2132.8516,1.6510377,3.454875e+06,0.02069985307753086,0.017664818093180656,0.72061735,1029.8896,190.70079,1434.2,940.7889,476.8812,1.0947086,728132.0,0.011772047728300095,0.01820601150393486,0.506895
DMSO,1244.0,141.05382386916236,0.871364297560548,0.9741581832419733,0.7199074074074074,0.7857068080066786,56.8387605901165,27.887175530372314,2.0381684236258564,10525.978,2535.8696,13796.05,683.33234,453.31067,15.4038925,1.3094316e+07,0.0371670238673687,0.0163861196488142,0.6633824,7866.867,1809.7206,11377.45,4127.099,3166.4268,1.9061493,9.786383e+06,0.021214419975876808,0.01190928090363741,0.7672282,3633.3005,797.77936,5252.7,1966.9055,1648.6234,1.8472166,4.519826e+06,0.013619713485240936,0.01365519966930151,0.8381813,3850.4888,925.28156,5846.4,1515.1007,879.96704,2.5414078,4.790008e+06,0.012168717570602894,0.01280512660741806,0.58079773,1021.0064,180.38338,1341.0,648.27216,377.7414,1.5749657,1.270132e+06,0.012082701548933983,0.01532754860818386,0.5826895
DMSO,1346.0,139.05382386916236,0.7221564500816489,0.9774872912127814,0.7536394176931691,0.8747602734642155,49.93572124200057,34.54202449671501,1.4456512601555684,11394.989,2947.1084,15127.75,782.88403,400.55063,14.555143,1.5337655e+07,0.04227178916335106,0.018726976588368416,0.5116347,6665.832,1159.1914,8905.5,5982.6562,2200.11,1.1141927,8.97221e+06,0.01621205545961857,0.01677512377500534,0.36774805,3122.6099,559.9099,4301.0,3111.411,1369.6744,1.0035993,4.203033e+06,0.009878848679363728,0.015710439532995224,0.44021007,4401.419,798.92755,5679.25,2635.057,1591.8899,1.6703317,5.92431e+06,0.015607805922627449,0.021294089034199715,0.6041197,896.69617,102.480194,1067.75,895.49774,293.2179,1.0013382,1.206953e+06,0.009349774569272995,0.019725734367966652,0.32743567
DMSO,711.0,103.01219330881976,0.8194578168006105,0.9660326086956522,0.7926421404682275,0.8419808159121478,39.771074223800824,22.794373595929205,1.7447759227260997,8302.08,1307.7704,9960.0,732.97064,683.7237,11.32662,5.902779e+06,0.03041354939341545,0.013866081833839417,0.93281186,6531.211,1092.0232,8483.5,4521.877,2627.2905,1.4443583,4.643691e+06,0.01512480340898037,0.01222102902829647,0.5810177,3240.6948,695.6737,4449.0,2302.1865,1717.9512,1.4076595,2.304134e+06,0.012583525851368904,0.014509301632642746,0.7462259,3318.5273,411.7895,3851.0,2189.7126,1118.3118,1.5155082,2.359473e+06,0.011212100274860859,0.016434183344244957,0.51071167,747.83405,114.528984,926.0,652.97015,417.76712,1.1452806,531710.0,0.011615363880991936,0.023240257054567337,0.6397951
DMSO,716.0,108.42640687119284,0.8834888498160637,0.9572192513368984,0.7568710359408034,0.7653370787446716,44.165602039537895,20.689472900740995,2.134689571427221,7711.9775,1269.7721,9486.75,738.5316,839.46606,10.442312,5.521776e+06,0.027536343783140182,0.012833138927817345,1.136669,6655.6006,1249.7358,8830.25,3630.3025,2615.111,1.833346,4.76541e+06,0.02009010873734951,0.012623797170817852,0.7203562,3297.1633,609.5372,4326.5,1998.8815,1645.3204,1.6495042,2.360769e+06,0.015535621903836727,0.01434074155986309,0.82312053,3837.7668,1029.5116,6066.75,1693.9088,831.21277,2.2656279,2.747841e+06,0.022134795784950256,0.01373207289725542,0.49070692,771.6634,128.3037,967.5,573.7882,470.73843,1.3448576,552511.0,0.015201013535261154,0.02126571349799633,0.8204045
FK-866,962.0,124.22539674441617,0.7776935226226724,0.9321705426356589,0.6491228070175439,0.783364977245131,44.92634869084256,28.24266189924018,1.5907264283771787,25917.637,15174.892,53957.6,1274.1199,1648.027,20.3416,2.4932766e+07,0.044969815760850906,0.009299556724727154,1.293463,43786.953,10855.737,59913.75,6376.981,9045.66,6.866408,4.212305e+07,0.028080008924007416,0.02283651940524578,1.4184864,16528.635,4185.891,24318.75,2200.5479,2813.7964,7.511145,1.5900547e+07,0.02806396596133709,0.01611781306564808,1.27868,21863.293,8607.468,36488.95,2278.5566,2562.981,9.595238,2.1032488e+07,0.02682509273290634,0.014195313677191734,1.1248266,5460.745,1523.9065,7418.5,801.9952,730.8953,6.80895,5.253237e+06,0.031785909086465836,0.013506250455975533,0.91134626
FK-866,928.0,121.01219330881975,0.8604127311168325,0.9686847599164927,0.8226950354609929,0.796341915261678,48.21568330839186,24.57060681913233,1.962331808217609,11158.122,1571.9907,13753.65,1520.8616,2143.4229,7.336711,1.0354737e+07,0.021983744576573372,0.012085802853107452,1.4093478,7107.54,1282.9972,9975.6,4783.6567,2211.5354,1.4857965,6.595797e+06,0.008552642539143562,0.004769338760524988,0.46231064,2606.2974,428.07462,3292.3,2137.3179,1087.3903,1.2194242,2.418644e+06,0.008147615939378738,0.008914774283766747,0.5087639,4930.806,784.81104,6070.6,2225.7449,1783.5162,2.215351,4.575788e+06,0.01341489888727665,0.026913467794656754,0.8013121,1077.292,139.21281,1336.6,789.7871,344.37634,1.3640283,999727.0,0.0062438421882689,0.015186279080808163,0.4360369
FK-866,285.0,65.698484809835,0.8169566480529764,0.9375,0.6884057971014492,0.8297438015260373,25.21303566460368,14.540334610139055,1.7340065645409901,9675.341,841.395,11382.8,1685.6368,2353.951,5.7398725,2.757472e+06,0.017288759350776672,0.009599678218364716,1.3964757,6008.1333,463.16388,6801.8,2996.8242,2245.1938,2.0048335,1.712318e+06,0.003927965182811022,0.004362859297543764,0.74919105,2368.6245,218.67657,2730.0,1336.577,1021.95483,1.7721572,675058.0,0.004358505364507437,0.008292807266116142,0.764606,3508.849,469.05133,4521.0,1742.1285,1634.6404,2.014116,1.000022e+06,0.009167371317744255,0.02527361549437046,0.93830067,1215.214,120.437454,1386.0,1047.9044,1341.9977,1.159661,346336.0,0.006291958503425121,0.039824262261390686,1.280649
FK-866,1042.0,134.95331880577405,0.9005249853142361,0.96036866359447,0.6009227220299884,0.7189694622096393,55.54327824009613,24.150454396230163,2.299885431918263,11387.15,2614.563,17165.5,1789.3326,2193.1792,6.3639092,1.1865411e+07,0.03293883800506592,0.011942468583583832,1.2256968,6883.3657,1197.0817,9286.4,5905.7993,1757.5507,1.1655265,7.172467e+06,0.007903475314378738,0.00423325365409255,0.29759744,2421.2744,303.52826,2992.7,2495.9202,856.8185,0.9700929,2.522968e+06,0.007028490770608187,0.007675419095903635,0.34328762,5314.957,392.48172,5947.4,2604.3743,1409.5028,2.0407808,5.538185e+06,0.008809310384094715,0.020718660205602646,0.54120594,1152.0422,131.15121,1379.9,1147.6677,541.3546,1.0038116,1.200428e+06,0.00917647872120142,0.022696398198604584,0.47169977
FK-866,521.0,87.25483399593904,0.78240845816086,0.9612546125461254,0.7176308539944903,0.8599408782636555,32.70658796160029,20.368538192412437,1.6057405618722285,11700.996,1958.3141,14812.0,1391.4078,2016.58,8.409466,6.096219e+06,0.02329435385763645,0.010137686505913734,1.449309,6643.522,1046.2166,8619.0,3782.3152,2645.6384,1.7564697,3.461275e+06,0.005530458875000477,0.006704650353640318,0.69947594,2205.263,243.73038,2584.0,1526.7102,1136.1144,1.4444542,1.148942e+06,0.007395821623504162,0.012411229312419891,0.7441585,3189.1382,333.10712,3819.0,1508.1995,1063.0146,2.1145334,1.661541e+06,0.008898989297449589,0.014087674207985401,0.7048237,1136.0653,124.30544,1351.0,652.4288,376.50717,1.7412864,591890.0,0.006781504489481449,0.011172500438988209,0.5770855
FK-866,397.0,79.84062043356596,0.8723825876535131,0.9589371980676329,0.6126543209876543,0.7826229234670661,32.20650001055953,15.743300864128706,2.0457272771774573,14592.348,5776.087,27427.4,1269.3289,1624.5637,11.496113,5.793162e+06,0.054886508733034134,0.01469495240598917,1.2798604,12097.292,2223.32,15455.0,5493.1763,5153.8496,2.20224,4.802625e+06,0.01847517490386963,0.015071006491780281,0.9382276,4531.154,1020.8896,6298.2,2047.039,1921.9229,2.2135162,1.798868e+06,0.022779352962970734,0.01704617217183113,0.9388795,7264.2744,1721.1283,10442.8,2185.9727,1867.0676,3.3231313,2.883917e+06,0.029397642239928246,0.022936273366212845,0.854113,2700.7078,405.0405,3274.4,1176.6049,792.59955,2.2953396,1.072181e+06,0.025574183091521263,0.021450703963637352,0.67363274
FK-866,389.0,74.87005768508881,0.7512049503681202,0.9604938271604938,0.7718253968253969,0.8720535007912359,27.547667386408545,18.18336205247434,1.5149930638190168,20752.307,9408.749,36216.2,1125.0602,1203.9796,18.445509,8.072647e+06,0.0614498034119606,0.016484973952174187,1.0701468,30275.73,9562.042,44226.0,7025.0825,10269.205,4.309662,1.1777259e+07,0.03473546728491783,0.022559648379683495,1.4617914,12156.871,3015.7087,16234.2,2495.121,3349.2874,4.8722568,4.729023e+06,0.03488330915570259,0.018655087798833847,1.3423346,10034.342,2345.8833,13096.2,2426.0562,2388.5505,4.1360717,3.903359e+06,0.028942450881004333,0.01451381016522646,0.9845405,4745.5527,1545.9395,7045.8,1225.6671,1304.0142,3.871812,1.84602e+06,0.03568914905190468,0.019373994320631027,1.0639219
FK-866,502.0,85.35533905932738,0.7293132529014275,0.9507575757575758,0.7968253968253968,0.8658690124647325,30.653847370129885,20.97274720454768,1.4616038171424188,11750.237,1670.0209,14577.95,1374.7731,1967.4321,8.547038,5.898619e+06,0.025040647014975548,0.01106305979192257,1.431096,7237.779,1170.2047,9086.95,4119.561,2682.9072,1.7569296,3.633365e+06,0.006008226424455643,0.00805504061281681,0.65126044,2633.8784,722.6827,4043.2,1688.2346,1266.857,1.5601376,1.322207e+06,0.013060432858765125,0.014359381049871445,0.7504034,3412.1575,580.03876,4219.3,1591.1018,1080.5654,2.1445248,1.712903e+06,0.010309633798897266,0.015772763639688492,0.6791303,1307.8884,192.1074,1676.35,789.3364,379.19836,1.6569468,656560.0,0.008414714597165585,0.012465912848711014,0.48040146
FK-866,401.0,76.18376618407356,0.7485873740126848,0.9570405727923628,0.7072310405643739,0.8682191481956754,27.87138616448054,18.479736730292526,1.5082133783211829,20950.828,10248.802,40864.0,1132.0629,1358.5243,18.506771,8.401282e+06,0.05460552126169205,0.014729654416441917,1.2000432,35156.61,10778.176,56173.0,6515.4697,9747.567,5.3958673,1.40978e+07,0.036046598106622696,0.03245144709944725,1.4960651,12745.025,2698.3057,17191.0,2649.871,3633.9119,4.8096776,5.110755e+06,0.035626813769340515,0.02706378698348999,1.3713542,11258.818,1769.6708,13740.0,2708.725,2863.275,4.156501,4.514786e+06,0.02738119848072529,0.02174072340130806,1.0570563,4741.7505,1156.7448,6685.0,1013.0399,958.5555,4.680714,1.901442e+06,0.03440618887543678,0.018226219341158867,0.9462169
FK-866,331.0,67.35533905932738,0.6979800009028971,0.9594202898550724,0.7258771929824561,0.9168405319480826,24.30841990432908,17.407678857726296,1.3964193677401127,20395.559,8821.34,34296.5,1213.3243,1108.7737,16.80965,6.75093e+06,0.06857918202877045,0.019192613661289215,0.91383123,23890.95,3321.6367,29220.5,7369.276,8321.987,3.241967,7.907904e+06,0.02683979645371437,0.026036396622657776,1.1292815,9883.039,1409.034,12469.0,2948.4526,3327.9536,3.3519409,3.271286e+06,0.037479422986507416,0.029389763250947,1.1287119,13437.658,2465.2834,17795.0,3367.5474,3589.9006,3.9903398,4.447865e+06,0.03918059170246124,0.025758707895874977,1.0660282,3401.009,646.71765,4470.5,1049.5635,809.1388,3.2404034,1.125734e+06,0.02408371865749359,0.01981137879192829,0.77092886
FK-866,401.0,76.2842712474619,0.8154269699350086,0.9639423076923077,0.7956349206349206,0.8659328856152045,29.78083073264768,17.23893057442124,1.7275335383527703,19483.451,7605.5166,32261.0,960.9038,1002.1672,20.276173,7.812864e+06,0.06571122258901596,0.017137132585048676,1.0429423,15820.526,3968.6667,24046.0,4030.5093,5177.144,3.9251928,6.344031e+06,0.020397823303937912,0.015125925652682781,1.2844888,5126.2344,1107.4974,7367.0,1462.4313,1711.8823,3.5052822,2.05562e+06,0.017512600868940353,0.013022067956626415,1.1705729,6243.4863,1097.7307,8392.0,1937.3646,1665.4982,3.2226698,2.503638e+06,0.025789732113480568,0.016328098252415657,0.859672,2591.4114,646.2387,3862.0,919.68207,732.3785,2.8177252,1.039156e+06,0.023952268064022064,0.018639877438545227,0.79633874
FK-866,400.0,72.52691193458118,0.6033560496545199,0.9732360097323601,0.8,0.9555897497598157,25.300518455029973,20.176453253896927,1.253962633405025,16839.232,4560.383,23491.9,1249.716,1203.5543,13.474448,6.735693e+06,0.060978978872299194,0.019231481477618217,0.9630623,15689.088,2215.4521,19954.6,7468.6426,5750.366,2.1006613,6.275635e+06,0.022088440135121346,0.016640424728393555,0.7699346,6354.7075,1152.8978,8698.6,3177.667,2545.9316,1.9998028,2.541883e+06,0.02422386407852173,0.024026529863476753,0.8011952,9271.6,1553.3048,12371.55,3667.9,2097.6777,2.527768,3.70864e+06,0.04467444866895676,0.024988267570734024,0.57190156,2291.4075,248.09137,2686.1,1125.6398,619.01215,2.035649,916563.0,0.014196178875863552,0.01625017821788788,0.54992026
FK-866,390.0,73.698484809835,0.772557044537151,0.967741935483871,0.8024691358024691,0.9023132872647682,27.99119174330041,17.772877378905832,1.5749386633659235,11659.6,2033.6953,15301.3,1411.7654,1848.186,8.258879,4.547244e+06,0.025125034153461456,0.010510521940886974,1.3091311,8647.885,1078.0442,10556.55,5469.065,3147.9636,1.5812365,3.372675e+06,0.009260185994207859,0.008491548709571362,0.5755945,3000.3616,263.54382,3441.75,2298.4966,1331.4939,1.3053583,1.170141e+06,0.00915053766220808,0.01290157251060009,0.579289,4763.69,530.3336,5571.1,2759.4153,1531.085,1.7263403,1.857839e+06,0.010903237387537956,0.022551828995347023,0.5548585,1400.3206,146.06761,1648.7,933.03687,441.2434,1.5008202,546125.0,0.0075233373790979385,0.012506377883255482,0.472911
FK-866,501.0,81.35533905932738,0.517870012776492,0.9671814671814671,0.8028846153846154,0.9512079493928701,27.339047306339992,23.3874428451664,1.168962656043018,28184.13,14480.655,47945.0,665.361,908.9228,42.359154,1.412025e+07,0.06980415433645248,0.014489495195448399,1.3660595,38123.48,6269.6304,46758.0,3897.553,7131.2954,9.781388,1.9099864e+07,0.037225138396024704,0.01956602744758129,1.8296853,14737.4795,2280.697,17629.0,1499.5219,2526.765,9.828119,7.383477e+06,0.03596443682909012,0.015518182888627052,1.685047,13629.61,3087.0583,18784.0,1495.7354,2080.4607,9.112314,6.828435e+06,0.03439132124185562,0.013330805115401745,1.3909284,6020.2056,1536.7118,8729.0,818.7549,998.6615,7.352879,3.016123e+06,0.03178844973444939,0.01638961024582386,1.2197319
FK-866,421.0,75.01219330881976,0.4668546948924613,0.9633867276887872,0.7309027777777778,0.9402172862039961,24.665808528396116,21.81281409956511,1.1307944227557456,11487.313,2292.7905,15829.0,1712.5902,2020.7808,6.7075667,4.836159e+06,0.02289913222193718,0.010983570478856564,1.1799558,8748.37,1437.9209,11564.0,6402.9287,2784.3884,1.3663076,3.683064e+06,0.009549415670335293,0.0069463811814785,0.4348617,3139.088,356.73328,3705.0,2594.4438,1166.5756,1.2099271,1.321556e+06,0.008896776475012302,0.010699202306568623,0.4496438,4958.461,536.68365,5894.0,3053.1333,1791.6129,1.6240565,2.087512e+06,0.013657432980835438,0.030647888779640198,0.58681124,1489.6532,200.21275,1853.0,975.18134,333.4429,1.5275654,627144.0,0.008400055579841137,0.011963441967964172,0.34192914
FK-866,752.0,108.91168824543144,0.2986827395819649,0.9226993865030675,0.7595959595959596,0.7966704788294063,32.276256408534195,30.802924756642295,1.0478309012384999,20467.174,8276.994,34554.35,1177.7458,1228.6393,17.37826,1.5391315e+07,0.061699122190475464,0.018544761463999748,1.0432125,25583.936,7617.723,40436.15,5600.945,7098.414,4.567789,1.923912e+07,0.032223157584667206,0.020582374185323715,1.2673601,9123.826,2183.835,12091.9,2318.9675,2755.1494,3.9344347,6.861117e+06,0.030337683856487274,0.021456794813275337,1.1880932,11119.433,2849.561,16142.35,2690.1575,2688.7065,4.133376,8.361813e+06,0.033341702073812485,0.02230651304125786,0.99946064,3054.8257,668.7552,3974.05,1154.8109,1010.92664,2.6453037,2.297229e+06,0.024828528985381126,0.023322127759456635,0.8754045
FK-866,1030.0,120.66904755831213,0.7036237020980592,0.9744560075685903,0.8103855232100708,0.8889049384834521,43.097556869983194,30.62395110469317,1.4073153631498068,31172.535,18528.809,62433.8,1716.8267,1631.0773,18.157066,3.2107712e+07,0.04425625130534172,0.009321821853518486,0.9500536,39944.87,14572.915,65131.55,7180.1694,6886.4478,5.5632215,4.1143216e+07,0.03080802597105503,0.015698200091719627,0.9590927,16460.312,6660.8965,30457.85,2876.7632,2894.4836,5.721817,1.6954122e+07,0.027133530005812645,0.016188237816095352,1.0061599,18029.3,6474.7334,29396.85,3356.9739,2846.5552,5.3707004,1.857018e+07,0.02907181903719902,0.02566731721162796,0.8479527,5230.662,1855.0984,8636.45,1305.0894,980.07776,4.007896,5.387582e+06,0.028478987514972687,0.021633679047226906,0.750966
FK-866,1113.0,144.71067811865476,0.889283649709152,0.9198347107438016,0.6745454545454546,0.6678883545387339,57.47503894716461,26.286558915813686,2.1864801372913174,12643.329,2955.0837,18111.4,1596.0067,1976.5254,7.921852,1.4072025e+07,0.036681290715932846,0.014349626377224922,1.2384192,9917.184,1444.8859,12506.2,6565.914,4178.0586,1.5104041,1.1037825e+07,0.011096346192061901,0.009554831311106682,0.6363255,4556.3296,1022.6203,6479.6,3578.0483,2780.105,1.273412,5.071195e+06,0.017517339438199997,0.02127148024737835,0.7769892,4599.8247,671.10236,5830.0,2284.9219,1600.0914,2.0131211,5.119605e+06,0.011625018902122974,0.024287307634949684,0.70028275,1904.9847,266.15692,2318.0,1057.4739,602.21783,1.8014485,2.120248e+06,0.012378665618598461,0.01483854092657566,0.5694872
FK-866,407.0,75.35533905932738,0.7481341781808404,0.9667458432304038,0.7537037037037037,0.9006918161818953,28.06983759574684,18.625669857331378,1.5070511724279316,12216.978,2383.4697,16411.8,1450.5314,1887.8829,8.422415,4.97231e+06,0.024066518992185593,0.009574194438755512,1.3015113,7686.8477,798.6873,8976.6,4854.579,3371.4495,1.5834221,3.128547e+06,0.006372923031449318,0.007443564012646675,0.6944885,3011.7642,407.2063,3826.6,2221.749,1676.2219,1.3555825,1.225788e+06,0.010846216231584549,0.015859395265579224,0.7544605,3730.5183,551.0675,4660.4,2256.9502,1384.1818,1.6529024,1.518321e+06,0.008345292881131172,0.02079498954117298,0.61329746,1464.1917,121.965904,1665.1,974.8547,567.12836,1.5019588,595926.0,0.007369058206677437,0.011931132525205612,0.58175683
FK-866,456.0,78.42640687119285,0.6590646947074518,0.9681528662420382,0.7307692307692307,0.9316441695943486,27.845085413931624,20.941905883798018,1.3296347318356703,29762.285,20293.95,65113.0,1010.20526,1478.7659,29.461622,1.3571602e+07,0.052942194044589996,0.01024849247187376,1.4638271,30990.887,14519.788,49354.5,4974.831,9849.448,6.2295356,1.4131844e+07,0.027068933472037315,0.021433472633361816,1.9798558,10639.724,4772.539,17610.25,1646.0493,3077.4346,6.4637938,4.851714e+06,0.02902902290225029,0.017416326329112053,1.8695884,13675.202,7675.5913,27269.0,2205.964,3904.3833,6.1991954,6.235892e+06,0.031787220388650894,0.017547812312841415,1.7699215,4320.0107,2358.641,7788.75,846.43805,1274.4591,5.103753,1.969925e+06,0.03069569356739521,0.019215110689401627,1.5056732
FK-866,480.0,83.94112549695427,0.7366845130526473,0.9542743538767395,0.8,0.8560547184494142,30.266562373657642,20.467356988177325,1.4787723882053108,11817.89,1885.4944,15165.25,1639.4711,2072.8594,7.208355,5.672587e+06,0.022763479501008987,0.011019929312169552,1.2643464,8435.031,1083.357,9952.95,4954.115,4275.3784,1.7026312,4.048815e+06,0.006305669900029898,0.008371444419026375,0.8629953,3512.1833,703.3858,4883.5,2360.5066,2281.9575,1.4878939,1.685848e+06,0.011290512979030609,0.016873294487595558,0.9667236,4706.6855,829.7181,6046.25,2490.9333,1992.4768,1.8895268,2.259209e+06,0.01505958754569292,0.018703114241361618,0.79989165,1119.3688,113.812454,1302.25,767.7797,403.55917,1.4579296,537297.0,0.005526309367269278,0.007580917794257402,0.52561843
FK-866,464.0,78.18376618407358,0.3847819171871982,0.9686847599164927,0.7759197324414716,0.9538820374052202,25.320040204799213,23.37058743657933,1.0834147953495008,28483.379,15925.344,54611.8,709.3738,1119.4307,40.15285,1.3216288e+07,0.059742268174886703,0.016010528430342674,1.5780548,41166.3,5966.6323,49025.55,4206.528,8290.629,9.78629,1.9101164e+07,0.0457458458840847,0.028695430606603622,1.970896,12937.809,1321.4159,15074.1,1355.5415,2471.7754,9.544384,6.003143e+06,0.04633381590247154,0.021034331992268562,1.8234597,16495.713,4102.117,22824.65,1700.6102,2412.566,9.699879,7.654011e+06,0.038228847086429596,0.018055735155940056,1.4186472,5548.157,1425.8785,7494.15,645.93024,826.8374,8.589406,2.574345e+06,0.03904310613870621,0.020448865368962288,1.2800723
FK-866,436.0,78.76955262170047,0.7708707471326981,0.9667405764966741,0.7517241379310344,0.8830384116904232,29.64219549168918,18.88182936494809,1.5698794284581585,10949.022,1814.1165,14553.0,1586.8578,2092.6726,6.899813,4.773774e+06,0.017746150493621826,0.008991691283881664,1.3187524,8103.78,1576.1031,11413.5,4319.294,1952.6864,1.8761816,3.533248e+06,0.004887723363935947,0.0033281734213232994,0.45208463,3368.3235,1239.0444,6190.0,1861.2169,811.65576,1.8097426,1.468589e+06,0.011935129761695862,0.006182760465890169,0.43608874,3218.211,890.96265,5599.5,2113.5217,873.8608,1.5226771,1.40314e+06,0.010761195793747902,0.013082609511911869,0.41346192,1289.0482,189.43958,1617.75,849.6532,322.3071,1.5171463,562025.0,0.006029956042766571,0.0089515820145607,0.3793396
FK-866,438.0,77.94112549695427,0.33044350527968436,0.9668874172185431,0.7934782608695652,0.9060467957096503,24.4956925951639,23.11966599931259,1.0595175810884214,10351.425,1410.952,12996.85,1852.6681,2141.5354,5.5873065,4.533924e+06,0.018306463956832886,0.011105259880423546,1.1559197,8163.2285,672.71326,9414.05,6485.5435,2649.0183,1.2586807,3.575494e+06,0.005230797454714775,0.005904560908675194,0.4084497,3451.7192,344.76102,4087.45,2908.6255,1402.7148,1.1867183,1.511853e+06,0.008844224736094475,0.01226188987493515,0.48226038,4364.1006,504.3648,5347.5,3000.3423,1420.7985,1.4545343,1.911476e+06,0.007514456752687693,0.016175083816051483,0.47354546,1238.2786,113.96254,1418.3,918.9051,305.2136,1.3475587,542366.0,0.005797598045319319,0.007510842755436897,0.3321492
FK-866,1030.0,118.32590180780451,0.3301095564191724,0.9716981132075472,0.7947530864197531,0.9244585481298135,37.310270439647375,35.21875464728946,1.0593864210504924,30434.99,20552.926,65183.0,1679.3859,1840.9658,18.12269,3.134804e+07,0.028586814180016518,0.005845358595252037,1.0962137,49024.22,18268.256,65133.0,5119.04,6814.613,9.5768385,5.0494944e+07,0.0362996831536293,0.016419438645243645,1.3312286,23944.512,11907.764,44593.2,2218.1604,2386.062,10.794761,2.4662848e+07,0.029873518273234367,0.01449365820735693,1.0756941,22558.031,12566.466,44517.9,2208.1938,1833.6969,10.215603,2.3234772e+07,0.02927115373313427,0.010507863946259022,0.8304058,6046.498,2914.491,10628.0,908.2909,559.4266,6.6570063,6.227893e+06,0.028725817799568176,0.0091225141659379,0.61591125
FK-866,800.0,111.15432893255071,0.5753458798912443,0.9345794392523364,0.7142857142857143,0.8136677236754586,35.95600077325636,29.408780294218047,1.2226280863584655,12700.112,2257.4932,16700.2,1557.6212,1823.2113,8.153531,1.016009e+07,0.024893494322896004,0.01009130198508501,1.17051,8412.135,1163.2072,10433.2,6064.0854,2084.172,1.3872058,6.729708e+06,0.005048353224992752,0.004013016354292631,0.34369108,3395.8174,640.22455,4534.9,2758.6992,1055.732,1.2309488,2.716654e+06,0.008011706173419952,0.009556286968290806,0.38269198,4204.425,336.72922,4685.85,2359.9905,1125.4021,1.7815431,3.36354e+06,0.008472217246890068,0.015512918122112751,0.47686723,1208.2037,153.49777,1451.0,880.66797,229.13431,1.3719175,966563.0,0.0053931172005832195,0.006810326129198074,0.2601824
FK-866,777.0,103.25483399593904,0.32507321214102025,0.9664179104477612,0.7832661290322581,0.9158199444001117,32.51169034188476,30.745943149537197,1.0574302497002483,12960.631,2309.5369,16575.6,1454.7306,1819.831,8.9093,1.007041e+07,0.023632913827896118,0.00946724321693182,1.2509747,7898.7065,861.8906,9361.8,5602.88,2179.4944,1.4097583,6.137295e+06,0.005904946010559797,0.003585530212149024,0.38899538,3379.0488,495.1611,4347.0,2901.1548,1231.515,1.1647254,2.625521e+06,0.009145233780145645,0.008837264962494373,0.42449132,3920.6704,495.59903,4938.2,2347.4739,909.3375,1.6701658,3.046361e+06,0.010638528503477573,0.014300334267318249,0.38736853,1354.8958,156.5248,1623.4,968.74,445.25537,1.3986166,1.052754e+06,0.007750469725579023,0.009200646542012691,0.4596232
FK-866,769.0,108.08326112068524,0.8144817486332739,0.9660804020100503,0.7502439024390244,0.8272167583208118,41.356857361254015,23.994801036992154,1.7235757569939936,15149.215,3543.8582,21058.2,1286.7186,1551.3607,11.773525,1.1649746e+07,0.030080672353506088,0.010327263735234737,1.205672,10249.644,1335.3027,12631.6,5006.65,2944.6875,2.047206,7.881976e+06,0.00772031070664525,0.0052248830907046795,0.58815527,4651.151,726.1904,6080.0,2348.502,1559.3813,1.9804757,3.576735e+06,0.016260933130979538,0.013177871704101562,0.6639898,5175.6553,865.10315,6787.0,1977.9109,1104.4958,2.6167283,3.980079e+06,0.014494892209768295,0.013676417991518974,0.55841535,1645.4044,563.08826,2090.6,1221.554,1269.4073,1.3469764,1.265316e+06,0.029570044949650764,0.03563421219587326,1.0391742
FK-866,428.0,77.84062043356595,0.7694027528592443,0.963963963963964,0.6948051948051948,0.887648565057655,29.27011214651791,18.696692911556116,1.5655235011335367,11942.603,2068.984,15424.6,1556.7899,1984.4067,7.6713,5.111434e+06,0.016732733696699142,0.00812382623553276,1.2746786,6793.5864,733.37573,8101.95,4666.987,2520.5686,1.4556687,2.907655e+06,0.004834282677620649,0.004470395855605602,0.5400848,2706.792,295.17282,3220.3,2178.1846,1410.9854,1.2426826,1.158507e+06,0.008067900314927101,0.01008719950914383,0.6477804,4085.4907,367.31497,4651.1,2530.1052,1317.1091,1.6147513,1.74859e+06,0.011247249320149422,0.014366879127919674,0.52057487,1046.4626,150.08324,1211.25,681.3502,291.79858,1.535866,447886.0,0.010639945045113564,0.006717428099364042,0.42826518
FK-866,345.0,67.35533905932738,0.6643666617373182,0.971830985915493,0.7467532467532467,0.9556192855652221,24.32009784497097,18.17700673516726,1.337959445100419,11016.432,1859.9294,14440.4,1911.3834,2302.5967,5.763591,3.800669e+06,0.017939098179340363,0.009059522300958633,1.2046754,7453.693,1912.6729,11798.8,4730.786,1790.4045,1.5755718,2.571524e+06,0.008177284151315689,0.004534258972853422,0.37845814,3502.7449,1577.968,7127.6,2368.7498,1094.9948,1.4787315,1.208447e+06,0.020394274964928627,0.01029976550489664,0.46226695,4075.6318,1378.1034,7360.2,2383.309,908.7957,1.7100728,1.406093e+06,0.022133471444249153,0.011485972441732883,0.38131678,1204.1478,221.29558,1604.6,821.6594,344.6036,1.4655073,415431.0,0.008251027204096317,0.007625606842339039,0.41939956
FK-866,740.0,108.46803743153546,0.8593261030963547,0.9622886866059818,0.6040816326530613,0.7903837798319666,43.15807197250529,22.072248515149504,1.9553092628004494,11381.988,1681.8638,14151.45,1547.9231,2187.4448,7.3530707,8.422671e+06,0.019685333594679832,0.008376576006412506,1.4131483,7097.838,1077.5248,8724.1,3986.4739,2748.7087,1.7804803,5.2524e+06,0.005754150915890932,0.004261672496795654,0.6895088,2960.8823,855.05396,4285.4,1723.5931,1295.5271,1.7178545,2.191053e+06,0.010692729614675045,0.008556174114346504,0.75164324,3639.177,840.1856,5004.65,1632.5764,1308.6864,2.2291005,2.692991e+06,0.011399992741644382,0.01569192111492157,0.801608,1236.0662,158.96214,1502.35,596.2125,340.24695,2.0731971,914689.0,0.005953812971711159,0.006173218134790659,0.5706806
FK-866,446.0,79.69848480983501,0.6296486923554625,0.9612068965517241,0.8168498168498168,0.8823575232916121,27.16826080267522,21.106478274293554,1.2872000932417305,12312.209,2161.4944,15627.75,1720.4951,1933.0352,7.156201,5.491245e+06,0.02357262745499611,0.009630387648940086,1.1235342,8357.825,956.3886,9899.75,6006.588,2507.4497,1.3914431,3.72759e+06,0.005139130633324385,0.004861046560108662,0.41744992,3562.3945,712.04236,4925.25,2631.374,1151.507,1.3538153,1.588828e+06,0.009595636278390884,0.008208118379116058,0.43760672,5164.87,1117.0378,7328.25,2662.2993,1087.5184,1.9400035,2.303532e+06,0.01411842368543148,0.01585809513926506,0.40848842,1169.0627,121.73709,1376.75,810.7169,323.57224,1.442011,521402.0,0.00628113467246294,0.007098827511072159,0.39911863
FK-866,669.0,103.25483399593904,0.8250602743620464,0.9502840909090909,0.745819397993311,0.7885245081128376,38.906507126562644,21.983916703330298,1.7697714038676637,15168.812,4288.5273,22358.4,1406.3756,1696.3654,10.785747,1.0147935e+07,0.029594793915748596,0.010565320961177349,1.2061965,10662.053,2842.0198,16046.4,5469.422,1910.498,1.949393,7.132913e+06,0.013023662380874157,0.004323448054492474,0.3493053,4900.628,1408.8756,8148.4,2510.014,1133.2832,1.9524306,3.27852e+06,0.02298024669289589,0.00811824668198824,0.45150474,5151.52,1528.368,8618.0,2492.9421,1232.4481,2.0664418,3.446367e+06,0.022587409242987633,0.020149296149611473,0.49437493,1578.9193,491.74545,2470.2,857.3152,423.3071,1.8417022,1.056297e+06,0.01462226640433073,0.009367356076836586,0.493759
FK-866,271.0,66.2842712474619,0.7811062191033894,0.9249146757679181,0.6642156862745098,0.7751007965109872,24.305712846862054,15.176442617818127,1.601542170253098,10475.956,1819.3275,13789.0,1673.7855,2334.2302,6.25884,2.838984e+06,0.02878551185131073,0.012367352843284607,1.3945814,6627.9224,769.4558,7887.5,3306.3943,2894.723,2.0045772,1.796167e+06,0.008272435516119003,0.006583580281585455,0.87549233,2458.9631,309.59436,3058.5,1362.0112,1317.8029,1.8053912,666379.0,0.0105277169495821,0.011446892283856869,0.9675418,3788.7085,447.7323,4526.0,1492.2627,1197.9706,2.5389018,1.02674e+06,0.010894060134887695,0.013471954502165318,0.802788,1359.5941,203.57701,1767.0,699.2439,569.69684,1.9443775,368450.0,0.01282966323196888,0.014952942728996277,0.8147327
FK-866,285.0,64.52691193458118,0.7777215311099437,0.9405940594059405,0.7125,0.8601475584007129,24.24398698267866,15.239987355804075,1.5908141139923881,11759.428,2987.599,18174.2,1346.5253,2093.9373,8.733166,3.351437e+06,0.03420935571193695,0.010278147645294666,1.5550672,7548.9507,1400.633,9715.4,3340.2986,3233.4387,2.2599628,2.151451e+06,0.008497423492372036,0.010752690024673939,0.9680089,2972.2317,462.8752,3801.4,1459.7421,1622.1228,2.036135,847086.0,0.0133362440392375,0.01831616461277008,1.1112393,3914.1755,495.86166,4706.2,1343.7014,1484.6172,2.91298,1.11554e+06,0.009171564131975174,0.022012803703546524,1.1048714,1370.628,291.19287,1904.4,699.3916,693.16583,1.9597434,390629.0,0.01022180262953043,0.021000197157263756,0.9910983
FK-866,256.0,58.04163056034261,0.6200115818102092,0.9696969696969697,0.8,0.9549279835285654,20.507725190193142,16.09021060910617,1.2745467221284787,9189.949,610.4181,10248.5,1920.3927,2522.132,4.7854533,2.352627e+06,0.012706520035862923,0.009443158283829689,1.3133419,5878.426,335.56372,6420.0,3914.584,2545.6836,1.5016732,1.504877e+06,0.0023682976607233286,0.0055593750439584255,0.6503076,2201.3945,135.15535,2436.25,1622.1313,1059.0225,1.3571,563557.0,0.0028592729941010475,0.009367045015096664,0.6528586,3226.375,216.04553,3547.25,1922.8909,2175.4119,1.6778773,825952.0,0.00460722204297781,0.02516772598028183,1.1313236,941.6328,91.01196,1078.25,676.171,564.886,1.3925956,241058.0,0.0045012179762125015,0.02093859761953354,0.8354188
LY2109761,447.0,97.84062043356595,0.8837245156387348,0.8186813186813187,0.5137931034482759,0.5867849833714749,37.683637099933875,17.636223195879136,2.1367180876197462,13465.774,9066.312,29966.2,354.96442,653.0707,37.935562,6.019201e+06,0.08114594966173172,0.017222093418240547,1.8398201,25177.076,6038.255,35949.7,5275.0415,6752.9595,4.7728677,1.1254153e+07,0.038624800741672516,0.029980340972542763,1.2801719,10710.08,2523.5571,15508.0,2606.2234,3471.181,4.109425,4.787406e+06,0.045929308980703354,0.031538233160972595,1.3318815,7930.0044,1435.6104,10514.5,2301.1892,2476.0244,3.446046,3.544712e+06,0.02976510487496853,0.02517007291316986,1.075976,2004.9933,562.1418,3070.4,433.6413,691.9978,4.6236215,896232.0,0.03554849699139595,0.021494777873158455,1.595784
LY2109761,595.0,102.08326112068524,0.875047033539881,0.926791277258567,0.6121399176954733,0.7174931495296404,39.90486033076522,19.315464813120148,2.0659539243218004,5049.0806,522.9836,5899.9,1486.5205,1660.2561,3.3965764,3.004203e+06,0.012064902111887932,0.01308804377913475,1.116874,5778.0454,1206.1245,7928.3,4543.28,995.3073,1.2717785,3.437937e+06,0.012182628735899925,0.008126887492835522,0.21907242,2218.3933,456.00305,3137.3,2194.1245,707.70233,1.0110608,1.319944e+06,0.00789615884423256,0.0113788777962327,0.32254428,3631.0151,832.24786,5213.2,2429.3616,1099.474,1.4946376,2.160454e+06,0.01716662012040615,0.019790614023804665,0.45257735,223.37816,73.001854,358.9,226.11377,121.32531,0.9879016,132910.0,0.005178139079362154,0.008300714194774628,0.53656757
LY2109761,514.0,85.01219330881975,0.5908094433187944,0.9607476635514018,0.7385057471264368,0.893738652673367,28.760852966344668,23.204576320636136,1.239447450749931,8396.057,1783.3496,10873.0,742.13416,832.98126,11.313395,4.315573e+06,0.03031894564628601,0.013862162828445435,1.1224133,9070.2705,1609.0984,12324.45,5853.783,3251.3213,1.5494715,4.662119e+06,0.013046151027083397,0.009934320114552975,0.55542225,3838.43,946.41144,5849.2,2624.1836,1706.7213,1.462714,1.972953e+06,0.012603321112692356,0.013004865497350693,0.6503818,4893.296,1121.5419,7501.25,2769.478,1656.5837,1.7668657,2.515154e+06,0.021899085491895676,0.020421642810106277,0.5981574,857.77625,140.68596,1109.35,647.2757,320.60193,1.32521,440897.0,0.009867672808468342,0.013622435741126537,0.4953097
LY2109761,586.0,104.66904755831213,0.8366211745220893,0.9029275808936826,0.6260683760683761,0.6721573244050265,37.75624156396285,20.682185753644266,1.8255440703268069,5196.5923,448.68277,5930.75,1548.5476,1578.2808,3.3557847,3.045203e+06,0.013420294970273972,0.014294606633484364,1.0192007,6274.954,1023.4979,8163.75,7589.926,1833.852,0.8267478,3.677123e+06,0.012062102556228638,0.011669714003801346,0.24161659,2664.6775,463.11252,3525.5,3757.3572,1504.659,0.7091893,1.561501e+06,0.009536405093967915,0.014706031419336796,0.40045676,3967.0684,635.89667,5291.75,3325.0745,1416.0107,1.1930765,2.324702e+06,0.017950326204299927,0.024736210703849792,0.42585835,468.8925,54.817947,554.75,608.7295,263.96924,0.77028054,274771.0,0.005257152020931244,0.010685100220143795,0.43363965
LY2109761,454.0,79.84062043356595,0.681538974965254,0.9578059071729957,0.6984615384615385,0.8949894389270733,28.151718696934065,20.600915819542678,1.3665275341899343,5917.7754,762.95166,7256.9,905.85864,1047.716,6.53278,2.68667e+06,0.01803051121532917,0.011352821253240108,1.1565998,6157.443,1100.5161,8330.4,6398.684,1293.6356,0.96229833,2.795479e+06,0.014154966920614243,0.010625322349369526,0.20217213,2433.3987,508.07205,3583.0,3067.5264,1076.8927,0.7932772,1.104763e+06,0.012544877827167511,0.015113838948309422,0.35106224,3572.674,297.32568,4069.1,2570.2246,1606.9296,1.3900241,1.621994e+06,0.015149821527302265,0.018839754164218903,0.6252098,586.0352,109.28051,790.75,653.62805,289.7064,0.8965882,266060.0,0.0067114862613379955,0.012482433579862118,0.44322821
LY2109761,684.0,107.9827560572969,0.8812493298527647,0.9306122448979591,0.6047745358090185,0.7371521729724828,43.48393084561049,20.552753336434023,2.1157228977455875,6965.209,1299.9125,9140.7,1034.1335,1008.68353,6.735309,4.764203e+06,0.02181035652756691,0.013207253068685532,0.97539,6368.3687,1000.9908,8483.15,6571.276,1781.8131,0.9691221,4.355964e+06,0.01018854882568121,0.011077040806412697,0.27115178,2712.5642,471.98303,3681.55,3050.567,1171.2821,0.88920003,1.855394e+06,0.009309796616435051,0.014390630647540092,0.38395557,4430.813,784.0671,6197.4,3084.192,1389.159,1.4366204,3.030676e+06,0.021021809428930283,0.021219715476036072,0.45041266,677.98975,183.82428,1143.6,734.6371,244.07027,0.9228907,463745.0,0.012052271515130997,0.014923526905477047,0.33223245
LY2109761,744.0,102.32590180780451,0.7531440920778993,0.9738219895287958,0.7330049261083744,0.8929181235881725,37.95571814539894,24.969381333468792,1.5200904515212537,6100.536,776.7068,7451.65,996.8024,1054.9526,6.1201057,4.538799e+06,0.016675980761647224,0.011451722122728825,1.0583367,7215.2417,1358.5282,9871.3,7618.2783,2008.4188,0.9470961,5.36814e+06,0.017067886888980865,0.015688957646489143,0.26363158,2971.4663,448.7419,3774.5,3637.93,1334.0447,0.8168014,2.210771e+06,0.012887656688690186,0.02124381996691227,0.36670434,5198.684,780.6581,6651.0,3632.7112,1562.5331,1.4310756,3.867821e+06,0.02287951670587063,0.03133244812488556,0.43012863,711.9328,107.68312,918.55,774.3628,309.01877,0.9193789,529678.0,0.011381051503121853,0.018752768635749817,0.399062
LY2109761,547.0,96.42640687119284,0.8961600333525993,0.9496527777777778,0.671990171990172,0.7392736423572026,39.84975723266688,17.682572368885978,2.2536176525303517,5414.5464,538.1141,6350.1,810.59515,1165.8231,6.679717,2.961757e+06,0.015539583750069141,0.008611214347183704,1.4382311,5841.263,1125.4032,8291.8,4118.566,1643.2673,1.418276,3.195171e+06,0.010622281581163406,0.006593517027795315,0.39899018,2318.0603,361.3595,3067.0,1844.7908,946.8513,1.2565438,1.267979e+06,0.007781058084219694,0.009538823738694191,0.5132567,2728.1882,634.00964,4298.0,1435.7614,837.28955,1.9001683,1.492319e+06,0.013034461997449398,0.015870017930865288,0.5831676,497.6563,73.27978,643.7,413.6321,242.93266,1.2031375,272218.0,0.007052213419228792,0.01106314267963171,0.5873158
LY2109761,682.0,99.01219330881975,0.7529862506573036,0.9619181946403385,0.7893518518518519,0.8742122273405599,36.432229239777556,23.97372750827718,1.5196731182999785,5904.9487,579.88525,6885.95,1000.32574,1077.0907,5.9030256,4.027175e+06,0.020171569660305977,0.013293560594320297,1.0767399,6311.6025,902.4839,8050.5,7296.3936,1049.2524,0.86503047,4.304513e+06,0.013250407762825489,0.01007638406008482,0.14380425,2383.714,340.013,3043.85,3474.344,719.38367,0.6860904,1.625693e+06,0.00986231118440628,0.012343131005764008,0.20705597,4360.6934,447.36423,5222.45,3581.857,1304.7455,1.2174393,2.973993e+06,0.012041528709232807,0.024686181917786598,0.3642651,619.629,78.074646,751.8,827.7678,339.85254,0.7485541,422587.0,0.007690544705837965,0.014956922270357609,0.41056505
LY2109761,1370.0,144.71067811865476,0.8026609005983925,0.9654686398872445,0.732620320855615,0.8221087562606157,54.231887851930054,32.34583101162521,1.6766268219369265,8802.831,1888.4393,11627.1,893.87195,689.3435,9.847978,1.2059879e+07,0.032614849507808685,0.017982088029384613,0.7711882,8352.846,1641.9863,11522.4,7515.745,2286.6655,1.1113796,1.1443399e+07,0.013027871958911419,0.013172402046620846,0.30425,3717.8599,797.4564,5307.75,3789.1138,1600.9062,0.9811951,5.093468e+06,0.0161118321120739,0.01818409562110901,0.4225015,5128.7935,871.15045,6809.1,2972.976,1170.9188,1.7251378,7.026447e+06,0.018702276051044464,0.024765372276306152,0.3938541,954.63574,186.67929,1307.0,935.1626,365.3979,1.0208232,1.307851e+06,0.013412551023066044,0.020037002861499786,0.39073193
LY2109761,596.0,95.94112549695429,0.8321800276913913,0.952076677316294,0.7883597883597884,0.8136666314873214,37.37095500338536,20.722401841272323,1.8034084701974318,6819.9146,1087.2426,8828.0,992.69025,1018.0518,6.8701334,4.064669e+06,0.025884702801704407,0.0156443752348423,1.0255483,8238.594,1352.1691,10903.25,8395.543,2561.6912,0.98130566,4.910202e+06,0.015501081012189388,0.017129577696323395,0.30512515,4132.6914,810.02606,5747.25,4256.423,1879.7615,0.97093064,2.463084e+06,0.016531698405742645,0.022097265347838402,0.4416294,4445.0283,619.49316,5579.75,3267.0615,2166.9521,1.3605585,2.649237e+06,0.021743299439549446,0.031289614737033844,0.6632725,656.16614,118.34495,859.25,686.27155,339.25018,0.95613194,391075.0,0.011863618157804012,0.019261755049228668,0.49433812
LY2109761,269.0,59.698484809834994,0.35405684671908216,0.9539007092198581,0.7451523545706371,0.9484960506105116,19.263424463918916,18.015615017943794,1.0692626615706589,5485.431,639.17596,6478.2,1015.9352,1174.1691,5.3993907,1.475581e+06,0.016136206686496735,0.013283181935548782,1.155752,6431.9517,1337.2413,8990.2,5650.508,1711.7224,1.1382962,1.730195e+06,0.01369781419634819,0.011403721757233143,0.3029325,2616.1858,529.2507,3785.0,2697.9841,1086.2208,0.9696817,703754.0,0.013197948224842548,0.013807698152959347,0.4026046,3840.8252,272.61832,4226.2,2525.461,1360.7534,1.5208412,1.033182e+06,0.01191974151879549,0.021296167746186256,0.5388139,682.3309,72.42988,796.4,574.5373,232.0913,1.187618,183547.0,0.0060491422191262245,0.012052137404680252,0.4039621
LY2109761,1128.0,128.5685424949238,0.7652173036780142,0.9699054170249355,0.7663043478260869,0.8575303950194605,47.43839720026752,30.539515164559834,1.5533448040890419,7148.1987,1084.3484,9028.3,748.77686,964.8087,9.5465,8.063168e+06,0.019204912707209587,0.010951426811516285,1.288513,6319.087,1273.5764,8733.55,5568.687,1311.738,1.1347535,7.12793e+06,0.011373992078006268,0.00924178957939148,0.23555607,2844.9387,527.04736,3810.25,2714.241,1093.562,1.0481526,3.209091e+06,0.010738357901573181,0.013910094276070595,0.40289792,3483.0781,819.6718,5135.95,1994.9802,1133.896,1.7459211,3.928912e+06,0.01869836263358593,0.01899583637714386,0.5683746,486.64804,87.075096,636.0,455.81555,189.69759,1.0676425,548939.0,0.00715339370071888,0.010690978728234768,0.41617182
LY2109761,715.0,102.66904755831214,0.6748219920156036,0.9623149394347241,0.7251521298174443,0.8523870430573887,35.78732128837242,26.41034673012118,1.3550492787569781,6311.9956,784.4468,7730.2,987.71344,1052.1802,6.390513,4.513077e+06,0.020771993324160576,0.012896671891212463,1.0652686,7815.6235,1516.9187,10729.6,7593.8076,1960.4353,1.0292101,5.588171e+06,0.013222284615039825,0.013831294141709805,0.25816235,3477.0334,679.24316,4690.0,3519.7456,1363.8093,0.987865,2.486079e+06,0.009920555166900158,0.01562221348285675,0.38747382,4399.1636,572.6871,5299.0,3218.537,1697.1353,1.3668208,3.145402e+06,0.015450124628841877,0.02320919558405876,0.5273002,679.87134,128.95834,902.9,644.13934,289.99634,1.0554725,486108.0,0.010022180154919624,0.013972723856568336,0.45020747
LY2109761,784.0,107.84062043356596,0.7741262699183359,0.9607843137254902,0.7935222672064778,0.8471516696034905,40.005540644632156,25.32475597123603,1.5797009333503795,5590.602,581.1664,6570.4,1293.0756,1354.5555,4.323492,4.383032e+06,0.013371549546718597,0.01331192348152399,1.0475456,5631.925,879.861,7449.2,7391.965,1708.866,0.7618982,4.415429e+06,0.01139708049595356,0.012571522034704685,0.23117885,2567.7705,383.0999,3307.85,4105.2744,1600.7273,0.62548083,2.013132e+06,0.009704601019620895,0.019209325313568115,0.38991967,3065.9055,268.51678,3514.7,3292.5432,1876.865,0.93116635,2.40367e+06,0.009027700871229172,0.030157113447785378,0.57003504,516.4388,70.64077,643.85,695.42377,315.24353,0.7426246,404888.0,0.008319896645843983,0.017140310257673264,0.4533114
LY2109761,769.0,104.42640687119285,0.7178157172877411,0.969735182849937,0.7911522633744856,0.88616691966088,37.60776269208006,26.18377099863976,1.436300473832962,6396.8726,776.9364,7530.6,1112.101,1073.4574,5.752061,4.919195e+06,0.020807623863220215,0.013937857933342457,0.96525174,7851.1133,1623.5424,10923.8,8502.26,2172.778,0.9234149,6.037506e+06,0.018984317779541016,0.013226679526269436,0.255553,3174.4617,861.3631,5077.8,4027.2607,1453.2886,0.7882434,2.441161e+06,0.012680294923484325,0.014802923426032066,0.3608628,5360.4526,784.4041,6963.6,3796.6055,1984.1385,1.4119067,4.122188e+06,0.016517765820026398,0.025790411978960037,0.5226086,804.75165,141.16,1083.2,887.97577,466.72382,0.9062766,618854.0,0.00852892268449068,0.0159811619669199,0.52560425
LY2109761,1351.0,144.02438661763952,0.8123106598951765,0.9663805436337625,0.6622549019607843,0.8184518683787703,54.53257614005878,31.80476130767518,1.71460416295905,7954.883,1257.7365,9656.0,975.12775,744.51215,8.157785,1.0747047e+07,0.026328392326831818,0.016455644741654396,0.7635022,8237.411,1744.9293,11473.5,8951.761,2352.1519,0.9202001,1.1128743e+07,0.01597309112548828,0.014259730465710163,0.26275858,3526.1665,920.9396,5405.0,4243.1597,1858.4779,0.83102375,4.763851e+06,0.01663827896118164,0.01869974471628666,0.43799385,4963.729,906.78235,6588.0,3848.5688,1351.2413,1.2897598,6.705998e+06,0.02001555822789669,0.0244918130338192,0.3511023,651.2191,150.3515,893.5,721.8139,261.2139,0.9021981,879797.0,0.008739479817450047,0.013971954584121704,0.36188537
LY2109761,761.0,106.66904755831213,0.7792359979067188,0.9645120405576679,0.761,0.8404612332459046,39.545796457315106,24.78456120147368,1.5955818679155689,6713.3086,1261.9137,9057.0,933.8898,1029.9246,7.1885448,5.108828e+06,0.022908281534910202,0.01266277302056551,1.1028332,5769.3853,1017.8993,7820.0,5183.224,2363.7783,1.1130881,4.390502e+06,0.01036993321031332,0.00922909751534462,0.45604402,2550.4456,325.08188,3268.0,2528.6028,1274.3119,1.0086383,1.940889e+06,0.008117010816931725,0.01168818585574627,0.5039589,3168.2996,465.3618,4164.0,2247.453,1081.0138,1.409729,2.411076e+06,0.011979852803051472,0.01960630714893341,0.4809951,758.088,89.71118,925.0,762.47736,280.49142,0.9942433,576905.0,0.0071304612793028355,0.015044412575662136,0.36786854
LY2109761,1159.0,125.63961030678928,0.4473223801962025,0.9772344013490725,0.7640079103493738,0.9226566975108952,40.746499495856234,36.44256045240585,1.1181019936585233,9135.21,2078.4375,12527.0,821.4184,618.5833,11.121263,1.0587708e+07,0.027982430532574654,0.01227491069585085,0.75306726,9068.55,2186.1086,13021.5,6691.9316,1679.9629,1.3551468,1.0510449e+07,0.017817432060837746,0.010970796458423138,0.25104305,4021.3357,994.3479,5731.5,2867.7124,1274.041,1.40228,4.660728e+06,0.012891898863017559,0.014279092662036419,0.44427085,5329.026,899.45953,6974.9,2877.162,854.38275,1.8521813,6.176341e+06,0.01773947849869728,0.018452156335115433,0.2969533,973.088,212.18936,1291.9,787.7616,312.10208,1.235257,1.127809e+06,0.009657791815698147,0.016010284423828125,0.3961885
LY2109761,1185.0,129.88225099390854,0.6177530459525069,0.969721767594108,0.7234432234432234,0.8827314517383628,43.959791043359054,34.568755841318804,1.2716625164396422,7637.3027,1151.1672,9356.8,902.0593,911.528,8.466519,9.050204e+06,0.024263523519039154,0.015681305900216103,1.0104967,7104.9814,1012.30286,9175.2,6730.6143,1488.0082,1.0556215,8.419403e+06,0.012227763421833515,0.010858065448701382,0.22108059,3286.2092,509.18997,4137.0,3609.231,1268.4949,0.91050124,3.894158e+06,0.012428486719727516,0.017449649050831795,0.3514585,3871.8599,567.8617,5046.8,2563.8306,1065.662,1.5101856,4.588154e+06,0.018904445692896843,0.02261120080947876,0.41565228,639.35693,99.92225,810.0,634.67084,229.17937,1.0073835,757638.0,0.008642447181046009,0.011680678464472294,0.36109957
LY2109761,682.0,104.32590180780451,0.758159618592272,0.9266304347826086,0.6647173489278753,0.7874263499734703,37.523429994681045,24.46786581775405,1.533580013646053,6983.342,1358.0643,9610.75,1110.4608,1052.0143,6.288688,4.762639e+06,0.023232372477650642,0.012515245005488396,0.9473673,7614.613,1566.4648,10749.95,7339.515,1960.6125,1.0374817,5.193166e+06,0.018618334084749222,0.013565341010689735,0.26713106,3694.638,869.48486,5593.25,3738.4072,1871.0016,0.988292,2.519743e+06,0.01759316772222519,0.022270694375038147,0.50048095,4992.5703,1091.6957,7293.45,3296.8154,1536.3423,1.5143615,3.404933e+06,0.02454339526593685,0.026784909889101982,0.46600798,890.1628,396.93958,1320.9,1149.9363,845.3104,0.7740975,607091.0,0.038849979639053345,0.05459630489349365,0.7350933
LY2109761,747.0,104.08326112068522,0.7690840914470848,0.9626288659793815,0.7661538461538462,0.8665002329558086,38.68457884007124,24.72515589505616,1.5645838191785189,5962.8823,736.13684,7352.0,1012.61676,1036.2494,5.8885875,4.454273e+06,0.018552318215370178,0.010849079117178917,1.0233382,7704.3027,1942.9017,12059.3,6842.405,1442.079,1.1259642,5.755114e+06,0.0201712679117918,0.012381221167743206,0.21075617,3063.2048,438.55594,3821.9,3345.5374,1043.3671,0.91560924,2.288214e+06,0.012312686070799828,0.016810854896903038,0.3118683,4733.4805,462.67395,5411.7,3232.2383,1052.6964,1.4644591,3.53591e+06,0.012359281070530415,0.020404992625117302,0.3256865,730.82196,88.7497,886.0,869.4978,422.9761,0.8405104,545924.0,0.009913348592817783,0.023155951872467995,0.48646024
LY2109761,798.0,120.61017305526642,0.9223617104287171,0.962605548854041,0.5115384615384615,0.6893580860735584,51.55398631029219,19.916718501363384,2.5884779315811035,6619.0425,846.3046,8082.6,646.81165,955.72144,10.233338,5.281996e+06,0.018664352595806122,0.010042081587016582,1.4775885,6065.3105,959.77893,7999.35,3458.0671,2170.8726,1.7539598,4.840118e+06,0.01005636714398861,0.005196927115321159,0.6277705,2424.174,267.59192,2914.45,1572.3197,1089.1307,1.5417819,1.934491e+06,0.0072775669395923615,0.00786120630800724,0.6926904,3464.5688,514.0107,4262.05,1505.422,1331.0381,2.3013937,2.764726e+06,0.011663367040455341,0.016334442421793938,0.8841628,759.8622,205.80606,1008.0,527.3174,361.0629,1.4409959,606370.0,0.016169873997569084,0.015786033123731613,0.68471646
LY2109761,985.0,116.32590180780451,0.5934110160299874,0.9723593287265548,0.7892628205128205,0.9147306649992193,39.54317656283877,31.828286997522042,1.242390976489478,6850.795,876.72656,8375.6,1156.6382,983.3074,5.923023,6.748033e+06,0.01904977485537529,0.012950672768056393,0.8501426,7193.606,1441.6368,10044.4,8112.3545,1290.9241,0.886747,7.085702e+06,0.015232307836413383,0.012387297116219997,0.15913063,3079.4172,624.9123,4247.6,3864.465,1270.7456,0.79685473,3.033226e+06,0.01393153890967369,0.017568735405802727,0.32882833,5007.8965,792.91547,6567.2,3397.5417,1179.1932,1.4739765,4.932778e+06,0.019515952095389366,0.022257812321186066,0.34707248,733.9432,106.25008,918.8,771.5049,247.35513,0.95131373,722934.0,0.008261235430836678,0.014755554497241974,0.32061383
LY2109761,708.0,107.39696961966999,0.7955785735785741,0.932806324110672,0.6145833333333334,0.7713634690435521,39.522732631754266,23.944864224789765,1.6505724259165757,7554.2314,1651.3392,10403.65,970.8858,817.662,7.780762,5.348396e+06,0.028869284316897392,0.011968297883868217,0.84218144,8299.68,2305.5542,13063.9,7790.543,2538.0193,1.0653532,5.876173e+06,0.020815487951040268,0.012972377240657806,0.3257821,3939.8206,1542.1707,7498.65,3603.2502,1969.0325,1.0934074,2.789393e+06,0.015193657949566841,0.01759760081768036,0.5464601,5003.6753,1441.1061,7395.1,3446.8723,1668.8212,1.4516567,3.542602e+06,0.01749402843415737,0.020120427012443542,0.4841552,1081.5381,784.8006,2115.3,1095.355,1007.07574,0.9873859,765729.0,0.03107561357319355,0.03974564000964165,0.9194058
LY2109761,841.0,113.39696961967,0.8228036447905861,0.9644495412844036,0.6985049833887044,0.8218696862223938,43.69899558240587,24.835264592639852,1.7595542588000632,6219.6777,968.2772,8096.0,1168.2936,1143.5322,5.3237286,5.230749e+06,0.016775716096162796,0.011756650172173977,0.97880554,7220.1714,1437.8472,9848.0,7507.3804,1364.5422,0.9617431,6.072164e+06,0.015423807315528393,0.011298737488687038,0.1817601,3101.8418,691.58984,4390.0,3532.7864,1124.8784,0.8780157,2.608649e+06,0.011681214906275272,0.01528641302138567,0.3184111,4509.0225,763.0758,6098.0,3065.3528,1465.3239,1.4709636,3.792088e+06,0.018641771748661995,0.02711571380496025,0.4780278,629.60284,112.66203,827.0,621.8352,198.94978,1.0124915,529496.0,0.007793135941028595,0.012922804802656174,0.31993973
LY2109761,785.0,107.1543289325507,0.7395280121806661,0.965559655596556,0.7268518518518519,0.8591323633607189,38.778983441109816,26.103133577207885,1.4856064436252179,8499.754,1530.9991,10450.4,721.2288,575.2547,11.7851,6.672307e+06,0.028599955141544342,0.012799041345715523,0.7976036,7008.8765,1029.071,8835.0,5770.134,1540.735,1.2146817,5.501968e+06,0.010618331842124462,0.008828424848616123,0.26701894,3105.3325,563.6004,4131.6,2789.8276,864.2559,1.1130912,2.437686e+06,0.012210799381136894,0.014614332467317581,0.3097883,3558.5693,957.1819,4520.4,2500.1772,804.9557,1.4233268,2.793477e+06,0.026789527386426926,0.015562447719275951,0.32195944,838.865,138.50435,1092.0,833.51373,237.60794,1.0064201,658509.0,0.011185387149453163,0.015833739191293716,0.28506783
LY2109761,971.0,122.71067811865474,0.7379195049315972,0.9482421875,0.6605442176870748,0.8103345976733717,43.11103270881632,29.095150316991617,1.4817257253914031,6977.1123,899.5173,8335.0,1103.2896,939.0566,6.323918,6.774776e+06,0.022435594350099564,0.013752657920122147,0.85114247,7514.826,1312.475,10187.0,8653.468,1644.5067,0.86841786,7.296896e+06,0.013825365342199802,0.01282130740582943,0.1900402,3225.0032,558.1304,4411.0,4495.1177,1450.6069,0.7174458,3.131478e+06,0.012524140998721123,0.017521148547530174,0.32270724,4832.6064,494.32162,5828.5,3893.4236,1226.2445,1.2412229,4.692461e+06,0.012981686741113663,0.02604534663259983,0.31495276,782.2101,121.997635,1009.0,983.0007,360.9371,0.7957371,759526.0,0.009362948127090931,0.016756093129515648,0.3671789
LY2109761,808.0,108.22539674441619,0.7014442792736343,0.965352449223417,0.6801346801346801,0.8668877214117002,38.206875900578254,27.230968754480266,1.4030670831089012,7430.537,1392.4695,9774.0,919.1859,743.33954,8.083824,6.003874e+06,0.026468757539987564,0.01348472386598587,0.80869335,9596.952,2340.2764,14649.9,7990.6567,2385.0261,1.2010217,7.754337e+06,0.018562618643045425,0.01350816898047924,0.29847685,4154.1396,942.5014,5817.65,3472.9739,1497.8484,1.1961333,3.356545e+06,0.016451328992843628,0.01694061979651451,0.43128696,6249.301,1510.1736,9205.1,3439.3918,1564.5549,1.8169785,5.049435e+06,0.028808502480387688,0.026978101581335068,0.4548929,803.91583,163.89174,1104.0,766.81464,330.3022,1.0483835,649564.0,0.009510328993201256,0.015203733928501606,0.4307458
LY2109761,280.0,60.97056274847714,0.2740078472735608,0.9824561403508771,0.8641975308641975,0.9465149726776355,19.46685116119819,18.72180524367355,1.0397956237567638,5428.1895,544.08136,6274.5,885.67444,1252.1711,6.1288767,1.519893e+06,0.011176139116287231,0.00896776095032692,1.4138052,4908.5786,695.0013,6368.1,2862.5671,1096.989,1.7147471,1.374402e+06,0.009074395522475243,0.004915132187306881,0.38321862,1961.7964,218.24493,2359.25,1197.979,512.3807,1.6375883,549303.0,0.006083670072257519,0.00703713484108448,0.42770422,2545.2107,283.92502,3019.05,1192.3811,578.701,2.1345613,712659.0,0.006272777449339628,0.008325307630002499,0.48533225,443.67856,75.20584,536.05,254.033,120.38427,1.746539,124230.0,0.006861869711428881,0.007296832278370857,0.47389224
LY2109761,757.0,103.01219330881976,0.3641936207678557,0.9570164348925411,0.7877211238293444,0.8964549615267172,32.4035306180535,30.178161631107994,1.0737410387732689,8777.07,2017.3696,11638.6,1094.6157,621.2488,8.018403,6.644242e+06,0.029946191236376762,0.014424605295062065,0.56754965,10151.891,1737.2506,13450.8,9653.681,2284.7183,1.0516083,7.684981e+06,0.021481867879629135,0.014779327437281609,0.2366681,3921.7769,904.9843,5665.0,3686.3423,2027.4291,1.0638667,2.968785e+06,0.016869906336069107,0.01699858345091343,0.5499839,5656.745,528.3724,6442.6,3509.6848,1162.0828,1.611753,4.282156e+06,0.015854043886065483,0.017979972064495087,0.33110744,1117.0383,226.78568,1530.2,1070.912,464.2814,1.043072,845598.0,0.01995307207107544,0.019821705296635628,0.43353835
LY2109761,1316.0,146.02438661763952,0.864983081351389,0.9726533628972653,0.6326923076923077,0.7755592321946891,57.9636586178096,29.08622332361608,1.992821755265386,8882.649,2072.434,12158.25,1003.6391,665.9354,8.850442,1.1689567e+07,0.031186586245894432,0.013941762037575245,0.6635208,9930.106,2630.1284,14893.25,9254.069,1697.8715,1.073053,1.306802e+07,0.021284442394971848,0.013259059749543667,0.18347296,4400.1875,1021.9219,6217.25,4676.9385,1343.2372,0.9408265,5.790647e+06,0.019164718687534332,0.020622313022613525,0.28720438,6570.725,1276.6431,8848.0,4053.0464,1309.6329,1.6211818,8.647074e+06,0.030204182490706444,0.025534439831972122,0.3231231,1004.2386,205.76387,1400.5,990.25287,328.4759,1.0141234,1.321578e+06,0.013080473057925701,0.023672737181186676,0.33170912
LY2109761,767.0,108.08326112068524,0.8526943092056777,0.979565772669221,0.775530839231547,0.8250653493264795,43.27922404627037,22.609508006357647,1.9142045918956103,8247.396,1843.5337,10563.4,1150.1888,713.2645,7.1704717,6.325753e+06,0.031454820185899734,0.020020347088575363,0.6201282,10298.314,1898.1798,13959.9,10014.23,4259.7065,1.028368,7.898807e+06,0.0187895055860281,0.021582823246717453,0.42536533,4632.093,848.6917,6227.9,4487.0635,2567.0078,1.0323217,3.552815e+06,0.016481373459100723,0.022888192906975746,0.5720908,5797.8384,911.8715,7079.1,3739.3005,1792.3184,1.5505141,4.446942e+06,0.02511107735335827,0.029035089537501335,0.47931916,1205.9778,330.14008,1720.6,1778.5974,1573.7811,0.67804986,924985.0,0.03235268592834473,0.05810188129544258,0.88484395
LY2109761,326.0,67.55634918610404,0.6469827839006668,0.9848942598187311,0.8716577540106952,0.8976253735238595,23.702380472865034,18.073174332914782,1.3114674841429692,5782.638,682.3946,6812.5,970.86646,1265.2001,5.9561625,1.88514e+06,0.012323343195021152,0.009812161326408386,1.3031659,5045.9297,815.9518,6584.5,3633.0715,2177.5706,1.3888881,1.644973e+06,0.010182430036365986,0.00733301043510437,0.59937453,1974.1012,205.75351,2337.5,1819.5057,1203.0251,1.0849656,643557.0,0.006672530900686979,0.010890266858041286,0.6611824,2615.9202,246.85669,3095.5,1580.7814,1177.8112,1.6548274,852790.0,0.006140958517789841,0.01869618147611618,0.7450816,430.32516,52.278675,501.75,387.87643,250.80945,1.1094388,140286.0,0.0060554249212145805,0.011332745663821697,0.64662206
LY2109761,1337.0,146.02438661763952,0.853404225672433,0.9688405797101449,0.6427884615384616,0.7879351773892852,57.35215953191169,29.89479473203794,1.9184664101556106,10214.473,2881.4053,14366.6,920.8919,458.8211,11.091934,1.365675e+07,0.03603673726320267,0.016232537105679512,0.49823558,11336.932,2626.3467,16830.2,9372.293,2185.1487,1.209622,1.5157477e+07,0.02137036807835102,0.015019594691693783,0.23314984,5139.236,1061.7865,6975.8,4655.066,2034.0262,1.1040093,6.871158e+06,0.02008059248328209,0.022646183148026466,0.43694896,6141.33,965.39355,7784.2,3582.867,1220.907,1.7140826,8.210958e+06,0.024832773953676224,0.025170860812067986,0.3407626,1210.9447,195.53137,1563.0,1241.389,769.08307,0.9754756,1.619033e+06,0.013950644992291927,0.032121576368808746,0.6195343
LY2109761,699.0,97.49747468305833,0.5540073324205269,0.9762569832402235,0.761437908496732,0.9240602861104821,32.81247547089077,27.3167725927339,1.2011841940514851,7278.2134,1353.8824,9622.5,895.8371,917.42926,8.124483,5.087471e+06,0.025254273787140846,0.013010705821216106,1.0241028,6763.023,1121.8303,9006.1,6358.536,1791.4086,1.0636132,4.727353e+06,0.012123155407607555,0.01014506071805954,0.28173286,2893.239,436.7145,3545.1,3014.5432,1062.6235,0.95976037,2.022374e+06,0.00942933838814497,0.013303132727742195,0.352499,4277.6694,696.0304,5088.0,2830.555,1512.0424,1.5112476,2.990091e+06,0.01757035031914711,0.029656821861863136,0.5341858,608.6581,93.398026,761.1,666.21924,278.09146,0.91360027,425452.0,0.00778790470212698,0.012124108150601387,0.41741735
LY2109761,1024.0,128.36753236814712,0.86136861969604,0.9624060150375939,0.6095238095238096,0.78090721451381,51.33531468610006,26.07733440682929,1.9685798358537772,9567.351,2433.436,12806.7,1260.4655,620.1365,7.5903316,9.796967e+06,0.03050972707569599,0.02049710974097252,0.49199006,11102.765,1926.0259,14691.75,11426.047,2749.3855,0.97170657,1.1369231e+07,0.017650514841079712,0.020528364926576614,0.24062438,4847.37,1136.0771,7261.85,4781.9985,2084.851,1.0136703,4.963707e+06,0.018435170873999596,0.022650204598903656,0.43597904,6717.843,871.98724,8291.55,4806.07,1231.658,1.397783,6.879071e+06,0.020839838311076164,0.02484760619699955,0.25627133,1183.1045,193.56425,1631.45,1118.0133,375.21878,1.0582204,1.211499e+06,0.01182212121784687,0.01849348656833172,0.3356121
LY2109761,892.0,122.46803743153546,0.8647820747356206,0.9550321199143469,0.6027027027027027,0.7473588847536856,48.21332292819792,24.210192444092648,1.9914473228386955,6150.695,673.0674,7271.45,1183.2152,1111.0831,5.1982894,5.48642e+06,0.019101576879620552,0.012750004418194294,0.9390372,6843.8286,1868.1228,10788.25,7970.1997,3436.0042,0.8586772,6.104695e+06,0.011959758587181568,0.01518999319523573,0.43110642,3278.4316,760.17847,4874.85,4115.452,1520.2507,0.7966152,2.924361e+06,0.01129329763352871,0.021603357046842575,0.36940065,3719.0337,699.9843,5004.4,3324.088,1289.3684,1.1188133,3.317378e+06,0.012555298395454884,0.02270789071917534,0.38788638,870.17267,259.4893,1285.15,1074.4315,863.417,0.8098912,776194.0,0.018981821835041046,0.029545899480581284,0.80360353
LY2109761,1115.0,128.81118318204307,0.7716389254965509,0.9712543554006968,0.7413563829787234,0.8444571020945608,47.49319739741941,30.20856215268514,1.5721766947189142,10745.703,3195.706,14934.6,1355.5559,463.3528,7.927156,1.1981459e+07,0.034507934004068375,0.02514827251434326,0.34181756,11757.756,2722.0398,17196.1,12663.451,2194.223,0.9284796,1.3109898e+07,0.02553180232644081,0.021875513717532158,0.1732721,4911.0303,1031.3888,6948.9,5475.197,1831.7476,0.8969596,5.475799e+06,0.0171425249427557,0.025386229157447815,0.33455375,7087.506,1015.6523,9151.6,5187.667,1198.1593,1.3662223,7.902569e+06,0.022738758474588394,0.03504753112792969,0.23096304,1118.817,201.93506,1515.6,1145.1947,325.32632,0.9769666,1.247481e+06,0.014727356843650341,0.022054454311728477,0.2840795
LY2109761,1195.0,136.8111831820431,0.817351957247299,0.9606109324758842,0.7172869147659063,0.8022958978902772,51.66169379727433,29.764300043660526,1.7356932204517845,9026.355,2206.0417,12582.1,625.38495,692.4857,14.433279,1.0786495e+07,0.034177619963884354,0.010959520936012268,1.1072952,7260.9497,1333.1941,9834.2,4555.423,2448.623,1.5939134,8.676835e+06,0.011931108310818672,0.009592806920409203,0.53751826,2981.2727,520.82855,4020.7,2044.551,1401.5165,1.4581552,3.562621e+06,0.01212887093424797,0.015937237069010735,0.68548864,3675.0435,424.91522,4363.6,1675.9344,1107.5458,2.1928325,4.391677e+06,0.012463370338082314,0.017153820022940636,0.6608527,636.76404,134.10997,918.9,452.4851,277.3993,1.4072597,760933.0,0.011340448632836342,0.013575535267591476,0.6130573
LY2109761,1264.0,134.32590180780454,0.685370490018468,0.9738058551617874,0.8081841432225064,0.880313593481695,47.23015463651308,34.39274083752653,1.3732593996980729,10494.477,2830.5159,14886.85,1004.7648,497.27667,10.44471,1.3265018e+07,0.038579296320676804,0.016888925805687904,0.4949185,11105.179,2236.2888,15138.75,10160.736,3184.4614,1.0929502,1.4036946e+07,0.020159607753157616,0.014580619521439075,0.31340852,5003.884,1197.9952,7601.75,4586.764,2007.1284,1.0909399,6.324909e+06,0.018693165853619576,0.01947958394885063,0.43759137,6324.11,1466.1621,8996.25,3718.6763,1382.7054,1.7006347,7.993675e+06,0.02555050328373909,0.019530804827809334,0.37182733,1196.5284,256.17645,1726.0,1058.7904,408.96826,1.13009,1.512412e+06,0.015753455460071564,0.019986359402537346,0.38625988
LY2109761,1185.0,133.39696961967,0.8194900475054261,0.9745065789473685,0.7557397959183674,0.8368281610962658,51.40301804312129,29.458731139225012,1.7449162287467614,9632.243,2269.5312,12497.4,1241.7819,693.33704,7.7567916,1.1414208e+07,0.034276340156793594,0.02185819484293461,0.55834043,10131.523,1706.988,13442.2,11651.013,2144.3655,0.8695831,1.2005855e+07,0.016326377168297768,0.017865795642137527,0.18404971,4443.6304,1121.1115,6696.6,5265.223,1693.6589,0.8439586,5.265702e+06,0.02038244716823101,0.022701486945152283,0.32166898,6610.8853,1039.323,8409.2,5410.0117,1755.4836,1.2219725,7.833899e+06,0.01945457048714161,0.029910484328866005,0.32448795,922.00757,167.58481,1294.4,1017.4579,234.3906,0.9061875,1.092579e+06,0.010873222723603249,0.013921449892222881,0.23036884
LY2109761,716.0,98.66904755831213,0.5293390479902358,0.9701897018970189,0.771551724137931,0.9241894664250468,32.86316163820845,27.881447441486277,1.1786748771625688,5555.6353,650.0346,6800.75,1311.7657,1260.8884,4.2352343,3.977835e+06,0.01310280803591013,0.012107153423130512,0.9612146,6439.5977,1749.2773,9711.5,6492.3105,2448.81,0.9918807,4.610752e+06,0.018239861354231834,0.008765188977122307,0.3771862,2627.9568,674.259,3849.0,3278.9338,1920.2145,0.8014669,1.881617e+06,0.013262594118714333,0.015862267464399338,0.5856216,3766.4707,704.1224,5254.25,3237.0474,1713.919,1.1635513,2.696793e+06,0.01237687561661005,0.022108392789959908,0.52946985,764.8506,123.520035,962.25,885.2092,545.13184,0.8640337,547633.0,0.009533606469631195,0.018409138545393944,0.6158226
LY2109761,690.0,105.39696961966999,0.7454568687100971,0.9224598930481284,0.6388888888888888,0.7805535555891578,37.27760905516749,24.84753444811071,1.500253843415112,9874.515,4519.3745,19290.05,985.8942,748.5393,10.015795,6.813415e+06,0.04665624350309372,0.013315916992723942,0.7592491,15098.091,4534.2305,22772.45,8929.647,4899.5347,1.6907824,1.0417683e+07,0.02850685827434063,0.020756233483552933,0.54868174,7517.716,2844.122,13866.15,4648.0693,3245.0002,1.6173846,5.187224e+06,0.02994317002594471,0.025062035769224167,0.69813937,8746.263,3337.9707,16191.0,4094.4756,3993.595,2.136113,6.034921e+06,0.03662484139204025,0.027316998690366745,0.97536176,2874.077,2337.2102,6985.9,2282.9224,2109.8474,1.2589464,1.983113e+06,0.05798565223813057,0.06094331666827202,0.9241871
LY2109761,739.0,106.66904755831214,0.7576268175474435,0.9498714652956298,0.7479757085020243,0.8161640622453658,38.99538067160142,25.45181642199735,1.5321256457711487,8822.318,2329.6487,12430.1,1152.9977,654.6365,7.6516356,6.519693e+06,0.03151416406035423,0.014199085533618927,0.5677691,12873.298,2467.938,17427.8,11202.995,2497.7512,1.1490943,9.513367e+06,0.02563236840069294,0.018147531896829605,0.22295389,6143.387,1504.9862,9089.8,5228.6294,1952.3555,1.1749518,4.539963e+06,0.020960478112101555,0.021540433168411255,0.37339717,7515.2505,2008.5427,11695.8,4895.9414,1054.834,1.534996,5.55377e+06,0.032781362533569336,0.023044805973768234,0.21545069,1559.3667,788.5132,3049.8,2147.065,2117.8372,0.7262783,1.152372e+06,0.040775611996650696,0.05975675582885742,0.9863871
LY2109761,901.0,116.5685424949238,0.8114101479527921,0.9709051724137931,0.70390625,0.8332434766660716,44.42253025499518,25.96395513052219,1.710930789692123,7791.959,1344.2501,9909.0,744.2678,699.2671,10.469295,7.020555e+06,0.02418694645166397,0.010458373464643955,0.9395369,6698.816,831.20483,8271.0,5003.0327,2673.9573,1.3389511,6.035633e+06,0.009100761264562607,0.009605858474969864,0.5344673,3176.5183,523.72205,4220.0,2343.054,1583.7998,1.3557171,2.862043e+06,0.00985594280064106,0.015984175726771355,0.67595536,3810.5728,453.19077,4705.0,2017.3439,1299.0657,1.8889059,3.433326e+06,0.01630730926990509,0.024046411737799644,0.64394855,903.0755,118.13927,1085.0,898.5455,559.2191,1.0050415,813671.0,0.010551217943429947,0.026604579761624336,0.6223604
LY2109761,674.0,97.84062043356596,0.7325715622152894,0.9711815561959655,0.7702857142857142,0.8847719883498298,35.79246240657994,24.363572027782745,1.4690974856135375,6135.5073,797.73267,7663.4,979.1212,1107.4423,6.2663407,4.135332e+06,0.02081730030477047,0.012994171120226383,1.1310574,6092.687,1151.6195,8521.55,6097.955,1644.789,0.9991361,4.106471e+06,0.01350710354745388,0.009768392890691757,0.26972795,2607.6855,363.73962,3264.7,2950.4395,1168.1012,0.88382953,1.75758e+06,0.008537444286048412,0.013389017432928085,0.39590752,4113.1245,550.83545,4902.35,2832.6973,1471.4636,1.452017,2.772246e+06,0.013381252065300941,0.025780843570828438,0.51945674,690.2864,105.65188,859.35,697.20734,274.04288,0.9900733,465253.0,0.006616085767745972,0.013150271959602833,0.39305794
LY2109761,1212.0,137.88225099390857,0.8303764074837053,0.964968152866242,0.698961937716263,0.8011166428940658,52.78972897650874,29.41458771338078,1.7946785279092843,10109.491,2809.7976,14739.45,1032.9019,544.36145,9.787465,1.2252703e+07,0.03464341163635254,0.016349628567695618,0.52702147,10352.14,2358.1072,15430.95,9308.067,3070.7827,1.1121686,1.2546793e+07,0.0182843878865242,0.016377121210098267,0.3299055,4722.879,1425.4038,7780.85,4198.328,2126.2593,1.1249428,5.724129e+06,0.01963515393435955,0.023548491299152374,0.5064538,6163.594,1430.3192,9313.8,3619.4414,1295.8773,1.7029132,7.470276e+06,0.02643052488565445,0.023968622088432312,0.3580324,1108.3944,264.51462,1727.35,1116.6133,836.8978,0.9926395,1.343374e+06,0.014217673800885677,0.032155439257621765,0.7494966
LY2109761,779.0,108.5685424949238,0.8022349669636438,0.9641089108910891,0.6744588744588744,0.8304993684818305,40.864259636123926,24.396307224598555,1.6750182418969088,9123.127,2422.9731,12909.8,980.0715,553.28217,9.308635,7.106916e+06,0.03090604580938816,0.012843701988458633,0.56453246,11426.8125,2251.5427,15729.2,9396.681,2839.1108,1.2160478,8.901487e+06,0.021696265786886215,0.01356501318514347,0.30213976,5087.8574,976.22424,6950.3,3918.4607,2052.4412,1.2984327,3.963441e+06,0.016663160175085068,0.017889853566884995,0.5237876,7412.833,1123.2357,9005.8,4271.798,1723.4374,1.7352959,5.774597e+06,0.026596788316965103,0.028885493054986,0.40344545,1618.8267,874.78516,2981.6,1921.9645,2248.1807,0.8422771,1.261066e+06,0.05392824113368988,0.05023963749408722,1.1697305
LY2109761,672.0,97.49747468305833,0.5433391129877423,0.9586305278174037,0.7241379310344828,0.8883669703379743,32.08683482075932,26.93732511095251,1.1911663347639911,8994.358,2310.0674,12148.8,816.97797,618.9848,11.009303,6.044209e+06,0.032999273389577866,0.015280176885426044,0.75765175,10098.119,2013.6393,13268.4,7942.865,3435.7231,1.2713447,6.785936e+06,0.01942301169037819,0.0150988157838583,0.43255463,4349.957,1261.0677,6744.7,3576.949,2286.261,1.2161082,2.923171e+06,0.02493971586227417,0.02076018415391445,0.6391651,5851.509,1031.7527,7656.5,3290.0388,2106.519,1.7785531,3.932214e+06,0.02496330626308918,0.03156158700585365,0.6402718,1022.7054,255.36195,1429.75,907.73895,458.449,1.1266514,687258.0,0.018814606592059135,0.018800951540470123,0.505045
LY2109761,576.0,91.01219330881975,0.6882109875563254,0.9320388349514563,0.735632183908046,0.8738425465669973,32.10433776475255,23.292037484723608,1.3783396057905457,7618.3384,1293.1931,9326.5,1261.0842,2141.6887,6.041102,4.388163e+06,0.029232598841190338,0.018288638442754745,1.6982915,7022.356,761.2411,8220.75,5712.939,1715.1129,1.229202,4.044877e+06,0.0067579722963273525,0.009625635109841824,0.3002155,3387.2065,532.02246,4309.75,2536.795,1089.8773,1.3352307,1.951031e+06,0.011639953590929508,0.014198570512235165,0.4296277,4010.9253,910.7048,5733.5,2423.1082,885.2765,1.6552812,2.310293e+06,0.022288048639893532,0.015444436110556126,0.3653475,623.3264,162.61847,932.5,510.14728,223.64333,1.2218558,359036.0,0.009809264913201332,0.010921119712293148,0.43838972
LY2109761,1160.0,133.1543289325507,0.8297260333561617,0.9764309764309764,0.7733333333333333,0.822161759322907,51.572577138562444,28.786309762393845,1.7915661147347326,10107.91,2526.2537,13647.4,1188.3727,477.9062,8.505673,1.1725176e+07,0.03276630863547325,0.017944417893886566,0.4021518,10538.858,1884.0039,14197.85,11358.571,2395.9146,0.9278331,1.2225076e+07,0.017186172306537628,0.01751868426799774,0.2109345,4826.149,1143.4775,7163.95,5078.9604,2023.0986,0.95022374,5.598333e+06,0.019568050280213356,0.02447231113910675,0.3983293,6535.921,1120.1483,8822.6,5040.0693,1415.3242,1.2967919,7.581668e+06,0.02968841977417469,0.035370368510484695,0.28081444,1089.169,198.6967,1510.05,1153.1428,386.29034,0.94452214,1.263436e+06,0.012157941237092018,0.018954696133732796,0.33498916
LY2109761,719.0,108.91168824543144,0.8129479392257053,0.9159235668789809,0.7090729783037475,0.7617102051573713,40.61267331395478,23.650236763544097,1.7172205809185643,7617.402,1372.8054,9681.5,964.6201,852.12244,7.8967896,5.476912e+06,0.026837384328246117,0.0134497731924057,0.8833762,9538.986,1420.1539,12041.2,7921.7295,2992.7554,1.2041545,6.858531e+06,0.01258283294737339,0.012609437108039856,0.37779066,4130.851,898.2161,5971.3,3772.7925,1826.9203,1.0949055,2.970082e+06,0.016024405136704445,0.019215894863009453,0.48423555,5694.228,1445.912,8930.7,2982.9497,1752.6805,1.9089253,4.09415e+06,0.026078470051288605,0.018801089376211166,0.58756626,981.7121,179.04073,1282.7,912.6157,352.44247,1.0757124,705851.0,0.012792464345693588,0.01613750122487545,0.38618934
LY2109761,683.0,97.25483399593905,0.6663083417331802,0.9757142857142858,0.7665544332210998,0.9074196381339983,34.19708188818389,25.499954624902294,1.3410644211416873,7290.559,1466.7874,9614.7,899.8355,909.792,8.102102,4.979452e+06,0.026068126782774925,0.011457296088337898,1.0110648,9182.706,2325.056,13821.6,7378.081,3079.7483,1.2445928,6.271788e+06,0.018193943426012993,0.012945318594574928,0.4174186,3885.1406,1230.7701,6294.3,3356.4866,2066.4958,1.1575022,2.653551e+06,0.0235868152230978,0.018145835027098656,0.6156723,5013.9355,853.1689,6566.0,3244.59,2230.276,1.5453217,3.424518e+06,0.020970193669199944,0.03430482745170593,0.68738294,1033.3016,256.4531,1517.1,868.5631,376.58383,1.1896679,705745.0,0.01740330271422863,0.016343843191862106,0.43357107
LY2109761,830.0,122.81118318204308,0.9099634954454145,0.9485714285714286,0.6014492753623188,0.6915317516351612,50.808348435291286,21.06963075048379,2.411449400181095,6929.547,1151.6165,8706.65,930.93774,932.19556,7.44362,5.751524e+06,0.0206478051841259,0.011176073923707008,1.0013511,6883.822,1531.3984,9928.55,6406.582,1689.3152,1.0744921,5.713572e+06,0.011539350263774395,0.00888926349580288,0.2636843,3059.912,839.437,4867.3,3067.1748,1438.5824,0.99763215,2.539727e+06,0.011634338647127151,0.015310201793909073,0.46902525,4026.5024,843.3881,5998.95,2429.7178,1202.2786,1.6571894,3.341997e+06,0.01783108152449131,0.02007337100803852,0.49482232,682.25665,138.18127,971.65,769.857,349.8409,0.88621217,566273.0,0.008277717977762222,0.016200292855501175,0.45442325
LY2109761,734.0,99.84062043356595,0.5378652149697662,0.9696169088507266,0.7943722943722944,0.9253187907671176,33.358815860618606,28.12251082020483,1.186196213911729,6700.681,971.1382,8440.8,948.3899,895.53296,7.0653234,4.9183e+06,0.021536605432629585,0.01102314330637455,0.9442667,6573.9194,1280.0146,9134.15,7350.4775,1324.4291,0.8943527,4.825257e+06,0.016513537615537643,0.010513437911868095,0.18018273,2558.9714,591.67554,3656.7,3343.99,1218.164,0.76524496,1.878285e+06,0.014335960149765015,0.018139351159334183,0.36428457,3770.2698,450.0177,4531.15,2971.2495,995.40985,1.2689172,2.767378e+06,0.010443558916449547,0.024736015126109123,0.3350139,764.53406,150.02208,1052.4,910.4606,355.28244,0.83972234,561168.0,0.011156666092574596,0.019213443621993065,0.39022276
LY2109761,555.0,90.5269119345812,0.7005649525212626,0.9585492227979274,0.8137829912023461,0.8510350272323921,31.69022486147503,22.613784463787596,1.4013676000238668,6047.2036,658.48395,7104.9,1025.1161,1120.7368,5.8990426,3.356198e+06,0.017420154064893723,0.010710339061915874,1.0932779,6194.2163,1377.9078,9182.3,6404.1885,2232.1306,0.96721333,3.43779e+06,0.012683199718594551,0.008254100568592548,0.3485423,2767.454,554.216,3980.0,3288.4724,1981.173,0.8415622,1.535937e+06,0.011757513508200645,0.01522985938936472,0.60245997,3612.436,464.2489,4380.3,2771.8945,1756.0842,1.3032372,2.004902e+06,0.015447208657860756,0.02420930191874504,0.6335321,618.5297,109.87329,803.0,691.69196,368.98212,0.89422715,343284.0,0.008046305738389492,0.014820692129433155,0.53344864
LY2109761,947.0,124.42640687119285,0.8853723944231294,0.9722792607802875,0.8234782608695652,0.7686607815096276,51.17269003850423,23.789287217523118,2.151081264881723,9303.106,2449.3777,12700.0,1100.4912,567.7701,8.453594,8.810042e+06,0.03569338843226433,0.019450411200523376,0.5159242,11012.514,1912.1625,14880.3,10569.591,3075.8352,1.0419054,1.042885e+07,0.019768042489886284,0.023143932223320007,0.29100797,4998.2026,1146.0726,7500.6,4561.229,2058.7168,1.0958017,4.733298e+06,0.02221842296421528,0.027992820367217064,0.45135134,6143.1206,843.10846,7812.6,4074.587,1541.4785,1.5076671,5.817535e+06,0.02467247098684311,0.028703825548291206,0.3783153,1272.6705,222.87358,1664.9,1257.4269,521.63873,1.0121229,1.205219e+06,0.01706802099943161,0.027966411784291267,0.41484618
LY2109761,944.0,117.7401153701776,0.7948515872020568,0.972193614830072,0.7570168404170008,0.8557224861479993,44.57205968776351,27.046498961568453,1.6479789029662542,11121.835,3405.1416,15488.65,1021.48474,413.50217,10.887911,1.0499012e+07,0.04254571348428726,0.017516352236270905,0.40480503,10888.149,2257.417,15569.8,9701.264,2959.9805,1.1223434,1.0278413e+07,0.023388145491480827,0.019383853301405907,0.30511287,4816.4546,1450.7993,8039.5,4489.213,2618.2644,1.0728952,4.546733e+06,0.020610982552170753,0.02171872742474079,0.5832346,6359.7446,986.86053,7819.8,3704.4248,1339.9521,1.7167968,6.003599e+06,0.02338939905166626,0.022536925971508026,0.36171666,1085.0381,208.10477,1535.7,1159.928,511.20068,0.9354357,1.024276e+06,0.013563244603574276,0.023835819214582443,0.4407176
LY2109761,1075.0,123.15432893255071,0.6962882530478988,0.9763851044504995,0.7711621233859397,0.8906743880818403,43.78218869152632,31.425202909979717,1.3932189655845433,8660.322,1943.6111,11584.9,805.38666,565.8759,10.752999,9.309846e+06,0.030436785891652107,0.013211551122367382,0.70261395,9930.187,1645.2571,13188.1,7147.935,2929.3662,1.3892385,1.0674951e+07,0.019725428894162178,0.009832455776631832,0.40981993,4142.573,976.32416,6174.3,3199.061,1929.8801,1.2949342,4.453266e+06,0.016697976738214493,0.01369456946849823,0.6032646,6054.1675,695.43396,7149.9,2900.3608,1222.1946,2.0873842,6.50823e+06,0.021323135122656822,0.02007697895169258,0.42139396,1086.4149,189.35599,1356.8,1031.0026,482.91852,1.0537461,1.167896e+06,0.011733103543519974,0.020242126658558846,0.46839702
LY2109761,1430.0,144.12489168102786,0.6977431877926588,0.966869506423259,0.7295918367346939,0.8651031904657397,50.6769655286276,36.30234243506146,1.3959695746708307,8951.827,1906.8267,11717.3,1050.5748,667.2822,8.5208845,1.2801113e+07,0.024664800614118576,0.014229845255613327,0.63515913,8687.2,1634.9851,11936.2,8186.61,2173.5781,1.0611475,1.2422696e+07,0.014787646941840649,0.011903861537575722,0.26550406,3808.942,763.62354,5311.1,3784.3835,2022.352,1.0064894,5.446787e+06,0.014421334490180016,0.01768471859395504,0.534394,4900.4517,753.2249,6298.85,3350.2278,1486.5458,1.462722,7.007646e+06,0.017937442287802696,0.023984715342521667,0.44371483,843.02795,144.44508,1052.4,1848.5804,2729.4585,0.4560407,1.20553e+06,0.014997835271060467,0.06218402087688446,1.4765159
LY2109761,673.0,97.01219330881976,0.5673278252102704,0.9655667144906743,0.7735632183908046,0.8986121395607987,32.302114316498326,26.600533991247865,1.2143408221476457,8986.909,2361.0156,12241.2,912.1156,713.6712,9.8528185,6.04819e+06,0.031800709664821625,0.018385756760835648,0.78243506,9436.803,1484.2585,12128.4,7443.771,2540.7725,1.2677449,6.350968e+06,0.018209688365459442,0.01342009101063013,0.34132868,3991.3862,887.90533,5893.2,3085.9153,1513.57,1.2934206,2.686203e+06,0.019484760239720345,0.01945597119629383,0.49047682,4414.501,885.12506,6205.6,2707.474,1532.025,1.6304868,2.970959e+06,0.020345816388726234,0.02450226992368698,0.5658503,991.13074,198.79858,1453.2,913.04987,345.30014,1.0855166,667031.0,0.017037972807884216,0.016791583970189095,0.37818322
LY2109761,318.0,66.87005768508881,0.42131783090740677,0.9578313253012049,0.7571428571428571,0.8936626109861461,21.46238358990933,19.464515822131414,1.1026415342685438,5736.5913,768.4075,7172.35,1064.098,1140.3763,5.3910365,1.824236e+06,0.013953414745628834,0.009412101469933987,1.0716835,6333.6006,1475.5378,9199.4,6689.567,1789.6177,0.94678783,2.014085e+06,0.013185321353375912,0.009080774150788784,0.2675237,2728.1006,447.73648,3585.0,3487.4028,1655.6262,0.7822729,867536.0,0.012479817494750023,0.016718104481697083,0.47474477,3551.283,488.93253,4315.05,2555.0242,1300.7478,1.3899214,1.129308e+06,0.01750613935291767,0.021302685141563416,0.5090941,541.8868,74.499794,685.15,697.8978,295.5504,0.77645576,172320.0,0.0059236385859549046,0.013960699550807476,0.42348665
LY2109761,1190.0,127.05382386916237,0.5477884298639554,0.9770114942528736,0.7657657657657657,0.9263633077813915,42.58915914220186,35.630810263124566,1.1952902229191993,9064.012,2034.2455,12202.55,1154.6361,676.2555,7.8501024,1.0786174e+07,0.027707062661647797,0.016662895679473877,0.5856871,8710.107,1879.5356,12744.4,9280.345,2532.3218,0.9385543,1.0365028e+07,0.01748841442167759,0.013548680581152439,0.27286938,3821.9597,1155.1542,6025.75,4569.4316,2125.525,0.83641905,4.548132e+06,0.01586746796965599,0.022542007267475128,0.46516177,5119.085,1094.7727,7430.0,3556.7698,1687.6237,1.4392512,6.091711e+06,0.023420047014951706,0.02927965112030506,0.47448212,1042.5411,414.56885,1368.0,1610.7032,1489.4247,0.64725834,1.240624e+06,0.02230929210782051,0.06013445556163788,0.9247046
LY2109761,1199.0,131.88225099390857,0.6606184964223134,0.9677158999192897,0.7171052631578947,0.8662761242045469,45.21210578570937,33.941712870807855,1.3320513893273431,10165.409,2679.4104,13783.5,818.2353,565.9366,12.423577,1.2188326e+07,0.03273298591375351,0.014623220078647137,0.69165504,10043.682,1619.1643,13038.5,7908.5684,4399.411,1.2699747,1.2042374e+07,0.01595069281756878,0.014639517292380333,0.5562841,4077.8982,1062.2535,6329.5,3680.3752,2611.3037,1.1080115,4.8894e+06,0.017119068652391434,0.02029615454375744,0.70952106,5268.0566,1084.7822,6727.3,2789.437,2063.2444,1.8885734,6.3164e+06,0.023609887808561325,0.024583453312516212,0.73966336,1057.8307,219.24007,1500.6,988.3765,507.83206,1.0702709,1.268339e+06,0.012978366576135159,0.019272049888968468,0.51380426
LY2109761,1092.0,123.63961030678927,0.5900441667957802,0.9732620320855615,0.7368421052631579,0.897671107677248,41.65433263375688,33.63049889243981,1.2385880080750404,10251.101,2868.4966,13804.9,972.32465,561.37695,10.542878,1.1194202e+07,0.03315162658691406,0.01803780160844326,0.57735544,11690.039,1816.0457,15171.35,9636.194,3561.5225,1.2131386,1.2765523e+07,0.019617050886154175,0.017203314229846,0.36959845,5045.7856,1189.8734,7470.15,4311.614,2348.3103,1.1702777,5.509998e+06,0.021226180717349052,0.023288996890187263,0.54464763,6168.085,1225.6826,8627.6,3091.9197,1533.95,1.9949046,6.735549e+06,0.02976732887327671,0.024888934567570686,0.4961157,1105.9963,200.62086,1545.45,1044.4994,416.80582,1.058877,1.207748e+06,0.012777167372405529,0.019738255068659782,0.39904842
LY2109761,703.0,106.32590180780451,0.8398860494227463,0.9487179487179487,0.6509259259259259,0.7814245282980926,41.15534234652527,22.337587592848294,1.842425560748635,7334.101,1165.7151,9067.4,921.67706,837.01746,7.9573436,5.155873e+06,0.022616421803832054,0.010648523457348347,0.90814614,7240.6943,1216.6458,9772.7,6669.2964,1189.1057,1.085676,5.090208e+06,0.011567199602723122,0.010804601944983006,0.17829552,3125.471,461.65176,3949.3,3073.392,921.8827,1.0169451,2.197206e+06,0.01013885997235775,0.015617103315889835,0.29995608,4473.4937,524.3847,5398.7,3295.6838,1333.5005,1.3573794,3.144866e+06,0.018587196245789528,0.026651090011000633,0.40462026,834.7411,89.12145,996.9,786.2087,161.5082,1.0617297,586823.0,0.00735934404656291,0.010906287468969822,0.20542662
LY2109761,687.0,104.42640687119285,0.8690252637247422,0.9635343618513323,0.7789115646258503,0.7916731779025027,42.218929961883546,20.888563472931533,2.0211504738749984,7844.3335,1524.6807,10449.4,797.2019,718.06946,9.839833,5.389057e+06,0.026566032320261,0.010409917682409286,0.9007373,7422.048,1150.3627,9884.7,6651.7114,1373.0027,1.1158103,5.098947e+06,0.012980607338249683,0.009161237627267838,0.20641345,3179.1194,600.7445,4371.7,3113.862,1035.9005,1.020957,2.184055e+06,0.014571141451597214,0.014657935127615929,0.33267385,4560.3247,801.92847,6086.5,2853.0,1263.8815,1.5984313,3.132943e+06,0.02634565904736519,0.024948081001639366,0.44300085,790.0058,103.24512,962.7,776.9429,204.0001,1.0168133,542734.0,0.008492972701787949,0.01366611197590828,0.2625677
LY2109761,1233.0,137.88225099390857,0.8339381185460101,0.9716312056737588,0.6989795918367347,0.8149973768055967,53.42834272457947,29.484856532972707,1.8120604610991047,11211.479,3162.7397,14668.4,957.67194,366.7548,11.707014,1.3823753e+07,0.042805083096027374,0.016938824206590652,0.38296497,11199.575,1886.2732,14946.8,8976.526,2262.2385,1.2476513,1.3809076e+07,0.0206188652664423,0.01079934649169445,0.25201714,4637.369,1094.8274,7007.4,3736.557,1372.7249,1.2410809,5.717876e+06,0.02149762213230133,0.015282484702765942,0.36737695,6174.104,1214.833,8364.4,3282.1865,1452.1282,1.8810948,7.61267e+06,0.02966984547674656,0.026251627132296562,0.44242707,1312.3942,283.0349,1960.4,1115.2083,327.22263,1.1768153,1.618182e+06,0.018233807757496834,0.016799267381429672,0.2934184
LY2109761,1377.0,138.12489168102786,0.6142348756187486,0.9765957446808511,0.7549342105263158,0.9069845797171014,47.158832698822025,37.214131740333755,1.2672291544480645,10923.081,3073.0037,15465.2,879.16614,430.70074,12.424365,1.5041082e+07,0.03654173016548157,0.016328494995832443,0.48989686,10149.246,1950.252,13782.0,8131.274,2177.9138,1.2481742,1.3975512e+07,0.018340833485126495,0.010865975171327591,0.2678441,4517.271,925.50885,6489.6,3951.2354,1657.5947,1.1432554,6.220282e+06,0.016472211107611656,0.018639640882611275,0.41951305,5765.3667,1101.1647,7758.6,2885.0955,1397.1863,1.9983279,7.93891e+06,0.022852838039398193,0.025553463026881218,0.4842773,1086.1517,167.92854,1404.2,1023.93945,347.66522,1.0607578,1.495631e+06,0.0112677700817585,0.017788425087928772,0.3395369
LY2109761,1293.0,138.22539674441617,0.7615441648362696,0.9758490566037736,0.7605882352941177,0.8504184986941525,50.88826427827146,32.98134657761338,1.5429407698232882,9319.315,1934.0321,11791.4,959.21454,565.80005,9.7155695,1.2049875e+07,0.029024161398410797,0.014917762950062752,0.58985764,8512.489,1372.9935,11366.6,7552.2256,1893.238,1.1271497,1.1006648e+07,0.013425115495920181,0.008514427579939365,0.2506861,3590.174,692.9153,5020.2,3242.3179,1331.1837,1.1072862,4.642095e+06,0.013773552142083645,0.013944980688393116,0.41056547,4688.2188,803.03,6121.4,3124.4534,1602.7604,1.5004925,6.061867e+06,0.014975952915847301,0.024728484451770782,0.51297307,1017.48413,151.08171,1259.8,969.24426,292.2859,1.0497706,1.315607e+06,0.012383271008729935,0.015422489494085312,0.3015606
LY2109761,1404.0,139.88225099390857,0.6600234555247386,0.9777158774373259,0.7744070601213459,0.9016785679793782,48.819194154280055,36.67517512682074,1.3311236820401255,8549.549,1672.9094,11023.0,666.1408,666.92944,12.834447,1.2003566e+07,0.028561001643538475,0.011760534718632698,1.0011839,7807.2935,1786.1287,11221.05,5352.356,1561.6083,1.4586649,1.096144e+07,0.013041337952017784,0.006473408080637455,0.29176092,3230.5613,574.9135,4246.4,2584.0217,1009.97565,1.2502067,4.535708e+06,0.011578807607293129,0.011075750924646854,0.39085415,5105.402,1183.336,7345.3,2240.8384,881.0056,2.2783446,7.167984e+06,0.021697068586945534,0.02049626223742962,0.39315894,669.4936,156.27617,912.85,617.05536,295.38226,1.0849814,939969.0,0.009764604270458221,0.01659397780895233,0.47869653
LY2109761,811.0,108.08326112068522,0.7664603289445057,0.9700956937799043,0.7701804368471035,0.8723963472017927,40.191927528323795,25.814939464321192,1.556925112447892,10141.652,3063.6921,14260.5,1080.8934,493.6446,9.382657,8.22488e+06,0.041813574731349945,0.018951401114463806,0.45670053,14242.018,2980.1328,18805.0,10092.4795,3837.4607,1.4111515,1.1550276e+07,0.025762278586626053,0.01939152553677559,0.3802297,6328.069,1578.8978,9254.0,4074.432,2136.7456,1.5531169,5.132064e+06,0.02976449392735958,0.022952690720558167,0.5244279,8627.113,1881.2902,12197.5,3932.6963,1248.6781,2.193689,6.996589e+06,0.03108896315097809,0.024876730516552925,0.31751195,1484.8717,291.71887,2009.0,1158.0444,504.40027,1.2822235,1.204231e+06,0.018209751695394516,0.02376784197986126,0.4355621
LY2109761,948.0,124.5685424949238,0.8747743418290989,0.9663608562691132,0.6955245781364637,0.7677174909330583,50.199052114119176,24.322974174625315,2.0638533656993645,6646.118,1035.5721,8383.0,921.11993,975.66156,7.215258,6.30052e+06,0.019219176843762398,0.010223164223134518,1.0592123,7720.3975,1751.564,11312.65,5416.858,2875.87,1.4252539,7.318937e+06,0.017885345965623856,0.009538473561406136,0.53091115,3342.4314,630.32526,4678.95,2494.6636,1747.5459,1.3398325,3.168625e+06,0.012106407433748245,0.016385424882173538,0.70051366,5433.7446,959.48175,7705.25,2729.3108,1657.3727,1.9908853,5.15119e+06,0.020002594217658043,0.024021103978157043,0.6072495,856.61395,137.3689,1089.95,709.9699,365.50708,1.2065496,812070.0,0.008823119103908539,0.014038527384400368,0.5148205
LY2109761,1263.0,137.39696961967,0.7878756847561151,0.9693016116653875,0.7738970588235294,0.8407345714803642,51.13933820483646,31.49335938926663,1.6238133751544288,10373.663,2721.5251,14010.5,898.8345,453.4694,11.541239,1.3101936e+07,0.0326438844203949,0.015085809864103794,0.50450826,10620.952,2078.5315,14410.1,8067.825,3136.2727,1.3164579,1.3414263e+07,0.016816088929772377,0.01188481692224741,0.3887383,4855.693,1068.7711,6826.0,3994.569,2198.7256,1.2155737,6.13274e+06,0.017389453947544098,0.017649084329605103,0.55042875,5304.4307,954.4251,7132.9,3354.1028,1600.3502,1.5814753,6.699496e+06,0.02092531882226467,0.026378465816378593,0.47713214,1189.4885,206.50935,1530.8,1085.0806,462.051,1.0962214,1.502324e+06,0.013140924274921417,0.0200636088848114,0.42582184
LY2109761,729.0,107.63961030678927,0.8623194816096996,0.9592105263157895,0.6188455008488964,0.7906661728818913,43.074066435783024,21.811182570129915,1.9748615783342398,8580.274,2243.4656,12153.2,1031.2067,799.59534,8.320616,6.25502e+06,0.03198942169547081,0.015802860260009766,0.7753978,12913.7295,3330.3213,19285.6,9125.113,4971.4644,1.4151857,9.414109e+06,0.025603974238038063,0.0177700687199831,0.54481125,5811.1045,1500.3939,9066.8,4544.9834,3210.758,1.2785755,4.236295e+06,0.021308263763785362,0.025731196627020836,0.70644,6119.126,1674.7773,8375.8,3562.5889,2371.3508,1.7176065,4.460843e+06,0.02367115393280983,0.022661596536636353,0.66562575,1785.2867,1278.5525,3593.6,1532.7056,1642.7773,1.1647943,1.301474e+06,0.0392264798283577,0.039755839854478836,1.0718154
LY2109761,641.0,95.01219330881975,0.4908821316371079,0.9639097744360903,0.7658303464755077,0.8922965343127023,31.06567141316453,27.06522046010047,1.1478078096190467,13143.207,5744.5435,20346.0,1004.62115,371.15295,13.082749,8.424796e+06,0.060890283435583115,0.016562623903155327,0.36944568,18239.826,4187.253,25715.0,10531.44,4458.8774,1.7319403,1.1691729e+07,0.026214586570858955,0.01724456436932087,0.42338723,8653.415,2402.297,13156.0,4670.501,2637.1743,1.8527809,5.546839e+06,0.033144209533929825,0.021883804351091385,0.5646449,7990.5957,1350.8746,10177.0,3841.3108,1414.6003,2.0801742,5.121972e+06,0.032200660556554794,0.021012306213378906,0.3682598,1729.986,381.9317,2436.0,1267.7788,521.0708,1.3645803,1.108921e+06,0.018345918506383896,0.02496691234409809,0.4110108
LY2109761,939.0,122.32590180780451,0.8593864382259234,0.9700413223140496,0.7290372670807453,0.7885670095806167,48.48674969191922,24.7925676114386,1.9556969835406959,8596.331,1832.8773,11361.6,797.44305,636.9282,10.779868,8.071955e+06,0.024434605613350868,0.010973182506859303,0.7987131,8588.711,1448.4572,11203.3,6404.1426,2198.378,1.341118,8.0648e+06,0.013830162584781647,0.00908595509827137,0.34327435,3534.0352,710.5436,5013.7,2865.7686,1467.1923,1.2331893,3.318459e+06,0.014092784374952316,0.014725731685757637,0.51197165,5364.377,1000.5679,7531.8,2712.4543,1269.6224,1.9776838,5.03715e+06,0.023106057196855545,0.02081797830760479,0.46807146,816.08307,135.7518,1041.0,733.5076,313.89328,1.1125761,766302.0,0.010104951448738575,0.01580728404223919,0.4279346
LY2109761,739.0,104.91168824543142,0.8180312059963591,0.9698162729658792,0.739,0.8437359439528467,40.529792479671094,23.311676367740926,1.7386048021735956,7157.758,887.2533,8409.5,654.44977,777.0722,10.937062,5.289583e+06,0.02173127979040146,0.009181851521134377,1.1873672,7686.1567,1322.4592,10467.2,6017.752,2953.4597,1.2772472,5.68007e+06,0.012117958627641201,0.011100036092102528,0.4907912,3274.1257,529.1032,4129.3,2859.451,1880.396,1.145019,2.419579e+06,0.012418553233146667,0.01664978824555874,0.6576074,4569.7485,717.5789,5906.2,2395.0444,1419.7606,1.9080015,3.377044e+06,0.017974186688661575,0.02165650762617588,0.5927909,762.4046,161.24734,954.9,656.4573,391.56622,1.1613926,563417.0,0.013035054318606853,0.015609636902809143,0.59648395
LY2109761,1476.0,144.61017305526642,0.6525024256979279,0.9749009247027741,0.7130434782608696,0.8869487578436234,49.894657130559004,37.809504340455526,1.3196326691109932,11263.71,3004.4197,15116.75,841.9025,403.15115,13.378877,1.6625236e+07,0.03655293956398964,0.01600077748298645,0.47885728,9903.292,1846.8436,13577.75,7061.1704,2402.5193,1.4025,1.4617259e+07,0.01651720516383648,0.008098790422081947,0.3402438,4424.103,852.3387,6085.5,3343.3123,1586.5459,1.3232695,6.529976e+06,0.016864949837327003,0.015715187415480614,0.47454315,5619.0825,1085.1459,8120.75,2289.159,1135.8615,2.4546494,8.293766e+06,0.03483470529317856,0.022347649559378624,0.49619162,1129.7927,158.43619,1386.0,1017.3923,343.62036,1.110479,1.667574e+06,0.013050008565187454,0.02053794637322426,0.33774617
LY2109761,817.0,108.56854249492379,0.7590596388625671,0.9714625445897741,0.7067474048442907,0.8710115327980176,40.14012269496088,26.132066584522093,1.536048538875823,9108.163,2074.8765,11991.6,770.6471,628.712,11.8188505,7.441369e+06,0.03073853626847267,0.013492153957486153,0.81582344,9947.71,2168.555,13611.2,5958.803,4828.751,1.669414,8.127279e+06,0.01818636804819107,0.013566410169005394,0.81035584,4492.657,1495.6769,7413.2,2894.9485,2940.0647,1.5518954,3.670501e+06,0.020946860313415527,0.020792946219444275,1.0155845,5859.2754,1531.3779,8434.6,2157.2942,1848.5764,2.71603,4.787028e+06,0.02743232250213623,0.018055923283100128,0.85689586,1337.497,566.1124,2421.0,1175.5919,1159.1132,1.1377221,1.092735e+06,0.0406893715262413,0.034599825739860535,0.9859826
LY2109761,1022.0,117.98275605729691,0.30256859562873173,0.9779904306220095,0.7684210526315789,0.922621744307896,37.050756490034665,35.314099059686114,1.0491774525356952,12228.027,4433.349,17734.4,967.1153,457.20917,12.643815,1.2497044e+07,0.046285953372716904,0.01792813651263714,0.47275558,14607.366,5748.6367,27373.95,9326.988,5954.941,1.5661397,1.4928728e+07,0.025605808943510056,0.022374454885721207,0.63846344,6260.9053,2998.5054,13352.5,4277.918,3312.7012,1.4635403,6.398645e+06,0.029961487278342247,0.026616577059030533,0.7743723,7405.5273,2366.0188,13340.2,3503.8276,2483.8938,2.1135535,7.568449e+06,0.030220018699765205,0.03066287748515606,0.7089087,1559.5695,565.92017,2789.6,1237.4498,763.3845,1.2603092,1.59388e+06,0.024956876412034035,0.025997335091233253,0.6169014
LY2109761,1694.0,181.095454429505,0.7784229270503383,0.8925184404636459,0.6084770114942529,0.6490948614455049,62.43225000083287,39.191232502571275,1.5930157337291393,14162.475,10166.753,39838.4,990.54,554.5247,14.297731,2.3991232e+07,0.054664645344018936,0.014797234907746315,0.55982065,19809.465,12292.935,44714.25,9438.207,7585.707,2.0988588,3.355723e+07,0.022843513637781143,0.026154793798923492,0.80372334,8671.834,5035.1763,18506.75,4149.1504,3494.9736,2.0900264,1.4690086e+07,0.027879172936081886,0.025436963886022568,0.84233475,8291.693,3228.5513,14577.05,3563.4795,3248.5918,2.326853,1.4046128e+07,0.028428902849555016,0.02728387899696827,0.91163474,2003.4965,870.62164,3607.0,1219.2693,670.6537,1.6431944,3.393923e+06,0.02842657081782818,0.02323659136891365,0.5500456
LY2109761,713.0,102.5685424949238,0.7260805167818712,0.9544846050870147,0.679047619047619,0.8516693644734356,36.56285755640822,25.14097507989589,1.4543134242094649,7885.177,1588.0653,10515.4,715.7742,730.265,11.016292,5.622131e+06,0.03002822771668434,0.011676037684082985,1.020245,8381.31,1677.0719,11372.0,5535.569,2468.714,1.5140828,5.975874e+06,0.014434458687901497,0.008242682553827763,0.44597298,3795.9832,946.7555,5507.0,2604.3965,1406.4696,1.457529,2.706536e+06,0.018473820760846138,0.01240754034370184,0.5400367,5647.8794,2164.0168,10522.6,2618.3955,1381.8711,2.157,4.026938e+06,0.040458742529153824,0.02338554337620735,0.5277549,1012.58765,537.21704,2177.2,708.14197,644.61615,1.4299219,721975.0,0.043601781129837036,0.038101132959127426,0.91029227
LY2109761,725.0,100.91168824543142,0.6602597841349132,0.9679572763684913,0.7458847736625515,0.894674226892152,35.11958673808552,26.376119401282317,1.3314918014959445,7936.447,1355.9733,10071.6,805.5773,652.3723,9.851875,5.753924e+06,0.031104953959584236,0.014002645388245583,0.80981964,7877.4136,1410.1796,10488.6,6298.1914,1968.6521,1.2507422,5.711125e+06,0.011474288068711758,0.010102500207722187,0.3125742,3450.2966,857.7224,5068.0,2640.3687,1109.7148,1.306748,2.501465e+06,0.01591920107603073,0.01490809302777052,0.42028785,5788.186,2415.1062,10451.2,2821.0823,1203.6184,2.051761,4.196435e+06,0.036103252321481705,0.025369219481945038,0.4266513,1253.9904,765.3569,3094.8,890.5497,585.68677,1.4081082,909143.0,0.06693355739116669,0.04954824224114418,0.6576688
LY2109761,355.0,68.04163056034261,0.5551256522977606,0.9726027397260274,0.8492822966507177,0.9635822513662292,23.3443715877899,19.417066245205827,1.2022604904875238,22000.102,20388.193,64508.3,913.9447,814.556,24.071589,7.810036e+06,0.06758077442646027,0.010842548683285713,0.89125305,49267.76,11013.324,63489.9,9381.743,14003.764,5.2514505,1.7490056e+07,0.03488554060459137,0.03661169484257698,1.4926611,20601.42,3021.5608,24374.2,4052.8142,5399.993,5.083238,7.313504e+06,0.02901952713727951,0.030370216816663742,1.3324058,17264.094,2624.127,20393.4,4573.3257,5669.4746,3.7749538,6.128753e+06,0.028462346643209457,0.03252123296260834,1.2396832,3897.586,670.3992,4765.1,1141.2671,899.3077,3.4151392,1.383643e+06,0.0344938263297081,0.0213950015604496,0.78799057
LY2109761,977.0,121.05382386916236,0.7276937765397011,0.957843137254902,0.6885130373502466,0.8378135937242486,43.26926136094447,29.678479655366548,1.457933892281453,7773.944,1218.9719,9442.2,776.36816,711.3594,10.013218,7.595143e+06,0.025335153564810753,0.011809703893959522,0.9162655,7545.353,1625.3447,11313.2,5742.75,3328.0498,1.313892,7.37181e+06,0.013726781122386456,0.009336868301033974,0.57952195,3329.9539,740.267,4840.0,2760.3674,2325.0947,1.2063444,3.253365e+06,0.013243329711258411,0.01550235040485859,0.84231347,4704.058,454.4929,5406.4,2246.0818,1454.5996,2.0943396,4.595865e+06,0.0161160696297884,0.020405666902661324,0.6476165,832.97235,126.50387,1036.6,721.5569,436.72232,1.1544098,813814.0,0.010005509480834007,0.012203233316540718,0.60525
LY2109761,838.0,108.42640687119285,0.6788725801387591,0.96878612716763,0.8088803088803089,0.8957436759609423,38.17957967780668,28.033589262128007,1.361922632196991,7486.1313,1143.5399,9043.8,819.62146,784.57007,9.133645,6.273378e+06,0.02358722873032093,0.010798492468893528,0.9572347,6769.9297,1129.561,8993.75,5549.5957,1793.4205,1.219896,5.673201e+06,0.01298446673899889,0.007581312675029039,0.32316238,2885.8162,459.46878,3662.2,2636.8577,1428.8499,1.0944148,2.418314e+06,0.010298685170710087,0.0141904903575778,0.54187596,3952.8591,553.4827,4738.15,2475.631,1193.8275,1.5967077,3.312496e+06,0.016200054436922073,0.020485296845436096,0.4822316,689.6241,82.45335,827.3,684.73395,303.58954,1.0071417,577905.0,0.008044637739658356,0.014212050475180149,0.4433686
LY2109761,917.0,123.88225099390856,0.6394245175504847,0.9179179179179179,0.6032894736842105,0.7508635519730688,40.10008517002692,30.83110600778724,1.3006372577065042,18489.97,14556.162,46003.4,770.2699,645.2485,24.004536,1.6955304e+07,0.08088936656713486,0.011016406118869781,0.8376914,28315.062,2946.612,33135.4,8263.168,10441.132,3.4266593,2.5964912e+07,0.02478048764169216,0.03838245943188667,1.263575,10358.734,2677.766,15382.8,4242.2485,5219.7285,2.4418027,9.498959e+06,0.027725717052817345,0.0370509959757328,1.2304156,9257.0205,1615.1166,11944.0,4052.6038,4472.074,2.2842155,8.488688e+06,0.03408365696668625,0.038783807307481766,1.1035064,2445.615,375.49506,3037.4,1056.7129,994.84906,2.3143609,2.242629e+06,0.02750644087791443,0.0363704115152359,0.9414564
LY2109761,1192.0,130.71067811865476,0.706624800307505,0.9722675367047309,0.7198067632850241,0.876726197491945,46.437650448662666,32.85874434844549,1.4132509129448696,10073.61,2518.7363,13497.7,822.52966,538.47675,12.247108,1.2007744e+07,0.02873540297150612,0.01386978104710579,0.6546594,11069.453,2220.3745,15588.75,7279.799,4029.511,1.5205714,1.3194788e+07,0.02028276026248932,0.012964081019163132,0.55351955,5161.915,1200.2782,7647.6,3797.084,2554.7693,1.3594419,6.153003e+06,0.02379468083381653,0.022407203912734985,0.672824,4958.341,918.8097,6702.6,2642.171,1728.2502,1.8766162,5.910342e+06,0.0214370209723711,0.028030436486005783,0.6541024,1241.9866,299.55194,1915.7,969.29724,478.93057,1.2813269,1.480448e+06,0.020628511905670166,0.01765170879662037,0.49410084
LY2109761,1085.0,121.88225099390857,0.5047969929325086,0.9757194244604317,0.7350948509485095,0.917822435160521,40.03932882092279,34.563473641157984,1.1584289599076694,10394.308,2603.0068,13353.0,899.4585,430.15057,11.556184,1.1277824e+07,0.033251404762268066,0.015244186855852604,0.47823283,10730.622,2166.078,15139.6,7916.922,2370.4275,1.3554033,1.1642725e+07,0.01881297491490841,0.011435621418058872,0.29941276,4778.574,1115.3436,7188.8,3560.8044,1893.2361,1.3419929,5.184753e+06,0.018184861168265343,0.015878839418292046,0.53168774,5001.89,739.1378,6192.8,2539.2698,1257.9628,1.9698144,5.427051e+06,0.01894703321158886,0.0234127938747406,0.49540335,1166.0709,208.00401,1475.8,985.75684,439.31976,1.1829194,1.265187e+06,0.012936847284436226,0.01604214496910572,0.44566748
LY2109761,654.0,100.18376618407356,0.8463318839370496,0.9589442815249267,0.7822966507177034,0.8188284135353571,39.67692618764819,21.134150109919975,1.877384516589791,10017.301,3666.0977,16277.95,1010.25806,636.0333,9.915586,6.551315e+06,0.044001199305057526,0.018172957003116608,0.62957513,12407.981,3290.2832,18101.2,9413.339,6070.0044,1.3181275,8.11482e+06,0.029204310849308968,0.021586930379271507,0.6448301,5916.6836,2023.3655,9975.75,4751.5366,3503.8186,1.2452148,3.869511e+06,0.029978163540363312,0.029546376317739487,0.73740745,6398.6226,1647.5015,9229.6,3842.919,2764.1663,1.6650423,4.184699e+06,0.03163481876254082,0.03295053914189339,0.71928823,1257.393,294.3688,1819.35,1062.1823,539.25134,1.1837827,822335.0,0.017247425392270088,0.021685918793082237,0.5076825
LY2109761,889.0,114.22539674441617,0.7884465056871739,0.9673558215451578,0.6864864864864865,0.8562217872709614,42.928083642701864,26.405207237270613,1.6257431065380703,7506.596,1312.9673,9665.4,625.7478,882.8781,11.996201,6.673364e+06,0.018052618950605392,0.008627785369753838,1.4109168,7483.2046,1358.0443,10382.4,4479.178,2624.134,1.6706647,6.652569e+06,0.010679924860596657,0.006707787048071623,0.58585167,2850.4656,482.83276,3657.4,1965.6357,1462.8461,1.4501494,2.534064e+06,0.009141595102846622,0.010897800326347351,0.7442101,4021.5522,452.01813,4574.8,1663.2576,1250.0844,2.417877,3.57516e+06,0.013196452520787716,0.018038753420114517,0.7515879,898.099,557.97504,2223.2,885.1821,947.2934,1.0145923,798410.0,0.036598190665245056,0.036598626524209976,1.0701678
LY2109761,1107.0,125.39696961966999,0.7487123795602298,0.9787798408488063,0.7762973352033661,0.8846742819517713,46.18421205593071,30.615282960577968,1.5085345484279928,7448.7197,1072.1302,9182.1,828.9761,808.7579,8.985446,8.245733e+06,0.021321168169379234,0.010887046344578266,0.9756106,7469.701,1218.4966,10010.5,6113.9033,1160.9886,1.2217565,8.268959e+06,0.013532398268580437,0.008008313365280628,0.1898932,3415.3008,438.06314,4172.7,3296.5908,977.9238,1.0360099,3.780738e+06,0.011283601634204388,0.014982286840677261,0.296647,4751.7065,722.33936,6155.8,2596.4958,1013.7228,1.8300459,5.260139e+06,0.020451027899980545,0.023648474365472794,0.39041957,722.59894,85.25515,874.0,694.42004,223.0666,1.0405791,799917.0,0.007975554093718529,0.0141819529235363,0.3212272
LY2109761,1240.0,131.88225099390857,0.67432666512389,0.9771473601260835,0.7394156231365534,0.8958985771589977,46.303765073791396,34.19223609367818,1.3542186871584136,7746.166,1282.275,9864.2,835.8155,871.18774,9.267795,9.605246e+06,0.020789489150047302,0.011634623631834984,1.0423206,7450.605,1446.121,10404.8,6560.8145,2539.9666,1.1356219,9.23875e+06,0.01452457532286644,0.00854979082942009,0.38714197,3303.1338,706.0597,4658.2,3649.554,2056.1006,0.90507877,4.095886e+06,0.013193169608712196,0.016255952417850494,0.56338406,4074.4814,698.81793,5448.05,2589.003,1796.5525,1.5737647,5.052357e+06,0.018582141026854515,0.026187067851424217,0.69391674,627.7984,90.59289,783.0,682.4367,343.98083,0.9199365,778470.0,0.0067380266264081,0.012717667035758495,0.504048
LY2109761,905.0,114.56854249492379,0.7624725807027173,0.971030042918455,0.7357723577235772,0.8664184002480675,42.36267889341404,27.409522865868716,1.5455460170073048,7617.0054,1370.3551,10101.0,991.61615,816.8734,7.681405,6.89339e+06,0.022327005863189697,0.011174334213137627,0.8237799,8071.86,1751.49,11596.6,7568.8296,2682.51,1.0664607,7.305033e+06,0.014905823394656181,0.011968012899160385,0.35441545,3741.2905,934.2044,5378.0,4036.3745,2171.374,0.92689383,3.385868e+06,0.01731228269636631,0.023958493024110794,0.5379516,4868.581,800.20776,6529.8,3068.1223,2204.068,1.5868275,4.406066e+06,0.019997574388980865,0.030956896021962166,0.7183769,792.01105,134.52612,1015.0,827.5359,428.15857,0.95707154,716770.0,0.009890039451420307,0.024417053908109665,0.5173897
LY2109761,777.0,102.32590180780451,0.5290955441240053,0.9736842105263158,0.7595307917888563,0.9325233629408736,34.178914319401436,29.0029367005095,1.1784639146145848,9452.206,2479.7937,12808.6,1068.1454,625.90497,8.849175,7.344364e+06,0.03259759396314621,0.012364235706627369,0.58597356,13768.32,3464.6833,20347.4,10299.505,5395.669,1.3367944,1.0697985e+07,0.02692152000963688,0.018008258193731308,0.52387655,5917.466,1619.2845,9329.4,3947.8682,2598.444,1.4989016,4.597871e+06,0.025389088317751884,0.0221367496997118,0.6581892,6304.0127,1167.2606,8745.2,3297.219,1341.9694,1.9119182,4.898218e+06,0.027126044034957886,0.01916590891778469,0.40700036,1482.072,349.15524,2257.2,1103.2296,507.81805,1.3433939,1.15157e+06,0.020324986428022385,0.02187596634030342,0.46030134
LY2109761,1078.0,120.22539674441617,0.34031937979586974,0.9764492753623188,0.7667140825035562,0.9372084314998926,38.230598287081335,35.948610290057694,1.063479171478703,10549.341,2669.1794,13787.5,966.98706,496.63046,10.909495,1.1372189e+07,0.03129614517092705,0.01629253290593624,0.51358545,10581.866,1999.075,14538.35,8946.202,2265.7856,1.1828333,1.1407252e+07,0.014949139207601547,0.013093951158225536,0.25326788,4706.0693,1156.9261,7050.75,4264.305,1962.8738,1.1035959,5.073143e+06,0.01606384664773941,0.018370501697063446,0.4603033,4906.937,770.7254,6035.15,3096.6938,1506.6047,1.5845729,5.289678e+06,0.016164975240826607,0.02324596978724003,0.4865204,1063.3748,154.50693,1338.3,1075.8081,385.81305,0.9884428,1.146318e+06,0.010657074861228466,0.017561862245202065,0.35862628
LY2109761,723.0,110.42640687119284,0.8734980930701045,0.9281129653401797,0.7053658536585365,0.7450789249365548,43.980610076819765,21.410973462643554,2.054115388707301,9865.141,2779.3623,13420.4,1079.497,549.4872,9.138646,7.132497e+06,0.03905610367655754,0.015677208080887794,0.5090215,14983.677,4183.874,23241.4,11554.588,6938.4937,1.296773,1.0833198e+07,0.026375021785497665,0.01641889661550522,0.6004968,7024.646,2937.4883,13943.5,4548.268,3933.1135,1.5444661,5.078819e+06,0.031164467334747314,0.020501311868429184,0.8647497,5939.484,1084.934,8104.9,3507.2766,2957.5564,1.6934747,4.294247e+06,0.02542865090072155,0.021807262673974037,0.843263,1371.8894,368.6543,2120.7,1195.3765,663.99695,1.147663,991876.0,0.016262508928775787,0.020204374566674232,0.555471
LY2109761,1088.0,122.22539674441619,0.6403038246917809,0.9784172661870504,0.7534626038781164,0.9151996556918407,42.5253539976741,32.66464903482058,1.3018769603904818,10984.977,3130.6018,15271.85,885.6274,430.62622,12.40361,1.1951654e+07,0.034517839550971985,0.014838546514511108,0.4862386,11376.624,2736.0315,16671.05,8689.617,3180.3525,1.3092204,1.2377767e+07,0.02056061662733555,0.01317022368311882,0.36599454,5305.2095,1495.7356,8675.3,4244.7783,2448.654,1.2498201,5.772068e+06,0.021824771538376808,0.01937558501958847,0.57686263,4933.045,959.303,6988.85,2844.566,1140.3207,1.7341995,5.367153e+06,0.0265028215944767,0.02199357934296131,0.40087688,1226.9633,353.20255,2005.0,968.41205,394.70547,1.2669847,1.334936e+06,0.02012178674340248,0.01756802201271057,0.4075801
LY2109761,655.0,95.25483399593904,0.6774699184236997,0.9689349112426036,0.7705882352941177,0.9071458435437979,33.6934358328545,24.78322292267198,1.3595259961944397,6967.8823,837.95105,8215.2,851.18604,931.07623,8.186087,4.563963e+06,0.02016526833176613,0.010819666087627411,1.0938575,6586.2153,951.5897,8594.8,5997.433,1269.3047,1.0981724,4.313971e+06,0.011641314253211021,0.008170412853360176,0.21164133,2788.3022,293.35992,3306.5,2817.1086,1150.2354,0.98977447,1.826338e+06,0.009510264731943607,0.015221669338643551,0.4083035,3650.4946,420.3592,4474.3,2368.4116,835.9254,1.541326,2.391074e+06,0.014062331058084965,0.0210336372256279,0.35294768,555.7435,69.65289,664.3,543.6598,224.59271,1.0222267,364012.0,0.006052067503333092,0.012070639990270138,0.4131126
LY2109761,825.0,107.15432893255071,0.7036028783148083,0.974025974025974,0.7554945054945055,0.9029098086275068,38.55673913951474,27.398164615891965,1.4072745265991424,7227.452,1221.6962,9486.6,931.82104,849.60236,7.756266,5.962648e+06,0.022163216024637222,0.011266886256635189,0.9117656,7652.2935,1679.9047,11299.6,7046.668,1731.6494,1.0859449,6.313142e+06,0.01526700984686613,0.013516373001039028,0.24574018,3498.4424,750.79376,5037.0,3434.1807,1443.5958,1.0187124,2.886215e+06,0.011048260144889355,0.018308589234948158,0.42036107,4847.2896,987.2766,7002.8,3309.8682,1779.8663,1.4644963,3.999014e+06,0.019135933369398117,0.030878575518727303,0.53774536,743.84,130.41243,993.0,745.6574,310.17838,0.9975627,613668.0,0.008780790492892265,0.015441810712218285,0.41597974
LY2109761,864.0,116.42640687119285,0.8225280328921393,0.9642857142857143,0.7728085867620751,0.8009780546967914,44.4165528090131,25.260784841929766,1.7583203802633691,6542.1133,1076.3778,8428.95,1224.646,1169.2153,5.3420444,5.652386e+06,0.017752567306160927,0.012933687306940556,0.9547374,7348.3843,1868.9883,11681.7,7244.7373,1133.5934,1.0143065,6.349004e+06,0.019087841734290123,0.008702495135366917,0.15647128,3238.4966,758.35565,4775.7,3624.612,1233.993,0.893474,2.798061e+06,0.016530657187104225,0.01487340871244669,0.34044832,4399.7397,918.5584,6372.7,3026.2588,1117.162,1.4538544,3.801375e+06,0.025994114577770233,0.023835135623812675,0.36915612,735.4815,193.2219,1100.4,750.71826,275.16425,0.9797038,635456.0,0.012672418728470802,0.01193433441221714,0.36653465
LY2109761,1162.0,127.39696961966999,0.6796813652596869,0.9748322147651006,0.7767379679144385,0.8997001582748093,45.10494298043506,33.08481363001028,1.3633125906298493,9749.951,2392.0134,12959.55,1021.9961,529.08875,9.540106,1.1329443e+07,0.028488337993621826,0.014922364614903927,0.5177013,11310.764,2465.1985,16115.1,9438.738,2658.2998,1.1983343,1.3143107e+07,0.019145440310239792,0.011078926734626293,0.2816372,5075.4004,1302.6859,7302.1,4396.4253,2566.374,1.154438,5.897615e+06,0.019297469407320023,0.01813005656003952,0.58374107,5071.1465,906.6578,6156.95,2961.3708,1135.0516,1.7124321,5.892672e+06,0.02491365186870098,0.021974243223667145,0.38328588,1104.0654,246.98561,1470.0,1000.26337,444.0246,1.1037748,1.282924e+06,0.013507661409676075,0.014848321676254272,0.44390768
LY2109761,1199.0,131.9827560572969,0.7662245633425723,0.9747967479674797,0.7730496453900709,0.8649572854522757,48.765150108808484,31.335163420290797,1.5562436823683856,9599.192,2201.3892,12572.2,879.8364,578.469,10.910201,1.1509432e+07,0.02871956117451191,0.014243626035749912,0.6574733,9338.592,1703.0548,12918.5,7278.048,3621.2644,1.2831177,1.1196972e+07,0.014747020788490772,0.011656466871500015,0.49755985,4113.0034,962.5675,5420.3,3546.4028,2316.0513,1.1597677,4.931491e+06,0.016175417229533195,0.020593930035829544,0.65307057,5478.497,663.37665,6551.8,3106.4358,1730.5581,1.7635958,6.568718e+06,0.020275453105568886,0.029316188767552376,0.557088,947.61804,133.99802,1120.6,843.4483,347.23575,1.1235046,1.136194e+06,0.008640485815703869,0.013192140497267246,0.41168588
LY2109761,928.0,115.98275605729688,0.7382544647803263,0.9686847599164927,0.7160493827160493,0.8669039687706137,41.96832921597481,28.308574324309674,1.4825306543231664,11091.878,3415.838,15998.3,886.2881,458.42145,12.51498,1.0293263e+07,0.034232597798109055,0.01565513387322426,0.51723754,11737.463,2025.1008,15414.4,7736.827,2882.5562,1.51709,1.0892366e+07,0.021176781505346298,0.01112195011228323,0.372576,5054.2427,918.547,6980.95,3678.5635,2004.2356,1.3739718,4.690337e+06,0.0193607397377491,0.016263941302895546,0.54484195,6010.581,1054.1245,7899.0,2465.6282,1066.9884,2.4377484,5.577819e+06,0.029228830710053444,0.024711178615689278,0.43274507,1121.8254,168.1963,1474.3,968.2658,373.5167,1.1585925,1.041054e+06,0.013386783190071583,0.013720817863941193,0.38575843
LY2109761,1063.0,122.08326112068522,0.7247097278733948,0.9770220588235294,0.8240310077519379,0.8962535420402366,44.47830071634029,30.647963783602854,1.4512644634530953,10064.409,2547.0913,13508.2,892.51685,538.9463,11.276436,1.0698467e+07,0.02683933451771736,0.013213636353611946,0.60385,10444.462,1473.617,13103.2,7625.254,2436.168,1.3697199,1.1102463e+07,0.01498517394065857,0.009162858128547668,0.3194868,4977.4062,866.40063,6603.9,3657.1997,1669.134,1.3609884,5.290983e+06,0.017384672537446022,0.01602756977081299,0.45639673,4603.238,693.1583,5839.5,2359.6755,1037.8665,1.9507927,4.893242e+06,0.018463032320141792,0.019703086465597153,0.4398344,1158.5579,231.87909,1574.2,963.9215,415.59894,1.2019213,1.231547e+06,0.01802818663418293,0.016977230086922646,0.43115434
LY2109761,1209.0,127.88225099390857,0.5605511821280184,0.9805352798053528,0.7575187969924813,0.9289998001671369,43.148187965912314,35.731867982721944,1.2075547795815353,9175.585,1873.3599,11801.8,815.4137,576.31305,11.252674,1.1093282e+07,0.024639973416924477,0.012033125385642052,0.7067738,9146.472,1589.2496,12138.6,7042.1807,2889.434,1.2988124,1.1058084e+07,0.012147074565291405,0.009394103661179543,0.4103039,4078.2979,1099.5864,6076.8,3578.7366,2289.2795,1.1395916,4.930662e+06,0.01689869537949562,0.01515126507729292,0.6396893,5145.0933,741.98846,6753.8,2930.8582,1490.2,1.7554904,6.220418e+06,0.017032690346240997,0.01913248561322689,0.50845176,906.4243,147.40994,1154.0,880.4737,347.8962,1.0294734,1.095867e+06,0.008290033787488937,0.011424705386161804,0.3951239
LY2109761,996.0,124.36143571373727,0.746879524011226,0.9431818181818182,0.7114285714285714,0.8092780254950502,44.34580481516331,29.48815886091302,1.5038512585451482,8185.553,1598.7825,10481.0,1166.7183,773.9353,7.015878,8.152811e+06,0.025329452008008957,0.018299976363778114,0.6633438,8456.995,1672.1537,11706.75,10064.794,2672.0063,0.84025514,8.423167e+06,0.01408749632537365,0.01376346591860056,0.2654805,3697.983,933.8292,5493.5,4976.9575,2305.475,0.7430208,3.683191e+06,0.01633363775908947,0.02188490889966488,0.4632298,4423.7197,785.0637,5568.75,3767.5183,1650.7312,1.1741734,4.406025e+06,0.02065846510231495,0.027567749843001366,0.43814817,633.3675,102.87055,807.0,759.9564,257.47516,0.83342606,630834.0,0.007651866413652897,0.01327706128358841,0.33880252
LY2109761,867.0,113.1543289325507,0.733590495619983,0.9611973392461197,0.7291841883936081,0.8509158528202473,40.56978295047401,27.570890928709872,1.4714715986282563,8152.9434,1644.3236,10825.3,1111.1134,814.57654,7.337634,7.068602e+06,0.023631146177649498,0.013172374106943607,0.7331174,9248.127,2257.2341,13676.9,8482.697,3468.491,1.0902343,8.018126e+06,0.013184572570025921,0.013457595370709896,0.4088901,4374.802,1497.5032,7571.2,4143.9756,2734.244,1.0557016,3.792953e+06,0.017137203365564346,0.022190554067492485,0.6598118,4925.813,1111.1952,7099.8,3073.3738,1476.1536,1.602738,4.27068e+06,0.01963145285844803,0.018068566918373108,0.48030394,958.89386,206.66898,1361.7,962.0287,446.7585,0.9967414,831361.0,0.01070358045399189,0.01617288403213024,0.4643921
LY2109761,827.0,109.39696961966999,0.7750543327780338,0.9695193434935522,0.6984797297297297,0.8683699571523036,40.99237321116403,25.902859134909143,1.5825424134712152,6107.045,1002.01434,7999.6,1321.8907,1155.5496,4.6199317,5.050526e+06,0.018103450536727905,0.011983964592218399,0.8741642,7610.5513,2013.0221,11460.2,9044.216,2142.797,0.8414827,6.293926e+06,0.01790144480764866,0.01455371268093586,0.23692459,3267.3071,1012.69525,5306.2,4606.06,1978.7598,0.70934963,2.702063e+06,0.016534605994820595,0.025510575622320175,0.42959923,4684.23,1207.6409,6186.9,3925.8162,2008.6224,1.1931863,3.873858e+06,0.017732571810483932,0.029572423547506332,0.51164454,738.9274,167.38155,1032.4,835.32056,283.8908,0.88460344,611093.0,0.008697797544300556,0.014629284851253033,0.33985853
LY2109761,937.0,112.91168824543142,0.5721358746927168,0.9760416666666667,0.7913851351351351,0.9235739033861979,38.19588051469367,31.326689476236083,1.2192759960693722,9960.8,2525.6235,12995.8,1085.5775,532.11273,9.175577,9.333269e+06,0.02923387475311756,0.016615401953458786,0.4901656,10789.095,2075.1506,14679.0,9963.226,2839.3562,1.0828917,1.0109382e+07,0.01418718695640564,0.012928908690810204,0.28498363,4743.8237,1156.5516,7171.6,4647.2246,2493.2646,1.0207864,4.444963e+06,0.014623038470745087,0.019190452992916107,0.5365062,5254.5435,850.81165,6531.4,3203.8564,1493.188,1.6400683,4.923507e+06,0.01875385269522667,0.022396093234419823,0.46605957,976.5155,339.86502,1664.4,1081.7,602.5832,0.90276,914995.0,0.014206166379153728,0.015737121924757957,0.55707055
LY2109761,753.0,107.01219330881976,0.8221091701203267,0.9567979669631512,0.784375,0.8263010591445834,41.23555650977659,23.476634444632126,1.7564509345250294,8118.3057,1542.8883,10593.2,988.8145,694.6062,8.21014,6.113084e+06,0.02972765825688839,0.014477135613560677,0.7024636,8996.007,1810.705,12376.2,8388.404,2788.991,1.0724336,6.773993e+06,0.017819339409470558,0.01381781604140997,0.3324817,4261.243,1366.5063,7234.8,3925.9573,2151.0898,1.0854024,3.208716e+06,0.02017662115395069,0.02220449224114418,0.54791474,5026.462,793.44135,6499.6,3135.9534,1449.8425,1.6028497,3.784926e+06,0.0228072851896286,0.023239579051733017,0.46232912,836.1248,228.01732,1308.2,791.10626,398.6356,1.0569059,629602.0,0.012170132249593735,0.015607164241373539,0.5038964
LY2109761,663.0,101.74011537017762,0.8337711975215976,0.959479015918958,0.6480938416422287,0.8048944649698639,39.41723630097689,21.762655263281825,1.8112328584959967,8433.681,1877.1395,11200.9,1171.9884,1234.7775,7.1960444,5.59153e+06,0.027217797935009003,0.013335405848920345,1.0535748,10067.912,2068.648,13945.2,8944.224,3096.1345,1.1256329,6.675026e+06,0.01322748139500618,0.012194479815661907,0.34616023,4984.314,1516.1182,7747.2,4102.821,2210.6536,1.2148505,3.3046e+06,0.017982477322220802,0.02009393647313118,0.5388131,5507.1147,1249.1039,7824.9,3291.2976,953.4605,1.6732352,3.651217e+06,0.02516099438071251,0.01811816357076168,0.28969136,808.68475,194.57669,1115.7,689.8707,289.85434,1.1722265,536158.0,0.008810251951217651,0.012960362248122692,0.42015746
LY2109761,704.0,101.98275605729691,0.7779874781585996,0.9565217391304348,0.6743295019157088,0.8506071602354011,37.94868511318157,23.842391590721405,1.5916475899150075,9981.673,3276.8384,13972.7,1132.0573,478.1694,8.8172865,7.027098e+06,0.04832736402750015,0.018539370968937874,0.42238978,12945.269,2235.8186,17098.7,11865.093,3376.6646,1.0910381,9.113469e+06,0.022805746644735336,0.017972785979509354,0.28458813,5662.2812,1731.069,9185.35,5231.115,2736.693,1.0824233,3.986246e+06,0.026348959654569626,0.024934079498052597,0.5231567,7369.811,1565.9473,10816.25,4936.2,2307.4727,1.493013,5.188347e+06,0.033787935972213745,0.03367530554533005,0.4674593,1222.3423,347.431,1706.1,1148.3346,435.666,1.0644479,860529.0,0.02599474973976612,0.024015115574002266,0.3793894
LY2109761,689.0,102.22539674441617,0.8241861982990175,0.9649859943977591,0.6332720588235294,0.8285361776005077,39.56114359216731,22.404223812119316,1.7657895191516142,9940.001,3213.4727,13758.8,1124.0477,448.6025,8.843041,6.848661e+06,0.041059721261262894,0.018444042652845383,0.3990956,13970.01,2279.1292,17569.6,11623.284,3032.365,1.2018987,9.625337e+06,0.02683013491332531,0.020790353417396545,0.26088712,6115.4253,1541.4902,9376.2,5265.5347,2090.664,1.1614063,4.213528e+06,0.030509186908602715,0.028420917689800262,0.39704686,7828.289,1885.1791,11415.4,3870.6653,1265.3749,2.022466,5.393691e+06,0.04117041826248169,0.027036478742957115,0.32691404,1261.3773,184.12387,1592.8,1081.989,313.6249,1.165795,869089.0,0.018396839499473572,0.020682042464613914,0.2898596
LY2109761,914.0,110.56854249492379,0.27883503668858645,0.9744136460554371,0.7680672268907563,0.9394915756340212,34.84236168062944,33.46047927095688,1.0412989425071388,7086.4443,1383.9812,9188.9,973.58813,836.9981,7.278688,6.47701e+06,0.020938849076628685,0.01051787193864584,0.8597045,7680.3994,1822.1581,11188.25,7006.084,1795.4985,1.0962471,7.019885e+06,0.012169059365987778,0.008302468806505203,0.25627705,3320.3303,758.141,4493.85,3421.4302,1407.6608,0.970451,3.034782e+06,0.013087386265397072,0.015350932255387306,0.41142467,2931.1323,724.2544,4112.8,2217.3064,728.1502,1.3219339,2.679055e+06,0.01196055393666029,0.016400998458266258,0.32839406,550.0766,224.61238,920.45,702.78326,284.4311,0.78271157,502770.0,0.008747474290430546,0.012320484966039658,0.40472093
LY2109761,853.0,111.9827560572969,0.7175363310788083,0.9627539503386005,0.7055417700578991,0.8547844074477509,39.7112399762344,27.659715719258543,1.4357067288506071,7541.461,1529.0109,10351.8,1040.8885,883.1228,7.2452145,6.432866e+06,0.023244163021445274,0.010262307710945606,0.84843165,8140.353,1712.32,11563.2,7061.763,2525.005,1.1527367,6.943721e+06,0.01563943922519684,0.010051922872662544,0.35756013,3654.2896,867.4238,5146.2,3365.3481,1928.1627,1.0858577,3.117109e+06,0.013618923723697662,0.01838536001741886,0.572946,4013.8276,847.9025,5411.2,2718.9668,1616.6221,1.4762326,3.423795e+06,0.017016518861055374,0.023162975907325745,0.5945722,908.6589,112.597824,1086.4,871.0655,301.4082,1.0431579,775086.0,0.008097855374217033,0.015100504271686077,0.34602243
LY2109761,827.0,108.08326112068524,0.647429154629635,0.9605110336817654,0.7657407407407407,0.8896076191564517,37.25211600896837,28.390792720232994,1.3121196148362657,10938.737,3618.514,15234.1,1159.6593,422.30542,9.432716,9.046336e+06,0.04573647677898407,0.024246446788311005,0.36416334,13538.331,2964.8044,19439.0,12605.66,3341.6375,1.0739883,1.11962e+07,0.02693803235888481,0.021394722163677216,0.26509023,6111.539,1733.5028,9316.4,5699.8022,2526.5823,1.072237,5.054243e+06,0.0270558912307024,0.026817888021469116,0.44327542,7411.531,1325.7546,9607.8,5246.623,2557.4624,1.4126288,6.129336e+06,0.02786734513938427,0.03448157012462616,0.48744923,1347.2563,456.2258,2080.3,1282.8804,668.1097,1.0501808,1.114181e+06,0.026014482602477074,0.04236028715968132,0.5207888
LY2109761,1128.0,123.1543289325507,0.5868637763782283,0.9808695652173913,0.8091822094691535,0.9345867067500614,42.17013469382535,34.14455438260125,1.2350471533848344,9479.33,2131.341,12322.55,986.3405,658.0171,9.610606,1.0692684e+07,0.025808678939938545,0.015629487112164497,0.66712976,8867.036,1495.1333,11797.25,8157.3345,2324.8506,1.0870017,1.0002017e+07,0.011979442089796066,0.011412263847887516,0.28500125,4025.5833,763.89166,5534.0,3978.6606,1950.6019,1.0117936,4.540858e+06,0.012928668409585953,0.0165741927921772,0.49026597,4031.3396,481.16284,4800.6,2571.8618,1342.481,1.5674791,4.547351e+06,0.011238179169595242,0.017465077340602875,0.521988,974.1454,139.30542,1178.0,1060.6309,466.66403,0.91845846,1.098836e+06,0.00908246636390686,0.018333131447434425,0.43998724
LY2109761,1078.0,125.63961030678927,0.771014027211748,0.9711711711711711,0.7205882352941176,0.8581742190826103,46.459624583029616,29.586332675433187,1.5703069756126637,9122.621,1966.8483,11722.0,771.55664,601.212,11.823657,9.834186e+06,0.024410007521510124,0.010914219543337822,0.7792195,9954.776,2074.8691,13968.3,5983.6245,4317.0327,1.66367,1.0731249e+07,0.018604887649416924,0.012065276503562927,0.7214745,4170.8867,981.23303,6245.3,2708.95,2278.413,1.5396692,4.496216e+06,0.01767551340162754,0.020527290180325508,0.84106874,4761.076,1146.2305,6341.6,2029.645,1672.5852,2.345768,5.13244e+06,0.019353792071342468,0.0213469211012125,0.8240777,1000.99536,185.94156,1294.05,766.3238,422.85062,1.3062303,1.079073e+06,0.012929586693644524,0.01762472093105316,0.5517911
LY2109761,1070.0,130.95331880577405,0.825437687640528,0.9304347826086956,0.6213704994192799,0.7840804453922728,50.13678065059058,28.301874010944623,1.77150038302065,9539.285,2513.8547,13075.3,1048.5002,507.66278,9.098028,1.0207035e+07,0.03364506736397743,0.01783747971057892,0.48417994,10498.494,2330.6145,14984.75,9556.897,2536.1133,1.0985254,1.1233389e+07,0.020068436861038208,0.015177414752542973,0.26536995,4679.768,1104.6682,6960.3,4282.873,1694.7318,1.0926703,5.007352e+06,0.018852554261684418,0.020583625882864,0.39569974,6084.684,1127.1631,8296.55,3780.4854,1339.7783,1.6094981,6.510612e+06,0.03020215593278408,0.026140209287405014,0.3543932,1206.2981,558.4187,1945.3,1799.2638,1749.303,0.67043984,1.290739e+06,0.034058552235364914,0.06716389209032059,0.97223264
LY2109761,828.0,105.25483399593905,0.3639092844702277,0.9787234042553191,0.8093841642228738,0.9391957086568332,33.807062856395156,31.489061147217768,1.0736129190495791,8311.169,1828.4338,10684.9,1157.9055,678.0426,7.177761,6.881648e+06,0.025988705456256866,0.012545568868517876,0.5855768,9952.351,1392.0375,12530.0,9246.37,2584.57,1.0763521,8.240546e+06,0.012420544400811195,0.012722528539597988,0.27952266,4331.447,655.1402,5495.15,3757.9927,1931.0798,1.1525959,3.586438e+06,0.014303279109299183,0.017685703933238983,0.5138594,5473.721,661.5054,6656.65,3088.77,980.9041,1.7721362,4.532241e+06,0.021942438557744026,0.01955260895192623,0.3175711,916.5592,129.73897,1156.0,916.1691,334.8719,1.0004258,758911.0,0.009672139771282673,0.014500659890472889,0.36551318
LY2109761,510.0,86.76955262170047,0.8252690996822115,0.9532710280373832,0.7727272727272727,0.8512268688226972,34.13547313780715,19.277656386333625,1.7707273360265192,5756.4453,824.2228,7277.1,1046.5425,1015.1483,5.500441,2.935787e+06,0.020730283111333847,0.008778921328485012,0.970002,7775.9097,1506.7986,10651.1,6357.1875,1573.0276,1.2231683,3.965714e+06,0.014127490110695362,0.00836828351020813,0.2474408,3554.6921,857.3076,5236.65,2992.4595,1268.5455,1.1878831,1.812893e+06,0.01356485579162836,0.01514667272567749,0.42391402,3921.2256,541.63025,4855.25,2786.7632,1258.454,1.4070896,1.999825e+06,0.014352530241012573,0.017552461475133896,0.45158267,925.8588,148.83878,1209.95,827.92926,301.81555,1.1182826,472188.0,0.009602189064025879,0.017391536384820938,0.3645427
LY2109761,716.0,104.91168824543142,0.8386859212231829,0.9623655913978495,0.7061143984220908,0.8174762325713644,41.04254658925765,22.35240261214941,1.8361581661449407,7430.9175,1323.2284,9476.0,863.67053,809.48553,8.60388,5.320537e+06,0.02434605173766613,0.009529407136142254,0.93726194,8247.321,1473.891,11017.25,6959.4263,2250.5205,1.1850576,5.905082e+06,0.0155962985008955,0.010652001947164536,0.3233773,3648.8926,883.94183,5578.5,3261.0056,1595.0952,1.118947,2.612607e+06,0.013950305059552193,0.020666982978582382,0.48914212,5134.8647,1113.6095,7420.75,2810.478,1566.8407,1.8270432,3.676563e+06,0.021661655977368355,0.020917581394314766,0.5574997,681.80865,111.71734,883.5,635.9519,246.14351,1.0721073,488175.0,0.007575094234198332,0.014317902736365795,0.38704735
LY2109761,841.0,110.91168824543142,0.7185794185446833,0.9589509692132269,0.7435897435897436,0.8591148537597009,39.71589732695216,27.62021853928961,1.4379284244422799,7402.025,1302.7087,9338.0,1171.4366,890.82153,6.318758,6.225103e+06,0.02205139771103859,0.011249520815908909,0.76045215,8542.197,1417.3966,11229.0,8519.124,2427.9785,1.0027084,7.183988e+06,0.01264961063861847,0.011702622286975384,0.2850033,3716.848,866.66315,5354.0,3914.743,1981.2103,0.94944876,3.125869e+06,0.014288789592683315,0.016443919390439987,0.5060895,4727.265,664.3368,5679.0,3124.202,1514.3662,1.5131112,3.97563e+06,0.01680835895240307,0.018498579040169716,0.48472098,807.98096,124.965965,1050.0,840.7738,345.08478,0.9609968,679512.0,0.008756457827985287,0.01155746728181839,0.4104371
LY2109761,788.0,109.7401153701776,0.7757252213713828,0.9459783913565426,0.777120315581854,0.822252602318632,40.312115042459745,25.439799530045544,1.584608203962037,7598.8022,1601.2874,10279.7,948.6574,815.656,8.010059,5.987856e+06,0.02374827302992344,0.010533582419157028,0.8598004,7357.4507,1429.3761,10035.05,6391.127,1738.5359,1.1511977,5.797671e+06,0.011692405678331852,0.008117102086544037,0.27202338,3297.8413,764.57965,4824.0,3061.2478,1281.3561,1.0772866,2.598699e+06,0.014862993732094765,0.013123570941388607,0.41857314,4136.292,864.9286,5469.95,2769.613,1048.5831,1.4934548,3.259398e+06,0.023378359153866768,0.017882056534290314,0.37860274,760.65356,99.55944,916.95,803.3447,347.39377,0.9468582,599395.0,0.009491740725934505,0.018101144582033157,0.43243423
LY2109761,971.0,116.32590180780451,0.6922939399967354,0.9719719719719719,0.7830645161290323,0.9017294169687736,41.4201833674167,29.88945123276681,1.3857793187587577,10553.05,2889.7766,14103.5,791.9462,516.10126,13.325462,1.0247011e+07,0.031198177486658096,0.012475918047130108,0.65168726,10559.233,1998.8717,14159.0,6283.4385,3286.687,1.6804864,1.0253016e+07,0.01887742429971695,0.008879887871444225,0.5230714,4587.8765,937.89716,6442.5,2923.5776,1831.2909,1.5692679,4.454828e+06,0.019041627645492554,0.014933082275092602,0.62638694,5776.987,1119.2224,8108.0,2298.634,1365.0211,2.513226,5.609454e+06,0.030123090371489525,0.019765522330999374,0.5938401,1012.8723,174.84888,1307.0,724.61346,374.65472,1.3978105,983499.0,0.014644594863057137,0.015201620757579803,0.5170408
LY2109761,829.0,110.08326112068524,0.8064252214454148,0.9707259953161592,0.7776735459662288,0.8596503042439204,42.30912382110646,25.018911525446526,1.6910857124249472,6997.2256,997.0787,8591.4,610.6529,892.141,11.458597,5.8007e+06,0.019369561225175858,0.008884851820766926,1.4609625,7582.8022,1292.9385,9998.8,4242.4053,2608.8984,1.7873828,6.286143e+06,0.012988987378776073,0.007094421423971653,0.6149574,3334.602,533.48883,4315.8,2096.7886,1633.5815,1.5903378,2.764385e+06,0.0112751554697752,0.011737126857042313,0.77908736,3654.192,740.13885,5056.6,1338.3912,1049.7292,2.7302868,3.029325e+06,0.016731109470129013,0.02028193697333336,0.78432167,652.0555,126.6977,875.0,539.00964,413.6669,1.2097288,540554.0,0.011497583240270615,0.020243510603904724,0.7674573
LY2109761,801.0,105.84062043356595,0.5040396511779829,0.9650602409638555,0.8123732251521298,0.8985404363091997,34.551997483040076,29.841886941419606,1.1578355467556907,7148.2085,1114.6069,8866.0,976.9316,888.6422,7.317,5.725715e+06,0.019196229055523872,0.00984990131109953,0.9096258,7308.07,1115.8953,9517.0,6379.4976,1643.9308,1.1455557,5.853764e+06,0.011222731322050095,0.008118654601275921,0.25768968,3352.5417,453.0499,4205.0,3093.9746,1300.2599,1.0835712,2.685386e+06,0.011612123809754848,0.013745550997555256,0.4202555,4392.719,585.0198,5501.0,2706.2068,1021.98596,1.6232016,3.518568e+06,0.015688618645071983,0.019523629918694496,0.3776452,710.1623,75.17898,849.0,742.143,269.82745,0.95690763,568840.0,0.00696988683193922,0.017827412113547325,0.3635788
LY2109761,355.0,67.698484809835,0.6079826906485021,0.9806629834254144,0.8068181818181818,0.9733752959933741,23.89273044819452,18.969640040740018,1.25952471406318,10150.163,3681.8538,15522.3,638.7763,517.4577,15.890012,3.603308e+06,0.07330527156591415,0.017762064933776855,0.81007653,15650.949,2238.691,18628.0,6607.842,5700.847,2.3685417,5.556087e+06,0.02445637248456478,0.020680446177721024,0.8627397,7145.296,1297.733,9227.0,2636.991,2181.4705,2.7096398,2.53658e+06,0.024658266454935074,0.020012499764561653,0.82725745,7511.1353,1314.9437,9799.2,2518.411,1876.2417,2.98249,2.666453e+06,0.048086173832416534,0.019691050052642822,0.74501014,1354.1353,252.58176,1765.1,660.10535,517.19006,2.0513926,480718.0,0.01494778972119093,0.015180735848844051,0.78349626
LY2109761,1271.0,133.63961030678928,0.3868827554112169,0.9665399239543726,0.7579010137149672,0.8943036709344079,41.94764096286059,38.68113259526817,1.084447071438441,8623.807,1817.0565,11560.5,924.97125,645.1168,9.323324,1.0960858e+07,0.02770267426967621,0.014943946152925491,0.6974453,8598.455,1544.7177,11541.5,8529.67,1895.5922,1.0080643,1.0928637e+07,0.013616797514259815,0.012707386165857315,0.22223511,3969.7104,979.97107,6049.0,4252.967,1631.3007,0.93339795,5.045502e+06,0.01840178482234478,0.01857060380280018,0.3835677,4633.4404,894.79474,6462.0,2950.2559,1167.0114,1.5705216,5.889103e+06,0.024878287687897682,0.023962702602148056,0.39556277,789.56805,140.77544,1036.5,810.7899,294.6534,0.9738257,1.003541e+06,0.009156633168458939,0.013818302191793919,0.36341524
LY2109761,722.0,110.08326112068524,0.8911093606347954,0.9537648612945839,0.6996124031007752,0.7486942336117135,45.15106537222773,20.48903943523743,2.203669211284551,7896.742,1587.8564,10137.45,1000.61053,777.02295,7.891924,5.701448e+06,0.021605422720313072,0.01047512236982584,0.77654886,7196.4434,1269.0801,9745.55,7252.6074,2324.3342,0.99225605,5.195832e+06,0.009940705262124538,0.008234331384301186,0.32048255,2974.1301,722.77545,4435.5,2850.5803,1613.6434,1.043342,2.147322e+06,0.011757057160139084,0.013358940370380878,0.5660754,3474.827,511.69678,4301.15,2557.191,874.90283,1.3588454,2.508825e+06,0.015183783136308193,0.018180644139647484,0.34213436,513.9571,101.820076,680.8,584.4776,287.27087,0.8793444,371077.0,0.007241968531161547,0.010173113085329533,0.49150023
LY2109761,314.0,65.698484809835,0.6756033252333897,0.9631901840490797,0.7584541062801933,0.9141738725585112,23.5012761145885,17.326675773090624,1.3563638185627853,13295.49,7516.69,26703.2,473.9618,468.1715,28.051819,4.174784e+06,0.07782337814569473,0.017570583149790764,0.98778325,18320.771,5362.5283,25585.35,4671.521,5901.32,3.9218001,5.752722e+06,0.03776811063289642,0.021357707679271698,1.2632545,8999.076,2309.185,12404.4,2306.1167,2799.4668,3.9022639,2.82571e+06,0.04500388354063034,0.02481706626713276,1.2139311,7817.831,2277.5994,11476.3,1766.9738,1811.8267,4.4244184,2.454799e+06,0.044934436678886414,0.019238172098994255,1.0253841,1487.1178,322.53134,1896.5,549.2923,535.22504,2.707334,466955.0,0.024726416915655136,0.018012911081314087,0.9743902
LY2109761,622.0,91.84062043356595,0.5410977625823994,0.9688473520249221,0.7679012345679013,0.9266817940612008,30.770617469165867,25.87684913148073,1.1891176283797078,9605.027,2713.6118,12672.05,771.609,534.209,12.44805,5.974327e+06,0.03899799659848213,0.0150840375572443,0.6923312,8194.124,927.9023,9675.75,6561.3945,1506.4026,1.2488388,5.096745e+06,0.010858830995857716,0.0103052519261837,0.22958574,3493.9373,630.41174,4740.15,2674.1924,984.2239,1.3065392,2.173229e+06,0.015074213966727257,0.016584744676947594,0.36804527,4715.934,1007.5739,6759.35,2503.3267,960.7891,1.8838668,2.933311e+06,0.028803523629903793,0.01988331973552704,0.38380495,737.0386,132.87541,995.95,615.47845,235.40123,1.1975051,458438.0,0.011783886700868607,0.014458879828453064,0.38246867
LY2109761,798.0,106.81118318204308,0.7675572387467435,0.973170731707317,0.6909090909090909,0.8789806277064761,39.84547326973457,25.540167769571646,1.5601100834273356,8891.757,2038.5951,11632.7,974.5162,634.02374,9.124278,7.095622e+06,0.024003775790333748,0.010959393344819546,0.6506036,10270.4375,1722.9342,13758.0,8355.238,2352.5913,1.2292213,8.195809e+06,0.013711007311940193,0.009381001815199852,0.28157082,4387.2007,1115.3965,6887.75,3856.9495,1952.5751,1.1374794,3.500986e+06,0.01435425877571106,0.015776921063661575,0.50624853,5915.525,885.15015,7716.35,3093.5088,1267.5968,1.912238,4.720589e+06,0.02167356200516224,0.022256890311837196,0.4097602,840.183,134.72806,1091.15,776.262,273.43936,1.0823445,670466.0,0.008363514207303524,0.012360051274299622,0.35225138
LY2109761,445.0,83.25483399593904,0.847017904649694,0.9611231101511879,0.639367816091954,0.8067722591861434,33.008979813378296,17.54639724056957,1.8812397417435194,5918.607,961.0541,7877.0,1145.6432,1078.4553,5.166187,2.63378e+06,0.021798735484480858,0.011403530836105347,0.94135356,8144.4473,2032.3676,12968.8,7097.1577,1145.4906,1.1475646,3.624279e+06,0.017275819554924965,0.010106060653924942,0.16140132,3813.7327,596.0579,4950.6,3427.721,845.79156,1.1126146,1.697111e+06,0.011612899601459503,0.016672763973474503,0.24675041,5378.867,746.2565,6807.0,3510.306,1240.2217,1.5323073,2.393596e+06,0.016728296875953674,0.026234276592731476,0.3533087,776.28314,98.60264,941.0,691.6678,208.02641,1.1223353,345446.0,0.0067874290980398655,0.014452585019171238,0.3007606
LY2109761,779.0,103.49747468305833,0.6230716605455004,0.9713216957605985,0.7637254901960784,0.9138771428458169,35.68494436400738,27.91150580811182,1.2785030162592086,7310.4033,1303.8082,9346.7,926.39307,784.8554,7.8912544,5.694804e+06,0.02622055821120739,0.011804522946476936,0.8472164,9384.634,1939.4718,12919.4,7538.7627,2625.7612,1.2448506,7.31063e+06,0.014281705021858215,0.009973098523914814,0.34830135,4284.737,937.3754,6069.1,3929.5056,1668.765,1.0904009,3.33781e+06,0.01620549149811268,0.01715056039392948,0.42467555,4972.2505,970.28625,6955.4,3034.0537,1473.418,1.6388142,3.873383e+06,0.02259790152311325,0.026247579604387283,0.48562685,916.35175,190.05768,1277.1,869.04803,314.11603,1.0544317,713838.0,0.010694656521081924,0.016510965302586555,0.3614484
LY2109761,976.0,118.66904755831213,0.7843910723802053,0.9779559118236473,0.8106312292358804,0.8709330437165649,44.78162624754766,27.77654671190722,1.6122099954329716,8939.807,2361.5474,12939.75,876.9677,693.2942,10.193997,8.725251e+06,0.02466825395822525,0.010721172206103802,0.7905584,9516.669,2189.8987,13696.75,7670.5605,1773.6492,1.2406745,9.288269e+06,0.0186613742262125,0.00751420808956027,0.2312281,4200.1924,703.2672,5553.5,3961.6272,1200.2804,1.0602189,4.099388e+06,0.014777113683521748,0.01442232821136713,0.3029766,5744.6826,1027.8917,7767.0,3274.308,1076.0369,1.7544723,5.60681e+06,0.025903483852744102,0.018401913344860077,0.3286303,1030.3647,610.411,1980.0,1240.3826,1183.7275,0.83068305,1.005636e+06,0.0459812730550766,0.05050074681639671,0.95432454
LY2109761,1936.0,196.16652224137044,0.6168283878161014,0.8909341923607915,0.6402116402116402,0.6322159255828061,58.754297229326916,46.2453703719963,1.2704903595042965,9665.516,2900.5874,13868.5,1168.8752,642.9997,8.2690735,1.8712438e+07,0.0329732745885849,0.01914212852716446,0.5501012,10413.531,2183.1147,14816.0,10834.593,3177.1091,0.9611373,2.0160596e+07,0.015602379105985165,0.017700348049402237,0.2932375,4759.121,1424.6442,7601.0,5111.7573,2358.7437,0.93101466,9.213658e+06,0.01898200809955597,0.024347245693206787,0.461435,5528.49,1412.2981,7886.25,3986.779,1921.5885,1.386706,1.0703157e+07,0.022673245519399643,0.028845200315117836,0.48199022,831.22003,185.98314,1218.25,921.44604,355.63104,0.90208215,1.609242e+06,0.010118461214005947,0.015876032412052155,0.38594884
LY2109761,717.0,100.08326112068524,0.7209576623720548,0.9702300405953992,0.7587301587301587,0.8995102648174463,36.31821229368972,25.167762488952235,1.443044939319979,7972.0654,1607.5469,10499.4,1160.3776,870.5369,6.870234,5.715971e+06,0.022476676851511,0.011588581837713718,0.7502187,7596.363,1336.6135,10373.8,7789.1753,1694.9459,0.9752461,5.446592e+06,0.012636595405638218,0.009030577726662159,0.21760274,3274.4534,551.3567,4194.6,3319.721,1190.662,0.98636407,2.347783e+06,0.01125115156173706,0.014778763987123966,0.35866326,4541.375,707.9004,5902.6,3229.0835,1157.2509,1.4063975,3.256166e+06,0.015247026458382607,0.02174542285501957,0.3583837,749.3194,124.575294,948.2,719.3625,286.09064,1.0416437,537262.0,0.00837694387882948,0.013021579943597317,0.39770025
LY2109761,1034.0,123.15432893255071,0.7734492414915538,0.9699812382739212,0.7659259259259259,0.8567044811875562,45.67045665272752,28.948595361085246,1.5776398157860532,9403.001,2083.029,12047.75,784.82556,548.36096,11.981008,9.722703e+06,0.025355476886034012,0.012363382615149021,0.69870424,8389.879,1652.1044,12046.6,6574.806,2806.2354,1.2760649,8.675135e+06,0.01272882055491209,0.009952533058822155,0.42681643,3411.3433,736.98486,4718.95,2936.285,1842.0171,1.161789,3.527329e+06,0.013362783007323742,0.015103106386959553,0.6273291,4839.268,651.87665,5990.8,2657.6296,1390.0947,1.8208964,5.003803e+06,0.019283948466181755,0.02173316478729248,0.5230581,874.6741,168.52655,1225.05,753.10645,440.72757,1.1614215,904413.0,0.014837883412837982,0.018566159531474113,0.5852128
LY2109761,794.0,108.22539674441617,0.7761326949597704,0.9635922330097088,0.6786324786324787,0.851867389605062,40.12311367366703,25.300416356225135,1.585867722836695,8213.331,1788.0056,10762.9,866.9075,706.1123,9.474288,6.521385e+06,0.02648824267089367,0.011490247212350368,0.81451863,8127.8223,1530.8125,11051.95,6599.2427,2251.8472,1.2316295,6.453491e+06,0.010738508775830269,0.008776896633207798,0.34122813,3246.7217,753.47546,4858.2,3083.7249,1466.9044,1.0528572,2.577897e+06,0.011946513317525387,0.013986635021865368,0.4756924,5059.2607,531.4323,5926.85,2930.438,1241.4718,1.7264521,4.017053e+06,0.017506061121821404,0.02375118061900139,0.4236472,769.83374,183.5311,1049.9,699.9733,337.32684,1.0998044,611248.0,0.011812045238912106,0.01307971403002739,0.48191386
LY2109761,914.0,111.15432893255071,0.4573388032453922,0.9754535752401281,0.7693602693602694,0.9296153742992115,36.21805241791408,32.208443774544044,1.1244893628340724,8358.851,1561.9644,10499.35,961.9533,779.4738,8.689456,7.639989e+06,0.022838914766907692,0.013894452713429928,0.81030315,7649.4746,1226.269,10187.05,6908.6265,2257.8728,1.1072352,6.99162e+06,0.012799764052033424,0.010125919245183468,0.32681936,3059.4277,469.98404,3936.1,3346.3545,1442.2197,0.91425693,2.796317e+06,0.011498156003654003,0.016986960545182228,0.43098235,4131.6675,458.1331,4945.5,2808.6694,1046.0878,1.4710408,3.776344e+06,0.012612339109182358,0.02000563219189644,0.37244958,673.9442,127.95375,882.35,872.16705,453.47827,0.7727238,615985.0,0.011310395784676075,0.018271636217832565,0.5199443
LY2109761,852.0,111.49747468305831,0.7629648828467395,0.9703872437357631,0.7696476964769647,0.8612304897480193,41.103604435738134,26.57101131547931,1.546934136142295,6080.9976,685.50806,7198.9,1027.5859,1055.262,5.917751,5.18101e+06,0.014907389879226685,0.009658065624535084,1.0269331,7861.817,1572.771,10764.9,7059.3354,1456.0042,1.1136767,6.698268e+06,0.012073017656803131,0.007859447970986366,0.20625229,3710.3687,706.4837,5169.2,4021.0164,1137.684,0.922744,3.161234e+06,0.014694270677864552,0.016511941328644753,0.28293443,4918.1104,863.6307,6646.8,3156.7458,1208.4104,1.5579684,4.19023e+06,0.02119343727827072,0.022405441850423813,0.38280258,752.18427,112.85917,939.9,771.26794,591.4099,0.97525674,640861.0,0.011431221850216389,0.022528432309627533,0.76680213
LY2109761,578.0,108.8111831820431,0.9319063953224059,0.8947368421052632,0.4906621392190153,0.6134661964642512,47.22246152848836,17.127533438771902,2.757108120518395,7071.905,1572.9147,9743.45,1075.174,1056.772,6.5774517,4.087561e+06,0.024247994646430016,0.014328020624816418,0.98288465,8958.444,2052.77,12593.5,7690.474,3363.0571,1.1648754,5.177981e+06,0.015434744767844677,0.011441276408731937,0.43730167,3902.981,1162.2081,6135.75,3963.1643,1965.7286,0.98481435,2.255923e+06,0.018020611256361008,0.019860142841935158,0.49599978,5175.872,1275.0393,7652.3,3343.146,2173.7703,1.5482041,2.991654e+06,0.022121455520391464,0.022992920130491257,0.650217,703.62976,124.677536,902.3,740.0931,260.5748,0.95073146,406698.0,0.008646616712212563,0.014138055965304375,0.35208383
LY2109761,895.0,114.66904755831213,0.8032449899231909,0.9717698154180239,0.8005366726296959,0.8553433609433315,43.826831758680356,26.10539949549754,1.678841642175952,7497.2993,1230.2816,9498.2,894.9674,803.5296,8.377176,6.710083e+06,0.020620688796043396,0.010355566628277302,0.89783114,7641.7407,1310.111,10052.7,6547.291,1536.3848,1.1671607,6.839358e+06,0.013774028047919273,0.00880215223878622,0.23465961,3236.3977,550.8147,4289.0,3048.0046,1011.2048,1.0618087,2.896576e+06,0.011392775923013687,0.01493948232382536,0.3317596,4834.724,766.73224,6430.0,2898.2605,1173.6501,1.6681468,4.327078e+06,0.02064523845911026,0.022466925904154778,0.40494984,759.7162,115.89357,938.6,1109.4078,1221.27,0.6847943,679946.0,0.02303757332265377,0.05472458899021149,1.1008306
LY2109761,699.0,105.63961030678928,0.8813062661639899,0.9694868238557559,0.6046712802768166,0.7871064274464376,43.46135470422087,20.537468309063403,2.116198260183847,8882.611,2187.4448,11838.0,1192.4706,675.42145,7.4489145,6.208945e+06,0.027282865718007088,0.015660949051380157,0.5664051,9682.365,1362.2662,12324.2,10068.491,2102.8433,0.9616501,6.767973e+06,0.01234321016818285,0.012918395921587944,0.20885386,3992.804,700.6481,5393.0,4278.7935,1482.8755,0.9331612,2.79097e+06,0.010161930695176125,0.017284905537962914,0.34656394,4659.4995,506.86316,5440.1,3619.1394,1009.2403,1.2874607,3.25699e+06,0.012643503956496716,0.02133943699300289,0.27886197,714.5823,110.22035,931.6,839.56024,276.61243,0.8511388,499493.0,0.006430529523640871,0.01292757224291563,0.329473
LY2109761,930.0,117.15432893255071,0.8061500782841299,0.9748427672955975,0.7457898957497995,0.8514832931852105,44.768207124883894,26.48984604449022,1.6900138660562543,9259.052,2251.0696,12514.9,708.33484,662.17816,13.071575,8.610918e+06,0.022933248430490494,0.009590904228389263,0.93483776,9521.664,1924.3027,13367.15,5558.9634,3157.9268,1.7128489,8.855148e+06,0.014481055550277233,0.007761103566735983,0.56807834,3737.5925,827.4163,5426.2,2512.005,1813.1276,1.4878923,3.475961e+06,0.01230666320770979,0.012348854914307594,0.72178507,4845.5796,919.504,6986.05,1971.7054,1235.8589,2.4575574,4.506389e+06,0.019787771627306938,0.015613778494298458,0.6267969,1086.6925,240.47127,1553.3,778.4287,581.7191,1.3960078,1.010624e+06,0.015563993714749813,0.020561663433909416,0.74729913
LY2109761,912.0,113.39696961966999,0.7101242351293288,0.9702127659574468,0.7307692307692307,0.8912546418963415,40.62641575981605,28.604100369728094,1.4203004196842788,7589.537,1217.2137,9257.35,834.2741,756.26996,9.097175,6.921658e+06,0.020823469385504723,0.009210321120917797,0.9065006,7759.1426,1419.9911,10533.45,5848.5103,2640.5083,1.326687,7.076338e+06,0.012063623405992985,0.008171685971319675,0.4514839,3277.477,779.6325,4920.0,2784.2014,1692.8024,1.1771696,2.989059e+06,0.011380636133253574,0.011992685496807098,0.60800284,4275.361,831.0428,6041.25,2032.9878,1033.001,2.102994,3.899129e+06,0.013140490278601646,0.01390169933438301,0.50811964,730.9485,232.23293,1187.55,720.91986,522.39685,1.0139109,666625.0,0.01407615002244711,0.01844426430761814,0.7246254
LY2109761,1042.0,120.5685424949238,0.6585565621600104,0.9711090400745573,0.7752976190476191,0.9007609724945628,42.163223198986664,31.729142279429848,1.3288485023536636,6069.7915,822.869,7634.55,1181.2365,1115.2551,5.138507,6.324723e+06,0.01591496542096138,0.01051624771207571,0.94414216,7747.193,1723.476,11472.2,8967.469,1798.3689,0.86392194,8.072575e+06,0.016083819791674614,0.010324722155928612,0.20054364,3385.3972,620.49896,4508.95,4811.2676,1499.9218,0.7036393,3.527584e+06,0.015559596940875053,0.017098689451813698,0.3117519,4380.957,741.0295,5977.95,3654.2542,1245.2059,1.1988649,4.564957e+06,0.02039124071598053,0.02558816596865654,0.34075516,713.7879,102.072014,896.0,821.6808,268.22064,0.86869246,743767.0,0.009131199680268764,0.014365213923156261,0.32642925
LY2109761,1090.0,140.01828996322965,0.8281974513339078,0.9356223175965666,0.7032258064516129,0.6986615182530231,50.48349002192712,28.292786450395948,1.7843237218941586,9280.8955,3349.092,16139.3,1339.9963,926.86865,6.92606,1.0116176e+07,0.042847272008657455,0.02538410946726799,0.6916949,14860.251,4741.1323,23603.0,12461.575,3174.1726,1.1924858,1.6197674e+07,0.024364639073610306,0.020024068653583527,0.2547168,7376.8457,2809.0342,12801.7,6380.907,2279.2793,1.156081,8.040762e+06,0.028539417311549187,0.028154559433460236,0.357203,7096.379,2369.3142,12379.7,4932.6226,2156.6401,1.4386624,7.735053e+06,0.027129584923386574,0.03173138201236725,0.43721977,1298.2312,456.16537,2201.3,961.81213,426.86874,1.3497763,1.415072e+06,0.016840336844325066,0.017441276460886,0.44381717
LY2109761,795.0,108.32590180780451,0.7900263111546062,0.9659781287970839,0.728021978021978,0.8513582841152931,40.677712498626384,24.938404725109294,1.6311272892956914,8053.605,1605.7197,10625.6,1089.6857,792.7152,7.39076,6.402616e+06,0.025923607870936394,0.014486311934888363,0.7274715,9219.136,1544.7118,12386.8,8066.689,2319.901,1.142865,7.329213e+06,0.017357446253299713,0.012842854484915733,0.28759024,3851.5823,481.8196,4770.1,3112.9634,1276.1292,1.2372719,3.062008e+06,0.012899545021355152,0.015947794541716576,0.4099403,4731.308,545.0478,5751.3,2892.442,1071.4507,1.6357487,3.76139e+06,0.01488998532295227,0.023061254993081093,0.37043118,722.922,122.78566,932.6,666.63,259.54474,1.0844426,574723.0,0.007884148508310318,0.011709406040608883,0.38933852
LY2109761,872.0,117.18986283848345,0.6734330061543891,0.9346195069667739,0.7124183006535948,0.7978959433642064,39.15925304521955,28.948409578814573,1.3527255422652862,10336.991,3651.2341,16031.75,908.22534,684.3459,11.381527,9.013856e+06,0.049881160259246826,0.01996765099465847,0.7534979,15426.682,2582.4504,20464.2,10097.578,4866.4297,1.5277605,1.3452066e+07,0.022365543991327286,0.017795532941818237,0.4819403,7110.2866,1563.2964,10169.8,4827.041,2684.098,1.4730115,6.20017e+06,0.03200054168701172,0.022478317841887474,0.55605453,7115.813,1334.3773,9125.55,5222.2163,2144.2747,1.362604,6.204989e+06,0.024410543963313103,0.025054126977920532,0.41060627,1372.8888,266.73544,1830.45,907.475,448.43463,1.5128669,1.197159e+06,0.01966807059943676,0.01643744297325611,0.49415648
LY2109761,839.0,108.91168824543142,0.7438047001527666,0.9755813953488373,0.7768518518518519,0.8888384730556808,40.043442546645196,26.764917419667565,1.4961167979251908,7280.092,1118.1495,8965.3,736.09265,856.3923,9.890184,6.107997e+06,0.01736360974609852,0.008911173790693283,1.16343,6618.3384,1177.1592,8819.8,4400.2266,1532.2754,1.5040903,5.552786e+06,0.008796709589660168,0.005745807662606239,0.3482265,2885.658,525.4145,3862.3,2309.2083,1006.2867,1.2496309,2.421067e+06,0.009480906650424004,0.009813453070819378,0.4357713,3661.5745,467.90488,4663.2,2051.792,817.91724,1.7845739,3.072061e+06,0.010276532731950283,0.015722250565886497,0.39863557,682.1132,128.02307,909.1,554.36646,240.54813,1.2304374,572293.0,0.007581247016787529,0.009641208685934544,0.43391538
LY2109761,1784.0,188.40916292848976,0.7914929451069044,0.8643410852713178,0.5968551354968217,0.6315397253645039,65.06916993587478,39.768864847743345,1.6361837378309552,9775.377,2545.3416,13132.85,952.9416,638.26337,10.258107,1.7439272e+07,0.03415663540363312,0.015212424099445343,0.6697823,9528.384,1830.9242,12658.15,9134.561,3261.2722,1.0431136,1.6998636e+07,0.01191763300448656,0.012113889679312706,0.35702562,4533.8096,1394.7479,6965.5,4930.1714,2438.1628,0.91960484,8.088316e+06,0.019467143341898918,0.022918226197361946,0.49453917,5063.8545,1196.9707,7459.05,3537.027,2122.066,1.4316697,9.033916e+06,0.02193477749824524,0.02854412980377674,0.59995747,699.3593,167.80103,1006.7,761.574,287.25797,0.9183078,1.247657e+06,0.010072683915495872,0.012022009119391441,0.37718984
LY2109761,556.0,95.49747468305833,0.847737340957455,0.9251247920133111,0.6289592760180995,0.7661271990429014,37.260033221870664,19.76332718360759,1.8853117633338312,9712.628,3247.0044,15668.75,943.6231,705.2894,10.292911,5.400221e+06,0.032933905720710754,0.014617823995649815,0.74742705,9333.5625,1534.9205,11746.0,7251.132,2179.8035,1.287187,5.189461e+06,0.0101853646337986,0.009659009985625744,0.3006156,4105.3525,879.67206,5633.75,3146.1384,1381.6343,1.3048862,2.282576e+06,0.01495093759149313,0.01364568155258894,0.43915242,4700.811,1209.8862,7131.75,3007.7666,1475.2917,1.5628909,2.613651e+06,0.026298675686120987,0.023443829268217087,0.4904941,664.78235,103.04723,827.0,615.2127,253.85054,1.0805732,369619.0,0.00697742123156786,0.017960987985134125,0.4126224
LY2109761,798.0,107.9827560572969,0.7383743782292747,0.9672727272727273,0.7055702917771883,0.8600108684678965,38.97888474193939,26.287010698405812,1.482819221597657,7365.5815,1229.5166,9179.6,790.6817,838.73553,9.315482,5.877734e+06,0.019789518788456917,0.00933957751840353,1.0607752,6686.7207,1094.0063,8986.35,5533.487,1481.9114,1.20841,5.336003e+06,0.01152387447655201,0.007094142492860556,0.26780787,2833.1904,359.95752,3499.3,2605.7231,1127.7212,1.0872953,2.260886e+06,0.009927536360919476,0.011391248553991318,0.43278626,3319.826,495.96088,4200.45,2155.25,1144.24,1.5403438,2.649221e+06,0.01482967659831047,0.015332660637795925,0.5309082,554.9699,72.560036,669.3,508.9776,214.30711,1.0903622,442866.0,0.005992286838591099,0.010455010458827019,0.42105412
LY2109761,691.0,102.32590180780451,0.6585890302158139,0.937584803256445,0.6774509803921569,0.8293097088701978,34.52890848524842,25.98310089589114,1.3288986800920548,9010.951,2236.1938,11917.5,718.2729,637.9345,12.545303,6.226567e+06,0.03679877892136574,0.013414112851023674,0.88815063,10359.901,1429.7186,13023.5,6879.077,3112.6545,1.5060016,7.158692e+06,0.014671939425170422,0.011015154421329498,0.45248142,4656.5063,990.9018,6481.0,2957.4087,1880.7421,1.5745225,3.217646e+06,0.021195534616708755,0.016964608803391457,0.6359426,6478.194,1840.4392,10475.5,3034.0337,1611.6412,2.1351752,4.476432e+06,0.03327780216932297,0.019719326868653297,0.53118765,1046.0087,198.38185,1463.0,606.5321,392.37805,1.7245727,722792.0,0.01779823750257492,0.015244142152369022,0.6469205
LY2109761,1305.0,134.22539674441617,0.6419776085332072,0.9767964071856288,0.778175313059034,0.9102296601557286,46.59311712815058,35.72403251367933,1.3042513358565915,8016.7305,1545.9149,10385.4,813.9255,814.2522,9.849465,1.0461833e+07,0.01882048510015011,0.008533492684364319,1.0004014,8798.912,1416.6389,11185.8,6752.1514,2961.2534,1.3031272,1.148258e+07,0.010517530143260956,0.008637471124529839,0.43856442,3669.8735,631.6219,4712.6,3083.5059,1726.9297,1.1901627,4.789185e+06,0.010679581202566624,0.013770866207778454,0.56005394,4780.095,661.8167,5889.6,2350.183,1188.3899,2.0339246,6.238024e+06,0.015018430538475513,0.017839550971984863,0.50565845,740.6069,104.68548,917.0,574.5954,236.27528,1.2889189,966492.0,0.00705156521871686,0.009124359115958214,0.41120288
LY2109761,686.0,103.98275605729691,0.8548246211690499,0.9675599435825106,0.6299357208448118,0.7972808472214894,41.21429351924822,21.38679811221661,1.9270904089053755,5963.395,775.3709,7387.75,871.9241,1065.6527,6.839351,4.090889e+06,0.014619071036577225,0.008470389991998672,1.2221853,6651.1035,997.1979,8387.5,5293.4497,1506.9135,1.2564781,4.562657e+06,0.007673553191125393,0.005490842740982771,0.28467512,2966.032,446.86566,3844.5,3026.951,1066.612,0.9798745,2.034698e+06,0.009875685907900333,0.01083543710410595,0.35237178,3745.6545,408.75546,4520.25,2111.5896,942.2265,1.7738553,2.569519e+06,0.010555343702435493,0.017224522307515144,0.44621667,657.1137,85.88377,785.5,580.98615,394.94888,1.1310316,450780.0,0.006211352534592152,0.02464704029262066,0.67979056
LY2109761,892.0,115.25483399593904,0.8169654313111354,0.9695652173913043,0.7978533094812165,0.8438328326568021,44.47148106182907,25.646109116152388,1.7340439776036092,7806.179,1310.5479,9702.45,661.89716,766.9631,11.793644,6.963112e+06,0.0192142091691494,0.00892811082303524,1.1587346,7159.064,917.417,9044.2,4424.124,1876.4814,1.6181879,6.385885e+06,0.0076481057330966,0.0046610101126134396,0.42414758,2866.9026,398.99844,3579.25,2133.4985,1160.3217,1.3437566,2.557277e+06,0.008552164770662785,0.00934105645865202,0.54385865,4196.738,317.88803,4722.7,1981.4321,1010.2871,2.1180325,3.74349e+06,0.009327126666903496,0.017037393525242805,0.5098772,596.2444,84.78443,735.9,446.82443,227.20013,1.3344041,531850.0,0.006803916767239571,0.009206284768879414,0.5084774
LY2109761,506.0,82.08326112068524,0.23906268538316044,0.9693486590038314,0.7207977207977208,0.9437374212215898,25.82286593035969,25.074109626117956,1.0298617305023587,22778.824,17672.148,53657.0,528.12335,554.13495,43.131638,1.1526085e+07,0.07049932330846786,0.009575639851391315,1.0492529,37110.285,6654.207,47115.0,6570.2236,9484.859,5.648253,1.8777804e+07,0.034857772290706635,0.026927422732114792,1.4436128,15866.788,2920.1873,22323.25,3107.915,4559.767,5.1052837,8.028595e+06,0.030913161113858223,0.026489803567528725,1.4671466,11686.79,1824.4889,15034.0,3719.9592,4156.456,3.1416447,5.913516e+06,0.02643468603491783,0.028666947036981583,1.1173391,2532.7668,337.28894,3084.5,544.5075,636.1938,4.651482,1.28158e+06,0.027424385771155357,0.01419807132333517,1.1683838
LY2109761,402.0,76.42640687119284,0.6902803483140977,0.9640287769784173,0.6836734693877551,0.8648664157216294,27.207344300196095,19.68565659106139,1.3820897552662812,6959.356,1136.8129,8651.25,665.68274,827.71106,10.454464,2.797661e+06,0.024806777015328407,0.007751356810331345,1.2434018,6940.7188,1604.176,10468.35,4863.4517,2427.0986,1.4271178,2.790169e+06,0.012435794807970524,0.0071084266528487206,0.4990486,3097.0374,1072.8815,5535.1,2361.7002,1712.3751,1.3113593,1.245009e+06,0.014968320727348328,0.013220040127635002,0.72506034,3534.602,769.0677,4598.95,1833.0092,1655.2085,1.9283057,1.42091e+06,0.01816541887819767,0.018570704385638237,0.90300065,652.9975,217.41803,1116.2,479.35498,390.92255,1.362242,262505.0,0.010812199674546719,0.014189616777002811,0.81551784
LY2109761,1255.0,139.29646455628165,0.7448543526502508,0.9565548780487805,0.6880482456140351,0.8127807367912699,49.60171045628885,33.09560506460268,1.498740100368802,6210.991,768.25793,7571.3,867.5016,1034.0145,7.159631,7.794794e+06,0.015007413923740387,0.008808176033198833,1.1919454,5598.8677,786.29895,7177.2,5812.859,1278.2765,0.96318656,7.026579e+06,0.007332827430218458,0.0075934575870633125,0.21990496,2257.5115,275.50327,2740.5,2642.006,714.6333,0.8544687,2.833177e+06,0.006839293986558914,0.011131774634122849,0.2704889,2875.0813,225.87387,3257.9,2339.0215,901.324,1.2291812,3.608227e+06,0.00683977734297514,0.014142738655209541,0.38534233,452.90677,91.48845,569.2,854.15485,1142.5323,0.53023964,568398.0,0.013273836113512516,0.049261774867773056,1.3376174
LY2109761,616.0,92.9116882454314,0.6815847709241861,0.9731437598736177,0.7096774193548387,0.8967055820000688,32.91996990143426,24.088831162641956,1.3666071914891424,6047.07,910.3075,7794.25,1942.0275,2157.3103,3.1137922,3.724995e+06,0.01590537466108799,0.015277935191988945,1.1108546,6325.886,1197.8447,8572.5,7210.4287,1563.9324,0.8773246,3.896746e+06,0.01043856330215931,0.008398170582950115,0.21689866,2545.3782,437.5911,3368.75,3785.3228,1222.291,0.6724336,1.567953e+06,0.008666596375405788,0.016132593154907227,0.3229027,3155.2305,505.47598,4074.25,3126.2808,1077.604,1.00926,1.943622e+06,0.009634281508624554,0.02179369144141674,0.34469202,361.0471,64.13956,455.0,544.10455,246.4324,0.66356194,222405.0,0.005340220872312784,0.011265709064900875,0.4529137
LY2109761,1259.0,133.1543289325507,0.6895939754271021,0.9752130131680867,0.7948232323232324,0.8923290129202931,47.13415871454208,34.13437905302439,1.3808412521969073,9078.4,1952.4393,12106.3,1276.5217,1944.602,7.111826,1.1429706e+07,0.029463158920407295,0.019569246098399162,1.5233599,9042.004,2040.5994,12702.9,5399.992,3292.943,1.6744475,1.1383883e+07,0.016550958156585693,0.011261877603828907,0.60980517,3510.7554,1041.9464,5403.1,2464.5059,1889.6599,1.424527,4.420041e+06,0.017922906205058098,0.018590904772281647,0.76675004,6286.1675,1446.0176,8893.4,2346.4766,1408.6595,2.6789815,7.914285e+06,0.03179679065942764,0.019641073420643806,0.6003297,672.224,147.08908,913.1,384.63028,312.54102,1.7477148,846330.0,0.00959966704249382,0.011141210794448853,0.81257516
LY2109761,767.0,109.9827560572969,0.8512917634290361,0.9635678391959799,0.6681184668989547,0.7968123029034477,43.22082160988735,22.677645636261527,1.9058778103833367,6232.811,1015.3876,7971.8,751.9743,1087.7834,8.288596,4.780566e+06,0.01699119061231613,0.008463423699140549,1.4465699,5844.527,1499.5942,9195.1,4319.764,1470.3668,1.3529736,4.482752e+06,0.01113988645374775,0.005659247282892466,0.34038126,2212.7275,389.16437,3036.0,2157.5583,1148.1973,1.0255702,1.697162e+06,0.00810519140213728,0.009442384354770184,0.53217435,3147.0378,289.97208,3667.9,2170.822,1379.6538,1.4496987,2.413778e+06,0.009472237899899483,0.015352357178926468,0.6355444,464.53064,93.13666,629.4,401.44623,224.67326,1.1571429,356295.0,0.005977122113108635,0.010172742418944836,0.55965966
LY2109761,250.0,62.526911934581186,0.7955266248956809,0.9157509157509157,0.7002801120448179,0.8035555628212522,23.31146487465396,14.12485091594862,1.6503866138744567,4679.68,318.97156,5176.15,2196.3208,1674.8433,2.1306906,1.16992e+06,0.008954786695539951,0.00982467271387577,0.7625677,7289.876,937.03894,9045.2,7288.98,1269.6865,1.0001229,1.822469e+06,0.009476020000874996,0.01014215312898159,0.17419262,3090.424,292.56787,3585.1,3611.083,759.40106,0.8558164,772606.0,0.0072450400330126286,0.015525218099355698,0.21029732,3640.828,134.69896,3856.1,3496.4033,1048.028,1.0413066,910207.0,0.0061701824888587,0.023972798138856888,0.29974458,530.616,46.22567,601.1,541.36475,148.73972,0.98014516,132654.0,0.004714061040431261,0.010211908258497715,0.27474955
LY2109761,771.0,105.9827560572969,0.7034034461635074,0.9542079207920792,0.6871657754010695,0.8625689564071971,37.283232819646834,26.500579683964855,1.4068836706317944,5779.4917,673.7964,7092.0,1327.6498,1366.0516,4.3531747,4.455988e+06,0.015798861160874367,0.011183271184563637,1.0289247,6402.3735,1131.9398,8614.5,7482.639,1385.777,0.8556304,4.93623e+06,0.008346859365701675,0.009179388172924519,0.18519896,2676.4539,520.7128,3659.0,3516.7144,1317.3861,0.7610666,2.063546e+06,0.009296777658164501,0.014076103456318378,0.3746071,3221.4358,440.07495,4043.0,2680.8237,1101.1249,1.201659,2.483727e+06,0.009937077760696411,0.018128711730241776,0.41074124,414.70816,71.60246,540.0,488.03653,229.06703,0.8497482,319740.0,0.005708552431315184,0.00991896539926529,0.46936452
NVS-PAK1-1,2669.0,258.1076477383248,0.915675013582101,0.8122337188070603,0.51915969655709,0.5034504020551539,103.21065764544575,41.48237399228909,2.4880605354127265,16005.0,7537.13,27847.9,689.5498,838.4686,23.210796,4.0636696e+07,0.04504222795367241,0.01373379398137331,1.2159653,31194.096,8637.995,44169.8,3665.7354,4854.0,8.509642,7.920181e+07,0.025294236838817596,0.01725098304450512,1.3241545,15127.108,4032.1619,21403.9,2098.7563,2605.2146,7.2076535,3.840773e+07,0.02236577868461609,0.012897022999823093,1.2413135,13542.024,4250.5366,20488.5,2070.241,2353.1975,6.5412793,3.43832e+07,0.01878894306719303,0.013675973750650883,1.1366781,3387.472,828.30695,4693.4,687.2144,570.97327,4.9292793,8.600791e+06,0.023563776165246964,0.01564185321331024,0.8308517
NVS-PAK1-1,373.0,69.698484809835,0.5827737952524564,0.9738903394255874,0.8108695652173913,0.9648771504622224,24.20235383294184,19.6676658143162,1.2305656431951784,5582.976,428.5822,6352.4,913.9991,1363.1304,6.108295,2.08245e+06,0.007395670283585787,0.005549834109842777,1.4913914,4271.0376,685.219,5614.0,2825.13,1335.7466,1.5118022,1.593097e+06,0.008129785768687725,0.003902638563886285,0.4728089,1927.874,370.1012,2619.4,1504.2965,815.68475,1.2815784,719097.0,0.007787148933857679,0.005990895442664623,0.5422367,2112.472,573.6689,3365.8,1236.6234,720.3214,1.708258,787952.0,0.014876727014780045,0.009001377038657665,0.5824905,401.75604,91.07868,581.4,323.73315,244.4172,1.2410098,149855.0,0.0076642283238470554,0.010571189224720001,0.7549959
NVS-PAK1-1,1030.0,125.63961030678928,0.707258035237378,0.9432234432234432,0.6789716545814107,0.8199623800139967,43.579165607485635,30.808530583909306,1.4145161999464584,9441.729,1971.5413,12243.55,794.81445,731.91327,11.879161,9.72498e+06,0.02770194783806801,0.01570112071931362,0.9208605,7554.888,2131.0144,11420.3,7412.027,4466.2275,1.0192742,7.781535e+06,0.015197827480733395,0.01230054534971714,0.60256493,4040.2397,1806.2711,7979.25,4153.376,3494.3079,0.97276044,4.161447e+06,0.015289967879652977,0.01436165813356638,0.8413175,4455.4717,1027.3735,6528.3,3134.0208,2753.0618,1.4216472,4.589136e+06,0.015469251200556755,0.02066856622695923,0.878444,994.933,199.01802,1391.55,1052.1598,586.9415,0.94561017,1.024781e+06,0.011258745566010475,0.018828127533197403,0.55784446
NVS-PAK1-1,672.0,94.66904755831213,0.6414929232033963,0.9781659388646288,0.7777777777777778,0.9422434376717926,33.41516446455018,25.63374010712493,1.3035618027219678,7217.5166,1135.3806,9001.0,665.0996,1060.8043,10.851783,4.850171e+06,0.013887040317058563,0.006498756818473339,1.5949556,4636.1694,779.383,6075.6,3039.1802,1750.372,1.5254672,3.115506e+06,0.006751879118382931,0.003898045513778925,0.57593554,1998.6697,433.74976,2930.45,1566.7681,1068.3005,1.2756641,1.343106e+06,0.006378249265253544,0.006258810870349407,0.68184984,2313.9434,814.4294,4314.1,1142.4915,696.8398,2.0253484,1.55497e+06,0.016278063878417015,0.008524720557034016,0.60993,598.39435,109.6269,785.9,495.8188,324.00308,1.2068812,402121.0,0.01086905226111412,0.013002930209040642,0.65347075
NVS-PAK1-1,1005.0,120.9116882454314,0.7093377177440405,0.9553231939163498,0.7660060975609756,0.8638520248599914,42.77292514741201,30.149299722459475,1.4187037689485262,9325.168,2185.9382,12952.4,796.6941,784.20575,11.704829,9.371794e+06,0.027125127613544464,0.013650494627654552,0.9843248,6964.9375,1186.9391,9056.2,5886.0225,1551.6156,1.1833012,6.999762e+06,0.013160482048988342,0.009474271908402443,0.2636102,3552.595,692.4845,4777.2,3536.6714,1286.2394,1.0045024,3.570358e+06,0.012199381366372108,0.013138377107679844,0.3636864,4531.4966,1035.0071,6913.0,2725.06,1569.7573,1.6628978,4.554154e+06,0.020785855129361153,0.02521592006087303,0.57604504,880.92834,144.89584,1159.0,876.7888,283.94205,1.0047213,885333.0,0.012141614221036434,0.014682155102491379,0.32384315
NVS-PAK1-1,1017.0,118.56854249492379,0.6633437453249255,0.9778846153846154,0.7811059907834101,0.9090585467146727,41.64919333452109,31.166708772076255,1.3363359486913995,10601.719,2724.2517,15277.6,798.76544,638.7852,13.272631,1.0781948e+07,0.031855508685112,0.017110830172896385,0.79971564,8457.887,2268.034,13013.6,6606.714,3105.5635,1.2801957,8.601671e+06,0.017544852569699287,0.01207512617111206,0.47006175,4544.809,1817.0038,8061.6,3840.043,3038.6409,1.1835308,4.622071e+06,0.019147824496030807,0.016288215294480324,0.7913039,5087.102,1812.2917,8947.8,2428.0198,1133.8026,2.095165,5.173583e+06,0.028661105781793594,0.01618337631225586,0.46696597,1139.3688,315.132,1852.6,1001.1055,493.52594,1.1381105,1.158738e+06,0.01499316655099392,0.016178227961063385,0.49298093
NVS-PAK1-1,1113.0,123.63961030678927,0.3855538065152,0.9754601226993865,0.7520270270270271,0.9149340135941181,39.36004525770085,36.31693728769666,1.0837930783066094,9235.714,2170.8054,12933.0,791.86566,769.3263,11.663233,1.0279349e+07,0.02477843686938286,0.011735614389181137,0.9715364,6514.108,1563.4996,9672.4,5198.086,3477.44,1.2531743,7.250202e+06,0.011929722502827644,0.009341052733361721,0.6689847,3494.371,1215.2101,5961.6,3115.3057,2683.4155,1.1216784,3.889235e+06,0.012223283760249615,0.013411312364041805,0.8613651,3535.2598,705.7095,4750.8,2169.9016,1701.0865,1.6292259,3.934744e+06,0.012297981418669224,0.017378613352775574,0.7839464,1019.4762,164.39772,1293.4,891.3991,412.5039,1.1436809,1.134677e+06,0.00922215636819601,0.01593823917210102,0.46276006
NVS-PAK1-1,1060.0,130.22539674441617,0.7668057797344701,0.9523809523809523,0.666247642991829,0.785460502042588,46.00816845274349,29.53168595755784,1.5579255623558106,9781.102,2355.0803,13104.1,783.3691,798.90594,12.485943,1.0367968e+07,0.02642480470240116,0.01275693066418171,1.0198334,8349.552,3428.0012,16181.4,4583.0596,3861.9905,1.8218292,8.850525e+06,0.016211500391364098,0.009602601639926434,0.84266645,4146.9717,1927.9116,8414.25,2692.1409,2931.0864,1.5403992,4.39579e+06,0.014966574497520924,0.012720935046672821,1.0887567,4279.718,1323.2639,7395.0,2180.9834,1925.4854,1.9622881,4.536501e+06,0.015163177624344826,0.01887086220085621,0.8828519,1150.5425,371.6305,1868.6,884.75995,532.89984,1.3004007,1.219575e+06,0.015293442644178867,0.019155720248818398,0.60231006
NVS-PAK1-1,1003.0,117.63961030678928,0.6787948021645247,0.9804496578690127,0.7347985347985349,0.9107593587749822,41.80546505596224,30.698923685098332,1.3617892758974859,7931.6562,1475.3484,10307.0,888.22473,894.1649,8.929786,7.955451e+06,0.02063695900142193,0.01150348037481308,1.0066878,6173.8994,1244.3923,8594.4,6138.3926,2431.023,1.0057844,6.192421e+06,0.012716049328446388,0.010244257748126984,0.39603576,3181.945,766.81323,4571.3,3671.9727,2127.014,0.86654925,3.191491e+06,0.011767263524234295,0.014741790480911732,0.5792565,3273.0518,673.66534,4739.1,2581.7654,1670.9148,1.2677573,3.282871e+06,0.014367077499628067,0.019730933010578156,0.64719856,947.48755,141.29063,1180.0,1035.7991,442.79486,0.9147407,950330.0,0.009284134954214096,0.019708987325429916,0.42749107
NVS-PAK1-1,1016.0,119.1543289325507,0.6725679044688422,0.9694656488549618,0.774390243902439,0.8992571959787345,41.84841623578664,30.96931003158708,1.3512866832713881,10315.36,2645.942,14269.75,841.03204,689.4631,12.265121,1.0480406e+07,0.030812520533800125,0.014770658686757088,0.8197822,8969.231,3048.8962,14883.0,6672.8755,4293.7217,1.3441329,9.112739e+06,0.01754097081720829,0.01053617149591446,0.64345896,4665.6646,2123.4421,8846.5,4008.644,3826.64,1.163901,4.740315e+06,0.01746475137770176,0.015083813108503819,0.95459706,4604.4575,1449.1288,7153.75,2312.692,1225.7158,1.9909515,4.678129e+06,0.021677110344171524,0.014218254946172237,0.5299953,1212.9518,349.02264,1934.25,1023.95874,685.58765,1.1845709,1.232359e+06,0.015666421502828598,0.01866099238395691,0.6695462
NVS-PAK1-1,480.0,86.66904755831213,0.6834714879919842,0.9177820267686424,0.636604774535809,0.8030138826354203,29.945620505784795,21.859620467152798,1.3699057836243025,6750.783,838.95294,7948.35,948.9018,1189.3104,7.1143117,3.240376e+06,0.020398331806063652,0.013664930127561092,1.2533545,7361.3706,1786.5663,10905.5,5708.538,2966.9155,1.289537,3.533458e+06,0.015119594521820545,0.012575038708746433,0.519733,3629.875,1142.7277,5938.55,2834.803,2052.696,1.2804682,1.74234e+06,0.01340291928499937,0.01386278960853815,0.72410536,3720.3562,1227.8442,6615.7,1895.9006,1060.0698,1.962316,1.785771e+06,0.017733855172991753,0.014146622270345688,0.5591379,854.69165,179.5004,1166.25,834.4756,540.3857,1.0242261,410252.0,0.01092098280787468,0.022842025384306908,0.6475752
NVS-PAK1-1,489.0,82.2842712474619,0.5482522201406187,0.9702380952380952,0.8548951048951049,0.9075803174492896,27.387782617144243,22.904759776029366,1.1957245081350523,13152.013,8785.621,32669.2,1473.1328,1105.7633,8.92792,6.431334e+06,0.03781701996922493,0.0069314478896558285,0.75062025,32500.357,12271.019,49142.0,7413.8115,5925.757,4.383758,1.5892675e+07,0.023652544245123863,0.01743319071829319,0.7992861,15564.643,5572.752,23174.0,4023.5918,3298.9106,3.8683453,7.61111e+06,0.025401033461093903,0.015881255269050598,0.819892,11868.118,3825.3713,17684.0,3127.2263,2325.7246,3.795094,5.80351e+06,0.024577243253588676,0.012978734448552132,0.74370205,3526.1125,1098.8085,4901.4,1045.2312,813.9648,3.373524,1.724269e+06,0.021893475204706192,0.017626279965043068,0.77874136
NVS-PAK1-1,680.0,96.08326112068524,0.612419502023338,0.9728183118741058,0.7631874298540965,0.9255999170717354,33.12676074975238,26.18779607766059,1.2649694022175104,6965.8296,968.7478,8585.8,821.57056,1065.7433,8.478675,4.736764e+06,0.021168945357203484,0.01184256561100483,1.2972023,6310.05,1356.4102,9425.55,5183.2344,2384.7795,1.2173961,4.290834e+06,0.013748537749052048,0.012192042544484138,0.46009487,3099.8735,635.02167,4124.65,2631.0613,1636.5901,1.1781837,2.107914e+06,0.010899342596530914,0.012462823651731014,0.6220266,2906.1707,621.48486,3861.4,1636.7205,1012.6376,1.775606,1.976196e+06,0.013344011269509792,0.017018554732203484,0.61869913,949.5353,231.46632,1194.2,789.319,451.58984,1.2029804,645684.0,0.01452698651701212,0.022655120119452477,0.5721259
NVS-PAK1-1,523.0,86.42640687119284,0.6408719920366216,0.9423423423423424,0.7263888888888889,0.8798702572184428,29.71742590808388,22.812515554992316,1.3026807953926187,6119.497,961.3905,7886.0,1146.0813,1338.0048,5.3394966,3.200497e+06,0.019352538511157036,0.013346899300813675,1.1674606,5491.1895,1010.5573,7476.4,5559.9053,2927.0486,0.98764086,2.871892e+06,0.012552304193377495,0.009510408155620098,0.52645653,2744.8584,545.8719,3815.6,3242.7454,2134.7249,0.8464613,1.435561e+06,0.010370666161179543,0.010921844281256199,0.6583079,2518.1912,372.98935,3187.5,1857.2156,1460.6807,1.355896,1.317014e+06,0.007142094429582357,0.016661562025547028,0.78648955,591.22565,118.54646,841.5,764.6295,460.75146,0.77321845,309211.0,0.012466666288673878,0.018795639276504517,0.6025813
NVS-PAK1-1,1097.0,125.98275605729688,0.7331557653390918,0.9725177304964538,0.7618055555555555,0.8685489142119681,45.55883015825831,30.982772208540386,1.4704568671779488,10689.96,3076.3064,15094.8,923.9292,642.1857,11.570107,1.1726886e+07,0.031697340309619904,0.017583560198545456,0.6950595,7897.243,2375.766,12641.0,7143.146,2997.6907,1.1055694,8.663276e+06,0.015588605776429176,0.011048706248402596,0.41965973,3939.6216,1482.537,6952.2,4263.273,2374.7815,0.9240838,4.321765e+06,0.014291652478277683,0.015310096554458141,0.55703247,4354.3945,1254.1147,6744.6,2697.7551,1414.6498,1.6140807,4.776771e+06,0.023956729099154472,0.021014947444200516,0.5243803,1144.6846,234.72151,1560.8,1074.9379,507.99454,1.0648844,1.255719e+06,0.013882175087928772,0.017147202044725418,0.47258037
NVS-PAK1-1,421.0,76.52691193458118,0.5757655347029854,0.9611872146118722,0.7654545454545455,0.903365670084965,25.758944225801915,21.060895415548313,1.2230697564162085,15567.509,9874.325,32768.0,679.2355,638.0389,22.919163,6.553921e+06,0.0610835999250412,0.014125681482255459,0.9393486,29848.0,9043.051,43055.0,4685.033,6562.7593,6.370926,1.2566008e+07,0.04188578575849533,0.024847086519002914,1.4007925,15080.403,4312.4385,22712.0,2339.1416,3071.1914,6.446982,6.34885e+06,0.03403203561902046,0.02012025937438011,1.3129566,11773.257,3014.5068,17735.0,2428.8892,2339.2563,4.8471775,4.956541e+06,0.031712088733911514,0.019085435196757317,0.9630972,3237.247,903.6699,4629.0,897.56396,629.6616,3.6067035,1.362881e+06,0.031252671033144,0.017477190122008324,0.7015228
NVS-PAK1-1,522.0,91.59797974644665,0.667244404051269,0.9157894736842105,0.7016129032258065,0.7818232416497926,30.798513048520974,22.93992889176726,1.3425722980150137,5872.2627,910.6694,7485.25,1245.8094,1404.8888,4.713612,3.065321e+06,0.01826818846166134,0.013886471278965473,1.1276915,4788.994,752.6001,6176.3,4573.0024,2033.7704,1.0472319,2.499855e+06,0.010636046528816223,0.010761243291199207,0.44473416,2314.5422,304.1706,2775.8,2337.3347,1438.2355,0.9902485,1.208191e+06,0.005371408071368933,0.01046723872423172,0.6153314,2289.8162,298.91187,2774.85,1766.8159,1070.1425,1.2960129,1.195284e+06,0.0066042691469192505,0.014393274672329426,0.6056898,460.46936,159.70343,707.85,672.87555,376.2236,0.68433064,240365.0,0.00822174921631813,0.01859576441347599,0.55912805
NVS-PAK1-1,1151.0,132.46803743153546,0.8202751942573919,0.9696714406065712,0.7118119975262832,0.8242576440741635,50.7251234544779,29.0132011845755,1.7483463176564353,7967.0825,1460.694,10324.5,765.9942,904.185,10.4009695,9.170112e+06,0.024153128266334534,0.01208563707768917,1.180407,6074.7036,1200.6917,8416.0,4784.006,2091.0144,1.2697943,6.991984e+06,0.014133952558040619,0.009879644960165024,0.4370844,2946.893,463.3693,3843.0,2765.3362,1554.9725,1.0656545,3.391874e+06,0.010050148703157902,0.013149207457900047,0.56230867,3109.5925,346.17993,3748.5,1972.6646,984.24054,1.5763413,3.579141e+06,0.008558273315429688,0.013386041857302189,0.49893963,1012.59686,163.08429,1271.5,932.8928,377.4049,1.0854375,1.165499e+06,0.01697535626590252,0.022682543843984604,0.40455335
NVS-PAK1-1,636.0,91.84062043356595,0.601994761956733,0.9754601226993865,0.7832512315270936,0.9475395836381411,31.858021666953217,25.438631429691014,1.2523480972238834,6037.242,736.94214,7368.25,779.4008,1249.6244,7.7460046,3.839686e+06,0.015389637090265751,0.011959611438214779,1.6033142,5194.0693,1355.9866,8026.5,3442.8618,2467.2693,1.5086488,3.303428e+06,0.014086364768445492,0.009288179688155651,0.71663326,2436.9922,461.34366,3366.0,1850.0084,1670.5288,1.3172871,1.549927e+06,0.008692807517945766,0.01127910241484642,0.90298444,2103.4136,455.0504,2972.0,1051.7712,845.263,1.9998775,1.337771e+06,0.011860313825309277,0.01459149643778801,0.8036567,903.81915,197.36942,1205.5,699.1898,531.04083,1.2926663,574829.0,0.013763862662017345,0.022586464881896973,0.7595088
NVS-PAK1-1,1034.0,120.56854249492379,0.7305493097121664,0.978240302743614,0.7756939234808702,0.8938453412278101,43.97751201856719,30.03048148955349,1.464429134573329,9243.621,1908.9833,12045.85,1013.6111,822.2326,9.119494,9.557904e+06,0.025259796530008316,0.014724692329764366,0.81119144,7984.385,1840.3822,11216.15,7462.443,3291.3018,1.0699425,8.255854e+06,0.01422814279794693,0.0099559361115098,0.44104883,4189.1973,1326.9521,6922.95,4272.208,2801.4092,0.9805696,4.33163e+06,0.016581321135163307,0.01651076227426529,0.65572864,4363.5225,811.1122,5967.35,2622.3396,1070.4192,1.6639807,4.511882e+06,0.01811651699244976,0.01832602731883526,0.40819243,1183.6287,302.9194,1779.2,1232.085,712.7155,0.9606713,1.223872e+06,0.016065584495663643,0.021333197131752968,0.57846296
NVS-PAK1-1,1276.0,131.63961030678928,0.4006817957553866,0.9777777777777777,0.7780487804878049,0.9253102274430514,42.11852052035084,38.58971617959603,1.0914441641480803,9302.732,1937.5029,12113.5,771.682,685.71375,12.055137,1.1870287e+07,0.030945397913455963,0.0124905314296484,0.88859624,7932.851,1608.497,11098.25,5877.0645,2903.4626,1.3497982,1.0122318e+07,0.015625355765223503,0.010998656041920185,0.4940328,4129.642,832.98285,5788.75,3404.6062,2130.1096,1.2129574,5.269423e+06,0.015186355449259281,0.015729250386357307,0.62565523,4527.1777,1272.6868,7238.25,2351.8445,958.8113,1.9249477,5.776679e+06,0.02575823664665222,0.013806707225739956,0.4076848,1251.2092,202.60362,1563.5,1125.0438,447.87762,1.1121427,1.596543e+06,0.01558033749461174,0.020289737731218338,0.39809793
NVS-PAK1-1,608.0,92.66904755831214,0.60536088367955,0.9544740973312402,0.7307692307692307,0.8897009298538208,31.348133810247244,24.95158251316401,1.2563585413353453,6553.845,821.79254,8040.65,857.1556,1170.1027,7.6460395,3.984738e+06,0.01950211450457573,0.012591631151735783,1.3650995,5438.013,1048.6565,7614.65,4219.5757,2992.6643,1.2887583,3.306312e+06,0.013099625706672668,0.012137406505644321,0.70923346,2722.39,434.93073,3471.6,2312.0103,1931.6285,1.177499,1.655213e+06,0.009133095853030682,0.013405775651335716,0.83547574,2556.5198,303.47922,3099.7,1438.2205,1219.7649,1.7775576,1.554364e+06,0.006453638896346092,0.01586003787815571,0.84810704,799.39966,124.58875,989.95,754.8231,443.9008,1.0590556,486035.0,0.013841765932738781,0.02377231791615486,0.58808583
NVS-PAK1-1,1221.0,134.71067811865476,0.7716758107564446,0.9629337539432177,0.7065972222222222,0.8455153244022726,49.72907140570966,31.62848863038834,1.572287313088064,9637.475,2100.1997,13206.0,768.41406,624.19415,12.542033,1.1767356e+07,0.03435644134879112,0.013991937041282654,0.81231487,7980.516,1715.0836,11208.0,5882.3843,2772.2173,1.3566805,9.74421e+06,0.01801464520394802,0.012208283878862858,0.47127444,4095.185,1047.7634,6237.0,3322.1377,2099.8027,1.2326958,5.000221e+06,0.017106015235185623,0.017017316073179245,0.63206375,4158.5127,1086.8838,6392.0,2297.1003,959.3335,1.8103313,5.077544e+06,0.025110334157943726,0.016017647460103035,0.41762802,1284.4603,236.15764,1692.0,1185.6826,436.18405,1.0833087,1.568326e+06,0.018703775480389595,0.021266663447022438,0.3678759
NVS-PAK1-1,801.0,106.66904755831214,0.7618941364119888,0.9768292682926829,0.7899408284023669,0.8846379077923382,39.76972691283847,25.758914594318806,1.543920912009615,7209.266,1084.7905,8955.0,917.18384,1150.4419,7.8602195,5.774622e+06,0.01947619393467903,0.013602133840322495,1.2543199,6241.639,1401.9111,9073.0,5181.5576,3379.597,1.2045875,4.999553e+06,0.01486907247453928,0.01599082536995411,0.6522357,3090.1448,677.52277,4330.0,2875.0076,2629.632,1.0748302,2.475206e+06,0.009041844867169857,0.017179448157548904,0.9146522,3067.638,341.94226,3637.0,1984.6467,1275.2777,1.5456846,2.457178e+06,0.00811865646392107,0.020551465451717377,0.6425716,878.608,150.88293,1122.0,819.55707,515.0745,1.0720522,703765.0,0.011714792810380459,0.01957542449235916,0.6284791
NVS-PAK1-1,1126.0,124.32590180780451,0.6398290437277468,0.9765828274067649,0.8124098124098124,0.9154297418460283,43.29347076763451,33.27177997765024,1.3012069326232674,10823.273,2689.1113,14354.0,853.1891,609.8884,12.685668,1.2187006e+07,0.03183344006538391,0.01589055173099041,0.71483386,9279.139,2072.911,13091.5,6600.1597,2955.6526,1.4058961,1.044831e+07,0.019612224772572517,0.010800951160490513,0.44781533,4785.6377,1326.8514,7563.75,3656.5508,2269.304,1.3087847,5.388628e+06,0.01862260513007641,0.014909973368048668,0.6206133,4992.436,1300.7712,7802.5,2734.1667,1478.4095,1.8259442,5.621483e+06,0.022626953199505806,0.018520895391702652,0.54071665,1313.9138,302.10904,1927.5,1041.5702,381.6594,1.2614741,1.479467e+06,0.021360084414482117,0.01706956885755062,0.36642694
NVS-PAK1-1,1057.0,126.5685424949238,0.7379664870232384,0.9522522522522523,0.7340277777777777,0.8291503594363062,45.613531712387434,30.781715374421225,1.4818385251619555,11135.473,3251.1536,15340.2,1032.3358,662.0314,10.786676,1.1770195e+07,0.03724991902709007,0.020469248294830322,0.6412946,9170.102,3227.8508,15743.4,9767.363,6039.39,0.9388513,9.692797e+06,0.019978482276201248,0.014569233171641827,0.6183235,4974.4473,3168.0994,12104.0,5364.232,4858.681,0.92733634,5.257991e+06,0.02221202291548252,0.016456596553325653,0.9057552,4520.3574,1157.5394,6713.0,3652.526,2105.298,1.2375976,4.778018e+06,0.014714758843183517,0.021855466067790985,0.5763951,1208.5696,330.2553,1900.8,1245.5847,641.15137,0.9702829,1.277458e+06,0.01693696342408657,0.01908501796424389,0.5147393
NVS-PAK1-1,1177.0,129.05382386916236,0.7213065818974139,0.9775747508305648,0.735625,0.8880646282786308,46.55939201119696,32.24777620890861,1.443801634865436,10295.056,2767.3313,15129.2,937.0918,656.51984,10.9861765,1.211728e+07,0.0347914882004261,0.016571272164583206,0.7005929,8177.029,1566.6248,11239.8,8165.7,3496.7104,1.0013874,9.624363e+06,0.018216094002127647,0.017473069950938225,0.4282193,4255.0747,1580.7758,7175.4,4969.7695,3201.7163,0.8561916,5.008223e+06,0.021886462345719337,0.02133963257074356,0.6442384,4342.3755,787.63135,5396.6,2780.45,1428.826,1.5617528,5.110976e+06,0.01741499826312065,0.020940745249390602,0.51388305,1273.0841,214.56854,1659.0,1331.1732,502.73535,0.9563625,1.49842e+06,0.015525338239967823,0.019250566139817238,0.37766337
NVS-PAK1-1,1223.0,138.12489168102786,0.8342986053942957,0.9660347551342812,0.6646739130434782,0.8055498482164234,53.57584958123733,29.537053277286667,1.8138522173583225,9680.108,2107.949,12782.4,713.6004,621.9943,13.565166,1.1838772e+07,0.02984059974551201,0.013615579344332218,0.87162834,7799.6934,1877.837,11536.8,5182.4272,3852.478,1.505027,9.539025e+06,0.018055908381938934,0.011543357744812965,0.7433733,3980.0212,1085.5222,6342.0,2981.6956,2664.2983,1.3348181,4.867566e+06,0.016546299681067467,0.015350895933806896,0.8935514,4051.2297,733.07745,5547.0,1900.3708,1260.6451,2.1318102,4.954654e+06,0.016518598422408104,0.014301572926342487,0.663368,1235.7678,262.75354,1763.3,1047.0272,536.421,1.1802633,1.511344e+06,0.019794762134552002,0.021512629464268684,0.5123277
NVS-PAK1-1,662.0,107.49747468305833,0.8040714833833934,0.8826666666666667,0.6881496881496881,0.719898600854379,39.345159559273156,23.39198123934791,1.681993464200041,8534.618,2023.1136,11744.7,1214.4562,914.53735,7.0275226,5.649917e+06,0.033294033259153366,0.01800423115491867,0.7530427,9092.321,2667.5461,14117.95,9758.602,5644.527,0.9317238,6.019117e+06,0.023547863587737083,0.017582396045327187,0.5784156,4901.178,2450.4502,10787.6,5273.9526,4754.496,0.92931783,3.24458e+06,0.023584997281432152,0.020611532032489777,0.9015053,4666.5894,1309.3038,7000.85,3773.5828,2302.783,1.2366469,3.089282e+06,0.02212749421596527,0.022107766941189766,0.61023784,1195.0574,278.78577,1750.05,1226.0848,566.93634,0.9746939,791128.0,0.018208445981144905,0.01797366514801979,0.4623957
NVS-PAK1-1,707.0,100.91168824543142,0.7503685671246365,0.9711538461538461,0.7170385395537525,0.8724616253968985,37.07031317756772,24.50420644545208,1.512814269667887,6427.498,738.3927,7540.1,762.97736,1114.5785,8.424232,4.544241e+06,0.016184814274311066,0.01055433601140976,1.4608277,5806.498,1160.5387,8043.9,3819.0325,2723.372,1.5204108,4.105194e+06,0.015029790811240673,0.009637322276830673,0.71310526,2645.3423,361.03583,3290.6,2185.6995,1984.1813,1.2102956,1.870257e+06,0.00969710759818554,0.011154036968946457,0.9078015,2829.9336,228.46112,3188.7,1382.0946,1080.3567,2.0475686,2.000763e+06,0.008138417266309261,0.012485535815358162,0.7816807,804.83167,131.9038,998.0,750.6165,415.13525,1.0722275,569016.0,0.012472276575863361,0.021272601559758186,0.55305904
NVS-PAK1-1,1280.0,133.29646455628165,0.6086176547592018,0.974124809741248,0.745920745920746,0.9052792631051139,45.34794335181616,35.98194426455228,1.2602971929032423,9686.781,2274.8425,13172.85,837.29987,653.4998,11.569071,1.239908e+07,0.03041280247271061,0.013485007919371128,0.7804848,7599.9663,1981.1821,11524.9,6679.8247,3721.0652,1.1377493,9.727957e+06,0.01704546809196472,0.012698101811110973,0.5570603,3794.1062,1569.872,7463.55,3785.4478,2989.5347,1.0022873,4.856456e+06,0.01871568337082863,0.018518198281526566,0.789744,4189.3984,1063.6936,5541.1,2625.0977,1603.8585,1.595902,5.36243e+06,0.019307304173707962,0.018363269045948982,0.610971,1270.3477,239.78693,1810.05,1203.5366,534.67444,1.0555123,1.626045e+06,0.015422048978507519,0.017900478094816208,0.44425273
NVS-PAK1-1,650.0,106.08326112068522,0.8227998569146374,0.8990318118948825,0.6166982922201139,0.7258209454068856,39.42469353361626,22.406284862040337,1.7595372805604064,8697.992,2107.9214,12007.05,1079.246,864.27673,8.059323,5.653695e+06,0.03083713911473751,0.015049689449369907,0.80081534,8541.267,3494.6313,16819.25,7027.996,3670.986,1.2153203,5.551823e+06,0.020455006510019302,0.013426990248262882,0.5223375,4464.271,2549.3684,10358.55,3677.9346,3167.8826,1.2137984,2.901776e+06,0.024162717163562775,0.017578663304448128,0.8613211,4594.0137,2044.8511,8788.3,2853.1694,1471.1349,1.610144,2.986109e+06,0.023457657545804977,0.01918775960803032,0.5156143,1372.363,471.99384,2592.85,1138.7699,480.14267,1.2051276,892036.0,0.018967468291521072,0.017165618017315865,0.42163274
NVS-PAK1-1,1093.0,121.39696961966999,0.4389032305674841,0.9785138764547896,0.7773826458036984,0.9319966137780998,39.407332978476774,35.408841798241276,1.1129235235373922,9448.087,2207.5537,12862.2,793.5621,693.8702,11.90592,1.0326759e+07,0.03045199066400528,0.012721548788249493,0.87437415,8482.555,2858.3806,13087.6,6487.18,3456.9465,1.3075874,9.271432e+06,0.023404324427247047,0.015107625164091587,0.53288895,4384.537,1913.3713,7259.2,3909.4622,2662.9106,1.1215192,4.792299e+06,0.024965792894363403,0.020343590527772903,0.681145,4931.4385,1477.435,7980.0,3107.8784,1676.4474,1.586754,5.390062e+06,0.02912454679608345,0.025509744882583618,0.5394186,1310.6807,293.87067,1753.4,1212.409,499.30322,1.0810548,1.432574e+06,0.01819959096610546,0.024917544797062874,0.41182736
NVS-PAK1-1,1092.0,132.61017305526642,0.788415220285924,0.9373390557939915,0.6046511627906976,0.7803309252814314,48.693068452107866,29.953221182427722,1.6256371278249704,10854.4,3241.8628,16166.75,1027.1853,665.0227,10.56713,1.1853005e+07,0.038620710372924805,0.017837414517998695,0.6474223,9829.703,4115.3643,18379.05,8256.635,4756.76,1.1905217,1.0734036e+07,0.023680754005908966,0.016091465950012207,0.57611364,5185.5405,3209.4329,11780.4,3953.0452,3517.0537,1.3117838,5.66261e+06,0.021885961294174194,0.015004300512373447,0.88970745,5497.9165,1730.1528,9203.2,3486.6765,1892.607,1.5768359,6.003725e+06,0.022371958941221237,0.01866348646581173,0.5428112,1404.1292,491.8826,2522.95,1243.9026,583.99194,1.1288096,1.533309e+06,0.021531548351049423,0.019364556297659874,0.46948367
NVS-PAK1-1,1110.0,128.22539674441617,0.7918893474501761,0.9753954305799648,0.7142857142857143,0.8483689005781819,48.249960831821014,29.464543335646756,1.6375601102036192,11315.066,3212.0806,15975.45,825.4413,624.63745,13.7079,1.2559724e+07,0.034365423023700714,0.015714939683675766,0.7567315,10253.931,3538.063,17964.35,5930.499,5811.7754,1.7290165,1.1381863e+07,0.02029232308268547,0.00960345845669508,0.9799808,5418.198,2587.1497,11208.4,3576.1821,4276.721,1.5150789,6.0142e+06,0.021883992478251457,0.013002798892557621,1.1958902,5103.8926,1894.4803,8876.25,2127.643,1917.9935,2.398848,5.665321e+06,0.020666394382715225,0.017156466841697693,0.9014639,1367.6549,416.24084,2286.4,1096.6884,755.8489,1.2470771,1.518097e+06,0.02114485763013363,0.018819402903318405,0.6892103
NVS-PAK1-1,1127.0,125.88225099390857,0.7106362520133395,0.9774501300954033,0.7280361757105943,0.8937267965735428,45.24469100555788,31.832336917319626,1.421343683408325,10584.476,2579.7502,14121.9,844.75806,554.8434,12.529594,1.1928704e+07,0.0329832024872303,0.01590174250304699,0.6568074,8147.4004,1977.876,12246.8,6569.1123,2858.2615,1.2402589,9.18212e+06,0.01777629926800728,0.010419348254799843,0.4351062,4254.6626,1422.7389,7202.4,3671.926,2353.419,1.1587005,4.795005e+06,0.020816955715417862,0.015104539692401886,0.6409222,3935.828,691.3915,5291.0,2752.0823,1048.7053,1.4301273,4.435678e+06,0.01848425157368183,0.020329810678958893,0.38105884,1328.0931,292.4652,1961.7,1237.4052,472.69116,1.0732888,1.496761e+06,0.019420122727751732,0.018438203260302544,0.38200194
NVS-PAK1-1,1228.0,132.8111831820431,0.7354118390949846,0.9746031746031746,0.7752525252525253,0.8748607634839479,48.11963266495915,32.60684545942046,1.4757524681387686,8349.607,1798.2814,11645.7,794.22675,726.14417,10.5128765,1.0253318e+07,0.03523022308945656,0.01301860623061657,0.91427815,9144.759,3433.4,15912.55,6563.3765,5027.631,1.393301,1.1229764e+07,0.021152790635824203,0.013173609040677547,0.76601285,4467.074,1910.1548,7595.6,3851.4998,4020.9631,1.1598272,5.485567e+06,0.01759968139231205,0.015616502612829208,1.0439993,5049.1025,1588.791,8109.75,2777.5283,1590.7168,1.8178402,6.200298e+06,0.02097380720078945,0.017238637432456017,0.5727095,1455.9927,470.9025,2342.3,1233.6458,599.27155,1.1802356,1.787959e+06,0.017063137143850327,0.016389451920986176,0.4857728
NVS-PAK1-1,570.0,89.35533905932736,0.7506419695580818,0.9693877551020408,0.7994389901823282,0.8971058847188373,33.18630928670594,21.926499522572392,1.5135251868426174,11338.063,4405.79,17712.2,1014.5654,587.7803,11.17529,6.462696e+06,0.04482556879520416,0.016593625769019127,0.5793419,15202.147,7605.2793,34528.75,9479.414,6573.6777,1.6037011,8.665224e+06,0.03025749884545803,0.021042518317699432,0.6934688,7374.237,4991.857,20909.1,5378.19,5128.9272,1.3711373,4.203315e+06,0.028716646134853363,0.025456180796027184,0.95365304,7611.8457,3947.7585,17167.3,4084.4326,3152.618,1.8636237,4.338752e+06,0.02583877183496952,0.02079079858958721,0.7718619,2023.4456,894.95044,4396.55,1611.0369,975.0371,1.2559896,1.153364e+06,0.018100762739777565,0.02204742282629013,0.60522336
NVS-PAK1-1,684.0,114.32590180780451,0.8924347030344868,0.8746803069053708,0.6758893280632411,0.6576225459345061,46.15296739400214,20.823137703305747,2.2164271327214626,9305.374,2830.227,13787.05,860.9513,756.4142,10.808247,6.364876e+06,0.038727980107069016,0.014850156381726265,0.87857956,12154.164,6916.2856,29043.85,6495.435,6291.5576,1.8711855,8.313448e+06,0.027526510879397392,0.0129696074873209,0.9686122,7249.146,6317.7153,22505.5,3783.55,4772.1675,1.9159641,4.958416e+06,0.032836973667144775,0.015159129165112972,1.2612936,5513.547,2385.5732,9373.65,2770.5916,2318.3904,1.9900252,3.771266e+06,0.025923293083906174,0.019771866500377655,0.8367853,1635.3378,722.8432,3621.3,1174.5027,834.3936,1.3923662,1.118571e+06,0.024277251213788986,0.015267051756381989,0.71042293
NVS-PAK1-1,760.0,105.39696961966997,0.70896508725127,0.9595959595959596,0.6846846846846847,0.8597401481851595,37.31112315112927,26.31343001010236,1.417949812578772,8101.3867,1497.5707,10185.6,963.14557,920.8259,8.411384,6.157054e+06,0.020191660150885582,0.009631374850869179,0.956061,7281.5303,1730.1698,10414.1,5063.766,3040.423,1.4379673,5.533963e+06,0.012384691275656223,0.011730372905731201,0.6004272,3752.1987,976.4144,5433.0,2872.936,2469.2522,1.3060502,2.851671e+06,0.014682164415717125,0.018600663170218468,0.85948735,4546.5054,1175.9178,7063.05,2760.1743,2193.6316,1.6471806,3.455344e+06,0.02611376717686653,0.02315901778638363,0.79474384,1097.7487,236.63289,1428.05,934.96564,435.46082,1.1741059,834289.0,0.013896671123802662,0.01641138456761837,0.4657506
NVS-PAK1-1,1375.0,147.29646455628168,0.4898880144731516,0.9379263301500682,0.6803562592775854,0.7963938843166611,45.63587209720064,39.784685692033506,1.147071324138644,10694.162,3028.951,15036.5,876.7296,638.9603,12.197788,1.4704473e+07,0.04148837924003601,0.01475527323782444,0.72879976,11624.47,2618.843,16788.1,6546.738,4182.386,1.7756126,1.5983646e+07,0.025868196040391922,0.012222349643707275,0.63885045,6343.4966,1907.2513,10384.9,3509.7478,2732.7825,1.8073938,8.722308e+06,0.02826077863574028,0.016773885115981102,0.77862644,6235.032,2141.6282,11169.2,2641.214,1528.3829,2.360669,8.573169e+06,0.029998349025845528,0.017510326579213142,0.5786668,1703.5746,277.44162,2225.9,1299.9005,564.8833,1.3105422,2.342415e+06,0.02077823504805565,0.019385118037462234,0.43455887
NVS-PAK1-1,768.0,103.1543289325507,0.5822511262010456,0.9696969696969697,0.7314285714285714,0.9069767783789309,34.774006605459206,28.271580164282007,1.2299986913852199,8269.22,1614.9115,10518.2,1167.193,949.2346,7.0847063,6.350761e+06,0.022004304453730583,0.011787345632910728,0.81326276,6877.237,1564.1575,9682.8,7542.943,3262.2388,0.91174453,5.281718e+06,0.01106619369238615,0.010665323585271835,0.43248886,3719.47,1124.6483,5980.8,4526.6133,2893.0781,0.82168937,2.856553e+06,0.013359550386667252,0.016960384324193,0.6391264,4326.7095,859.4146,5674.0,3532.799,2329.5044,1.2247256,3.322913e+06,0.01950572058558464,0.037349626421928406,0.6593934,1081.8529,192.76346,1398.15,1240.7388,504.54047,0.8719425,830863.0,0.011057646945118904,0.01657898910343647,0.4066452
NVS-PAK1-1,626.0,94.66904755831213,0.7437057220620638,0.9586523736600306,0.7245370370370371,0.8777446309264021,34.63169768359514,23.15153724280719,1.4958703312176236,10140.771,3583.8167,16774.5,764.4789,695.5555,13.264947,6.348123e+06,0.04972098395228386,0.011838864535093307,0.9098426,12025.66,3581.0935,19091.5,4854.593,4121.221,2.4771717,7.528063e+06,0.022918211296200752,0.00974566675722599,0.84893245,6325.9985,2528.109,11448.25,2428.5493,2344.8035,2.6048467,3.960075e+06,0.0291074737906456,0.01335668470710516,0.9655161,6119.738,3000.8162,13511.5,2215.7244,1100.1992,2.7619581,3.830956e+06,0.034187737852334976,0.01096574030816555,0.49654156,1795.3467,458.76825,2567.75,933.1579,554.85156,1.9239473,1.123887e+06,0.029060084372758865,0.0191865973174572,0.59459555
NVS-PAK1-1,630.0,96.66904755831214,0.7632736277861187,0.9459459459459459,0.7126696832579186,0.8471796871023423,35.631912565270945,23.02090069196429,1.5478070576842666,9716.442,2739.4448,13782.85,926.7337,690.1168,10.484611,6.121359e+06,0.04089405760169029,0.01359619852155447,0.74467653,12449.287,3213.5032,19449.05,6716.4463,3688.2703,1.8535527,7.843051e+06,0.021124228835105896,0.010622978210449219,0.54914016,6740.2954,2186.7444,11577.45,3536.066,2368.0815,1.9061567,4.246386e+06,0.027043091133236885,0.014810006134212017,0.6696938,6190.0796,3077.5205,13593.2,2463.2363,832.05865,2.5129864,3.89975e+06,0.03158653900027275,0.010209370404481888,0.33779085,1750.0016,398.97858,2542.95,1060.177,451.85114,1.6506692,1.102501e+06,0.027659913524985313,0.019129937514662743,0.4262035
NVS-PAK1-1,738.0,108.91168824543142,0.8636678602099321,0.9485861182519281,0.6833333333333333,0.7818388475746038,43.51595969995492,21.934712645133303,1.9838855609357569,8133.401,1496.7059,10234.3,1156.0782,926.25745,7.035338,6.00245e+06,0.022180618718266487,0.012256023474037647,0.8012065,8637.266,2431.3604,13430.3,7140.7607,2729.3555,1.2095722,6.374302e+06,0.021320439875125885,0.013444342650473118,0.38222194,4206.6694,1495.2339,7246.95,3922.6162,2167.915,1.0724143,3.104522e+06,0.016654344275593758,0.020217623561620712,0.5526707,4501.4795,1980.3856,8849.45,2967.3713,2395.827,1.5169923,3.322092e+06,0.027381382882595062,0.021836262196302414,0.80739033,1474.6735,257.21393,2009.9,1405.7733,476.1111,1.0490123,1.088309e+06,0.01830488070845604,0.027298133820295334,0.3386827
NVS-PAK1-1,798.0,111.63961030678928,0.8394807505867125,0.9637681159420289,0.6333333333333333,0.8045927810071424,43.644393494929474,23.71590197373454,1.8403008050575442,8049.876,1458.6659,10453.05,1044.9977,873.88794,7.7032475,6.423801e+06,0.0232467632740736,0.011166145093739033,0.83625823,8825.519,2399.4165,13427.8,6915.764,3000.2817,1.2761451,7.042764e+06,0.020999915897846222,0.017765317112207413,0.4338323,4289.5225,1487.0969,7405.0,3733.5986,2210.6726,1.1488975,3.423039e+06,0.018364764750003815,0.022252289578318596,0.59210235,4646.535,2010.0934,9302.1,2825.42,1630.8326,1.6445467,3.707935e+06,0.03035455010831356,0.021417364478111267,0.5772001,1368.7532,279.11792,1981.8,1276.4481,520.1654,1.072314,1.092265e+06,0.01624285615980625,0.02196149341762066,0.40751
NVS-PAK1-1,694.0,102.08326112068524,0.7523311061673946,0.9519890260631001,0.7711111111111111,0.8368743626446562,37.29042580432746,24.566379686304657,1.517945512546004,8081.935,1727.262,11098.3,922.24896,939.21655,8.76329,5.608863e+06,0.019643785431981087,0.008471154607832432,1.018398,6606.229,1561.8993,9525.7,4870.368,3209.1243,1.3564126,4.584723e+06,0.010442744009196758,0.0073500522412359715,0.65890795,3366.788,1144.4736,5836.35,2688.3845,2141.6553,1.2523462,2.336551e+06,0.012507460080087185,0.011589223518967628,0.79663277,3513.1023,1091.4187,5568.8,1992.2422,1380.8816,1.7633911,2.438093e+06,0.014309640042483807,0.016118427738547325,0.69312936,1045.9337,209.51894,1440.7,1037.6356,675.8234,1.0079972,725878.0,0.014980213716626167,0.01999429240822792,0.6513109
NVS-PAK1-1,747.0,105.7401153701776,0.7886059312477876,0.9626288659793815,0.6859504132231405,0.8395583899312979,39.43268711812151,24.2471168301252,1.62628354514832,7839.7363,1454.0414,9964.2,1000.12616,952.49054,7.8387475,5.856283e+06,0.01769300550222397,0.008496413938701153,0.9523704,6582.0654,1374.6456,9584.4,5464.1504,2495.2542,1.2045908,4.916803e+06,0.011156827211380005,0.006462112534791231,0.45665914,3115.5154,789.68713,4732.6,3037.8313,1960.1669,1.0255722,2.32729e+06,0.011000274680554867,0.011299039237201214,0.64525205,3522.4392,826.6043,5275.3,2420.0864,1506.6478,1.4555014,2.631262e+06,0.013642632402479649,0.016283875331282616,0.6225595,1070.4631,181.35771,1408.7,1100.0701,581.56195,0.9730863,799636.0,0.01305029634386301,0.024447590112686157,0.528659
NVS-PAK1-1,712.0,102.66904755831214,0.8045045918374035,0.9700272479564033,0.7494736842105263,0.8488105939256793,39.133230441570134,23.24304251522974,1.6836535240998907,8510.387,1732.1066,11047.8,935.3757,782.94293,9.098362,6.059395e+06,0.02339545637369156,0.010163792409002781,0.83703583,8366.122,2088.5796,13120.25,6278.1104,3137.1743,1.332586,5.956679e+06,0.016072459518909454,0.008359119296073914,0.4997004,4224.3906,1432.1339,7111.9,3243.1296,2188.9424,1.302566,3.007766e+06,0.016286015510559082,0.013939442113041878,0.67494756,4545.449,1570.3619,8721.7,2739.007,1927.4503,1.6595244,3.23636e+06,0.023182060569524765,0.019168216735124588,0.703704,1262.7289,331.5229,1941.2,1149.63,574.55005,1.0983785,899063.0,0.01417560875415802,0.020385511219501495,0.49976954
NVS-PAK1-1,931.0,114.32590180780451,0.7085861425542771,0.9718162839248434,0.7758333333333334,0.8950973541886333,41.06894661163342,28.979247456240895,1.417184717223874,10009.849,2561.0537,13746.5,853.2065,588.404,11.732036,9.319169e+06,0.029216909781098366,0.011971072293817997,0.68963844,9966.282,1913.707,13134.5,6786.9126,2875.4668,1.4684559,9.278609e+06,0.01627001352608204,0.010497999377548695,0.4236782,5099.13,1272.2994,7516.5,3772.8247,2025.3386,1.3515416,4.74729e+06,0.01894032023847103,0.0160394124686718,0.53682286,5711.204,1935.1227,9960.0,2954.061,1259.6913,1.93334,5.317131e+06,0.031333860009908676,0.01724006049335003,0.42642698,1501.739,280.10886,2068.5,1189.1698,465.71155,1.2628466,1.398119e+06,0.021789640188217163,0.022578943520784378,0.39162746
NVS-PAK1-1,625.0,94.18376618407356,0.5821416635383488,0.9615384615384616,0.7754342431761787,0.8853964486077012,31.730170084437926,25.79940078398412,1.2298801181512533,8563.112,1762.1909,10875.6,716.2823,909.43665,11.954941,5.351945e+06,0.01975395530462265,0.0076117971912026405,1.2696624,6903.707,1357.1428,9195.2,2836.878,2658.982,2.433558,4.314817e+06,0.008782478980720043,0.005557926371693611,0.9372916,3248.2144,668.31006,4615.0,1537.6322,1529.0549,2.112478,2.030134e+06,0.010310353711247444,0.008639337494969368,0.9944218,3211.752,583.1665,4099.4,1333.9479,1400.893,2.4077044,2.007345e+06,0.009997888468205929,0.01329568400979042,1.0501857,1083.0192,187.3775,1434.6,673.7043,482.52,1.6075587,676887.0,0.015319600701332092,0.016785699874162674,0.71621925
NVS-PAK1-1,772.0,112.22539674441619,0.882711100169822,0.9662077596996246,0.6136724960254372,0.7702733378951689,45.805904768113436,21.52493079006288,2.1280395841857955,8277.531,1641.1984,10897.1,1070.0889,879.1406,7.7353683,6.390254e+06,0.022797254845499992,0.012084633111953735,0.82155854,8755.457,2008.3383,13092.5,7302.603,2265.3528,1.1989502,6.759213e+06,0.018412118777632713,0.009801958687603474,0.3102117,4542.0503,1084.5289,6551.95,3956.3489,1814.5725,1.1480409,3.506463e+06,0.01675291173160076,0.018136324360966682,0.45864826,5134.86,1283.873,7725.7,2846.4956,952.3887,1.8039234,3.964112e+06,0.026195241138339043,0.014999348670244217,0.33458287,1375.1683,239.3905,1832.8,1223.4756,483.80597,1.123985,1.06163e+06,0.018488069996237755,0.024084310978651047,0.39543575
NVS-PAK1-1,820.0,108.5685424949238,0.7176304846697238,0.9692671394799054,0.7321428571428571,0.8742098615598215,38.897124028205205,27.088893488380872,1.4359067137566615,7897.105,1478.2311,10153.75,962.58,876.41833,8.2041025,6.475626e+06,0.01871975138783455,0.008707177825272083,0.9104888,6803.237,1583.5126,9799.45,5786.469,2993.3042,1.1757147,5.578654e+06,0.0163092203438282,0.006977848242968321,0.5172937,3205.7769,887.0037,4730.85,3218.2803,2114.886,0.99611485,2.628737e+06,0.01350671797990799,0.011473036371171474,0.6571479,3402.6719,1071.5153,4703.45,2498.8877,1851.2583,1.3616745,2.790191e+06,0.019944867119193077,0.017248215153813362,0.7408329,1108.5391,162.72704,1392.45,1138.3899,613.93823,0.973778,909002.0,0.012707349844276905,0.01865033060312271,0.539304
NVS-PAK1-1,1745.0,176.2670273047588,0.7624756077033313,0.925238600212089,0.6878202601497833,0.7057699036725031,59.89554919420885,38.75343620946101,1.5455545379376279,9679.522,3600.456,16225.6,1085.0387,674.21,8.9209,1.6890766e+07,0.03891024738550186,0.01705307886004448,0.62136954,10658.226,2908.6477,15709.6,11108.839,5234.918,0.95943654,1.8598604e+07,0.023625221103429794,0.017886290326714516,0.471239,5537.587,2289.139,9820.8,6287.127,3633.0505,0.88078177,9.663089e+06,0.02309083379805088,0.021970737725496292,0.57785547,5453.851,1859.1132,8426.2,4637.625,3304.7053,1.1760008,9.51697e+06,0.022184373810887337,0.030423883348703384,0.7125857,1445.9467,338.3818,2131.0,1668.6091,817.10944,0.866558,2.523177e+06,0.017890166491270065,0.025563886389136314,0.48969492
NVS-PAK1-1,588.0,93.94112549695429,0.7033222293781034,0.9686985172981878,0.784,0.8372895518563976,32.76428003292539,23.29118257266162,1.4067246233938746,8978.267,2064.2336,11932.6,875.8501,808.48627,10.2509165,5.279221e+06,0.026434604078531265,0.012025522999465466,0.9230875,8405.777,1457.8959,10923.6,6576.8213,2965.7764,1.2780912,4.942597e+06,0.01266288012266159,0.008544275537133217,0.45094374,4291.68,1044.7017,5986.3,3687.8086,1950.264,1.163748,2.523508e+06,0.014262751676142216,0.013896048069000244,0.5288409,4148.847,1172.8684,6656.2,2087.6948,896.07654,1.9872862,2.439522e+06,0.015380859375,0.011389643885195255,0.42921817,1105.8113,222.3272,1480.9,1191.3823,699.0154,0.928175,650217.0,0.018575476482510567,0.03167906403541565,0.5867263
NVS-PAK1-1,702.0,99.25483399593905,0.5553276882189149,0.9525101763907734,0.7548387096774194,0.8954547436629718,32.98998906339191,27.435518193632696,1.2024554750727585,8154.8403,1981.609,11321.0,897.21234,890.3554,9.089087,5.724698e+06,0.0286392942070961,0.00906450767070055,0.9923575,9286.075,2899.3567,14750.5,4680.576,3793.0806,1.9839598,6.518825e+06,0.016691729426383972,0.006673960480839014,0.81038755,4846.54,2133.9827,9345.6,2612.212,2332.3088,1.8553395,3.402271e+06,0.02218738943338394,0.010649111121892929,0.89284825,4855.755,2443.6873,10923.05,1647.3188,1458.8212,2.9476717,3.40874e+06,0.028871629387140274,0.013781338930130005,0.885573,1604.6211,719.0024,3172.45,943.95483,739.94147,1.6998918,1.126444e+06,0.03625741973519325,0.021854989230632782,0.7838738
NVS-PAK1-1,665.0,95.25483399593905,0.5879944788591144,0.9679767103347889,0.7750582750582751,0.9209953984070617,32.416188627099636,26.22031850235111,1.236300338006686,9011.014,2196.1062,11726.0,935.2232,929.3746,9.635148,5.992324e+06,0.026455245912075043,0.013805284164845943,0.9937463,8101.6514,1465.3339,10794.6,4748.4316,3919.7634,1.7061741,5.387598e+06,0.012164219282567501,0.008209140971302986,0.8254859,4335.8765,982.7261,6250.0,2607.6887,2339.1768,1.6627278,2.883358e+06,0.015644649043679237,0.013077675364911556,0.89703065,4354.068,1179.9014,6715.0,2049.1145,1616.016,2.1248534,2.895455e+06,0.021824561059474945,0.016190707683563232,0.78864115,1387.5428,352.42712,2150.0,1029.7982,652.2481,1.3473929,922716.0,0.0280508641153574,0.026937013491988182,0.6333747
NVS-PAK1-1,985.0,126.46803743153546,0.8090264345016569,0.9425837320574163,0.6488801054018445,0.7738994469828008,47.01792734749992,27.635833363641403,1.701339226099048,7521.21,1636.9901,10295.6,1125.96,945.6895,6.67982,7.408392e+06,0.02422467991709709,0.01293540932238102,0.8398962,8902.212,4616.195,19373.8,7660.782,5298.5063,1.16205,8.768679e+06,0.021603712812066078,0.013000326231122017,0.6916404,4744.667,3202.8906,11471.4,4768.6357,4847.2095,0.99497366,4.673497e+06,0.021557074040174484,0.01790667697787285,1.0164772,4485.22,2313.4116,9633.6,2746.8623,2037.9585,1.6328522,4.417942e+06,0.020312445238232613,0.01636953093111515,0.7419223,1374.8629,507.9594,2335.8,1328.1794,856.03503,1.0351485,1.35424e+06,0.019001057371497154,0.01981334760785103,0.6445176
NVS-PAK1-1,881.0,111.35533905932736,0.44467669765507417,0.9832589285714286,0.8358633776091081,0.8928195331270663,35.90156798205961,32.156716680072165,1.1164562706835106,8263.418,1338.0028,10059.0,1235.8611,833.0009,6.6863647,7.280071e+06,0.02519073709845543,0.018045224249362946,0.6740247,9406.922,1682.3815,12905.0,13986.365,3934.935,0.67257804,8.287498e+06,0.017363931983709335,0.01845119148492813,0.28134078,4970.9385,1197.8915,7360.0,8961.729,4429.9004,0.55468524,4.379397e+06,0.0169389545917511,0.02281099185347557,0.49431315,4541.1167,431.0604,5243.0,5438.02,2716.1006,0.83506805,4.000724e+06,0.014333993196487427,0.04295969381928444,0.499465,1329.5947,155.83104,1618.0,1956.9962,712.6405,0.67940587,1.171373e+06,0.009128767065703869,0.027260757982730865,0.36415017
NVS-PAK1-1,667.0,95.98275605729688,0.6740613498839023,0.9708879184861717,0.6947916666666667,0.9098069826240497,34.0119925266233,25.12382103391999,1.3537746698921027,8099.244,1547.9293,10430.2,936.56116,1010.8543,8.647854,5.402196e+06,0.020161369815468788,0.009186801500618458,1.0793254,6294.136,1388.1234,8922.6,5019.501,3128.7566,1.2539366,4.198189e+06,0.009533317759633064,0.008279011584818363,0.6233202,3099.0688,1064.582,5463.4,2695.9348,1863.6448,1.149534,2.067079e+06,0.011909146793186665,0.011249382048845291,0.6912796,2936.3628,751.15076,4014.8,1983.3105,1687.5703,1.4805361,1.958554e+06,0.011595643125474453,0.021287743002176285,0.85088557,906.9505,232.31604,1416.4,907.1762,555.04126,0.9997512,604936.0,0.013686595484614372,0.019524091854691505,0.611834
NVS-PAK1-1,829.0,106.66904755831213,0.5030809136917148,0.9730046948356808,0.8127450980392157,0.9155615799748422,35.049462768537815,30.291123708138787,1.1570869112102478,8856.569,2117.3652,12177.2,1180.7892,869.61237,7.5005507,7.342096e+06,0.02741999365389347,0.014579677022993565,0.73646706,9342.104,1917.6351,12730.0,8654.592,3702.3347,1.0794389,7.744604e+06,0.017430301755666733,0.01244515459984541,0.4277885,4904.2617,1163.6129,7488.0,5012.2886,3249.1733,0.9784476,4.065633e+06,0.014840014278888702,0.017075445502996445,0.64824146,4875.615,1067.1058,7474.4,3231.7417,1938.734,1.5086648,4.041885e+06,0.01678931713104248,0.026195988059043884,0.59990376,1360.3499,188.715,1712.0,1470.9685,588.70465,0.9247988,1.12773e+06,0.012279735878109932,0.02893734537065029,0.4002157
NVS-PAK1-1,788.0,108.5685424949238,0.8122943499132567,0.9728395061728395,0.6816608996539792,0.840094354767243,41.685671868370434,24.313072581234067,1.7145373843265423,8738.987,1886.9103,11561.65,961.0528,774.29114,9.09314,6.886322e+06,0.02886641025543213,0.011976785957813263,0.8056697,10479.199,2077.6812,14415.55,8468.651,4484.578,1.2374107,8.257609e+06,0.024989835917949677,0.016258569434285164,0.52955043,5466.166,1459.0736,8533.15,4847.7983,3797.836,1.1275564,4.307339e+06,0.022680552676320076,0.02027205564081669,0.7834146,4940.7515,903.719,6570.7,2964.0815,2371.824,1.6668743,3.893312e+06,0.016649100929498672,0.02958725020289421,0.8001885,1545.028,153.75935,1827.65,1479.8834,619.12244,1.04402,1.217482e+06,0.017322639003396034,0.027178194373846054,0.41835892
NVS-PAK1-1,690.0,96.66904755831214,0.5092015302205292,0.9745762711864406,0.7700892857142857,0.9278634668263748,32.107317039415015,27.63307621683005,1.161916132227794,7720.2437,1305.0063,9586.55,855.29803,1012.36395,9.026379,5.326968e+06,0.016396060585975647,0.00800939742475748,1.1836388,6036.349,1156.4438,8400.0,4294.996,2989.0938,1.4054376,4.165081e+06,0.009401541203260422,0.005476959981024265,0.69594795,2707.0,630.6729,3622.4,2384.8735,1986.155,1.1350707,1.86783e+06,0.009184721857309341,0.009888261556625366,0.83281356,2709.5115,613.7772,3610.3,1600.7731,1512.1693,1.6926268,1.869563e+06,0.009384446777403355,0.014050113968551159,0.9446494,867.38403,118.23762,1054.25,764.58093,539.97174,1.1344568,598495.0,0.009033409878611565,0.018205318599939346,0.7062323
NVS-PAK1-1,558.0,89.59797974644665,0.7871280265533366,0.9653979238754326,0.768595041322314,0.8734692657886415,34.019153009984834,20.98266140847445,1.6212982875587567,7407.692,880.7028,8740.8,672.11176,1015.1826,11.021518,4.133492e+06,0.026890380308032036,0.013733782805502415,1.5104373,6021.133,1126.4006,8094.1,4449.946,3269.3462,1.35308,3.359792e+06,0.01428151223808527,0.011134144850075245,0.73469347,2795.1453,575.9279,3548.05,2441.14,2168.4739,1.1450164,1.559691e+06,0.008155067451298237,0.01170886866748333,0.8883038,2748.0144,488.32825,3342.8,1602.7567,1448.6243,1.7145549,1.533392e+06,0.00913439504802227,0.015908731147646904,0.9038329,790.5358,159.87563,1008.65,680.938,459.53717,1.1609513,441119.0,0.015129261650145054,0.021820848807692528,0.67485905
NVS-PAK1-1,518.0,83.25483399593904,0.4264075323680251,0.9664179104477612,0.74,0.93911916912005,27.058354076832558,24.47512435487278,1.1055451112118857,6666.9634,927.0107,8397.05,769.3945,1161.6882,8.665208,3.453487e+06,0.022013962268829346,0.013400447554886341,1.5098734,5615.72,1072.9656,7512.65,4850.583,2971.9783,1.1577413,2.908943e+06,0.012815072201192379,0.009936686605215073,0.61270535,2600.6853,444.3266,3280.35,2559.1523,1916.9291,1.0162292,1.347155e+06,0.006758775096386671,0.009390796534717083,0.7490485,2630.745,354.68985,3224.15,1687.7649,1398.0481,1.5587153,1.362726e+06,0.006638820748776197,0.013268773443996906,0.8283429,782.78186,139.81404,1006.15,696.8416,422.96933,1.1233282,405481.0,0.01432369276881218,0.01912335678935051,0.60698056
NVS-PAK1-1,590.0,91.59797974644665,0.734480440345113,0.9624796084828712,0.8016304347826086,0.8836699474585779,33.422479448489696,22.681492447202235,1.4735573298930937,5619.051,443.67746,6278.65,1024.1686,1290.2418,5.486451,3.31524e+06,0.008160367608070374,0.006235509645193815,1.2597944,3711.2695,590.0072,4895.65,3518.192,1140.3973,1.0548798,2.189649e+06,0.005236481782048941,0.003823688020929694,0.32414302,1910.0084,353.82275,2560.65,1933.8234,1256.6343,0.987685,1.126905e+06,0.0073490990325808525,0.007315114140510559,0.64981854,2582.4575,513.3531,3693.15,1558.4937,885.2204,1.6570215,1.52365e+06,0.007954317145049572,0.010667962953448296,0.56799746,469.80847,129.97171,640.0,474.11237,450.46323,0.9909222,277187.0,0.007748987525701523,0.009362641721963882,0.95011914
NVS-PAK1-1,727.0,102.08326112068522,0.5901560659059789,0.9603698811096433,0.7343434343434343,0.8766681003496616,34.05937894576878,27.49576805253885,1.238713495134531,8225.633,1467.9131,10481.4,627.72,856.5952,13.103985,5.980035e+06,0.02224748022854328,0.01014513336122036,1.3646137,6057.296,1127.6555,8089.0,4192.8955,2588.0977,1.444657,4.403654e+06,0.010896174237132072,0.007482029497623444,0.61725783,2821.421,740.82404,4345.0,2096.2126,1818.6421,1.3459612,2.051173e+06,0.00890297256410122,0.009750522673130035,0.8675847,2886.4277,940.8289,4842.0,1580.6633,1269.2725,1.8260864,2.098433e+06,0.012389370240271091,0.01445560622960329,0.80299985,701.57635,167.75581,1049.5,638.10443,487.7688,1.0994695,510046.0,0.01344528328627348,0.015630749985575676,0.76440275
TC-S-7004,752.0,106.22539674441617,0.6377051092115179,0.9518987341772152,0.6774774774774774,0.8374733212983281,35.60268492793598,27.42405729873486,1.2982282140133372,6773.592,1112.2472,8490.431,705.5001,933.1917,9.601121,5.093741e+06,0.028788868337869644,0.011013028211891651,1.3227378,5571.4746,2204.6238,10429.3,3148.1653,1936.3899,1.7697529,4.189749e+06,0.025202585384249687,0.01157223992049694,0.6150852,3068.1648,1556.2909,6351.1,1708.3356,1398.1971,1.7959965,2.30726e+06,0.03188406303524971,0.024571271613240242,0.8184558,3985.9934,2165.7732,8829.7,1789.2336,1035.836,2.2277658,2.997467e+06,0.030089374631643295,0.01901649311184883,0.5789272,691.80585,425.58722,1314.0,548.2297,582.3007,1.2618905,520238.0,0.04895510524511337,0.06374087929725647,1.0621474
TC-S-7004,2176.0,187.1959594928933,0.862140253292929,0.9770992366412213,0.7738264580369844,0.7803255263670522,73.99309744435577,37.49006039321449,1.9736723992514063,13356.346,4259.288,19798.78,729.4403,457.97632,18.310402,2.9063408e+07,0.038614604622125626,0.019445247948169708,0.6278462,7733.9956,1596.1821,11224.5,4466.66,2954.1335,1.7314941,1.6829174e+07,0.025078939273953438,0.013481776230037212,0.66137415,3581.2422,846.86053,5272.5,2410.513,1821.37,1.4856764,7.792783e+06,0.027855824679136276,0.021171696484088898,0.7555944,5201.904,1223.1748,7746.25,2249.4724,1301.041,2.3124995,1.1319343e+07,0.029543356969952583,0.023638347163796425,0.57837605,939.778,156.16394,1266.75,723.9297,377.7107,1.298162,2.044957e+06,0.0204207431524992,0.023130252957344055,0.5217505
TC-S-7004,1118.0,137.49747468305833,0.9001589222406886,0.974716652136007,0.7985714285714286,0.74312560210113,57.20926746763279,24.918160553488562,2.2958864617967736,9568.122,2407.696,13481.931,741.19244,668.62054,12.909093,1.069716e+07,0.02909323386847973,0.013590755872428417,0.9020876,7254.7417,1969.8219,10813.1,3789.4744,3430.7378,1.9144454,8.110801e+06,0.025483138859272003,0.0152830109000206,0.9053334,3254.076,1033.8022,4562.65,2012.2067,2314.742,1.6171678,3.638057e+06,0.022641737014055252,0.02092268131673336,1.15035,4406.4375,1223.4004,5564.1,2105.2517,1718.24,2.093069,4.926397e+06,0.017911093309521675,0.01901482231914997,0.8161684,1041.8873,193.71999,1456.05,735.3968,410.57162,1.4167689,1.16483e+06,0.025010865181684494,0.023223362863063812,0.5582995
TC-S-7004,648.0,94.18376618407358,0.3803853951904909,0.968609865470852,0.7980295566502463,0.9179790379164643,29.97873169527471,27.725172446194144,1.0812820642848666,9749.09,2651.484,14085.73,698.37305,671.88324,13.959717,6.31741e+06,0.037058938294649124,0.014178898185491562,0.9620693,6886.4536,1759.6439,10160.25,4304.8223,2897.0457,1.5997069,4.462422e+06,0.028905697166919708,0.013169750571250916,0.67297685,3471.8596,1295.1227,6420.2,2297.8806,2085.9443,1.5108964,2.249765e+06,0.029735540971159935,0.020381387323141098,0.9077688,4326.1772,1513.315,7507.7,2112.5781,1164.1268,2.047819,2.803363e+06,0.034263189882040024,0.021740367636084557,0.5510456,813.39197,163.11043,1131.55,607.7503,363.47052,1.3383654,527078.0,0.018657686188817024,0.02047097124159336,0.59805894
TC-S-7004,729.0,102.66904755831214,0.659829852975747,0.9617414248021108,0.75,0.8690771390053653,35.366287599118664,26.574760476454827,1.3308224407310503,8599.151,1838.7888,11361.63,790.8403,804.3525,10.873436,6.268781e+06,0.03191263973712921,0.011998805217444897,1.0170859,7719.761,1989.9622,11320.4,4967.3735,3437.339,1.5540931,5.627706e+06,0.03196705877780914,0.015645749866962433,0.6919832,3767.2031,943.50287,5358.2,2828.7805,2530.9941,1.3317411,2.746291e+06,0.028699753805994987,0.025196056813001633,0.8947298,4823.549,1144.8134,6855.6,2669.1118,1895.2511,1.8071737,3.516367e+06,0.0261542946100235,0.022731797769665718,0.7100681,851.5322,153.28778,1131.2,732.7459,1011.23236,1.1621112,620767.0,0.017973704263567924,0.027301372960209846,1.3800586
TC-S-7004,818.0,108.91168824543144,0.7249355448945135,0.9623529411764706,0.7303571428571428,0.8665910261734766,39.15269204272076,26.969028400385373,1.4517650195422422,20565.418,17218.89,60537.43,833.404,988.22894,24.676409,1.6822512e+07,0.047126684337854385,0.011448011733591557,1.1857742,40466.75,14156.382,59936.15,4335.9253,8677.931,9.332898,3.31018e+07,0.031074833124876022,0.036320410668849945,2.0014021,23143.654,8851.3955,35559.25,2054.5688,4001.7231,11.2644825,1.893151e+07,0.027943115681409836,0.03363783285021782,1.9477192,12990.688,5197.0645,21745.6,1752.4861,1870.2191,7.4127197,1.0626383e+07,0.02927292138338089,0.02152777835726738,1.0671806,8269.608,3444.4426,14004.65,959.2939,1047.6637,8.620516,6.76454e+06,0.012561304494738579,0.027620336040854454,1.0921197
TC-S-7004,1429.0,144.36753236814712,0.7429956585631358,0.9707880434782609,0.7060276679841897,0.8615947148553414,52.21390479467603,34.94656993940794,1.4941067144846274,9853.162,2514.728,14007.431,786.9088,612.258,12.521352,1.4080168e+07,0.03906905651092529,0.015921050682663918,0.7780546,7487.0195,1548.3486,10497.8,4665.617,3537.4202,1.6047223,1.0698951e+07,0.02907053381204605,0.019707784056663513,0.75818914,3562.9993,732.87305,4934.2,2662.0593,2557.8115,1.3384372,5.091526e+06,0.026980290189385414,0.029608136042952538,0.9608394,4645.086,739.4935,5914.0,1942.2754,1454.11,2.3915691,6.637828e+06,0.02584618143737316,0.024929163977503777,0.7486631,1193.7242,187.50032,1466.2,982.093,724.69714,1.21549,1.705832e+06,0.02322714775800705,0.029578249901533127,0.7379109
TC-S-7004,933.0,123.1543289325507,0.8435864453754907,0.9628482972136223,0.7243788819875776,0.773022515423588,47.258791108301786,25.377658808677122,1.8622202885060095,6115.538,787.5028,7415.23,1489.6451,1457.3291,4.1053658,5.705797e+06,0.018900711089372635,0.019974250346422195,0.97830623,6411.278,1597.2565,9818.0,6947.08,2871.5134,0.92287374,5.981722e+06,0.03822619467973709,0.02576332911849022,0.41334105,2888.9067,501.1354,3840.6,3927.6213,1912.5929,0.735536,2.69535e+06,0.025531258434057236,0.03171376883983612,0.4869596,3360.7493,426.31958,3874.2,3074.8276,1741.7021,1.0929879,3.135579e+06,0.017837267369031906,0.03511912748217583,0.566439,847.35156,130.9047,1074.0,1070.7927,466.26956,0.79133105,790579.0,0.022899288684129715,0.03698096424341202,0.43544334
TC-S-7004,1396.0,147.63961030678928,0.8475428146320584,0.9741800418702024,0.7554112554112554,0.8048028430228603,57.9400136948583,30.75033122228996,1.8842077919752416,10526.193,2679.5854,14657.78,744.7578,521.3033,14.133714,1.4694566e+07,0.03427064046263695,0.016376378014683723,0.6999635,7431.3403,1519.4558,10455.0,4546.7134,2727.923,1.6344422,1.0374151e+07,0.02939685992896557,0.018255287781357765,0.5999769,3650.0337,782.0699,5075.5,2509.57,1801.9506,1.4544458,5.095447e+06,0.02580750733613968,0.028134163469076157,0.7180316,5181.7163,1017.2404,7275.0,2519.2415,1357.9696,2.0568557,7.233676e+06,0.03307068347930908,0.030319828540086746,0.5390391,893.6304,144.9078,1138.25,744.3087,314.93207,1.2006179,1.247508e+06,0.019942816346883774,0.02846371755003929,0.42312023
TC-S-7004,1226.0,136.22539674441617,0.543827921580961,0.9503875968992248,0.7297619047619047,0.8302027571475772,43.99555750201342,36.920929040468884,1.1916156674657363,10727.272,2820.8494,14568.53,772.3699,547.24963,13.888777,1.3151636e+07,0.04034872725605965,0.019112462177872658,0.7085331,10632.349,3195.72,17554.5,6494.0864,3065.9216,1.6372355,1.3035259e+07,0.0264560766518116,0.017150385305285454,0.47210976,5879.954,2066.812,10433.0,3852.9573,2160.9534,1.5260886,7.208824e+06,0.030006445944309235,0.028789980337023735,0.5608558,8182.9014,3657.405,16900.0,3076.88,1726.4524,2.6594803,1.0032237e+07,0.01908542402088642,0.019272444769740105,0.5611049,1038.2683,218.98888,1478.5,762.1815,307.34744,1.3622323,1.272917e+06,0.021593913435935974,0.02670494094491005,0.40324703
TC-S-7004,888.0,124.22539674441617,0.8976667755071502,0.9579288025889967,0.6379310344827587,0.7231061328416594,50.78828671498344,22.3811227463587,2.2692466008322327,7748.3984,1178.2422,9450.431,949.5851,849.2769,8.159773,6.880578e+06,0.028571218252182007,0.013709335587918758,0.8943663,8109.869,2127.322,11811.15,5195.4243,2929.523,1.5609637,7.201564e+06,0.03674282878637314,0.020792396739125252,0.56386596,3705.0225,858.3308,5162.65,2572.8274,1925.9763,1.4400587,3.29006e+06,0.02610592171549797,0.025715023279190063,0.74858356,4189.6147,928.8004,5996.2,2171.9326,681.4403,1.9289801,3.720378e+06,0.031200263649225235,0.018735475838184357,0.31374836,1153.4899,255.76268,1616.25,821.1958,480.881,1.4046465,1.024299e+06,0.03151398524641991,0.029889563098549843,0.5855863
TC-S-7004,1007.0,134.42640687119288,0.9178764920680857,0.9617956064947469,0.7770061728395061,0.7002774696363658,57.207667255681145,22.70378696365535,2.519741193275829,11967.619,4061.568,18200.83,665.0876,498.01718,17.99405,1.2051392e+07,0.04628145694732666,0.017707670107483864,0.7487994,8856.507,1865.5516,12677.4,3624.701,2781.295,2.4433758,8.918502e+06,0.035686004906892776,0.01837504841387272,0.76731706,4354.57,1214.8079,7193.1,1917.294,1699.9695,2.2712061,4.385052e+06,0.04378974810242653,0.028247617185115814,0.88665044,5434.245,2183.2466,10421.9,2089.4658,1643.3796,2.600782,5.472285e+06,0.025409817695617676,0.02420439012348652,0.78650707,1029.0735,137.20784,1310.3,683.9638,355.81445,1.504573,1.036277e+06,0.024164767935872078,0.023411603644490242,0.5202241
TC-S-7004,810.0,108.08326112068524,0.7531328213590195,0.9665871121718377,0.7988165680473372,0.8713206427046262,39.6755546211092,26.10129730671293,1.5200606374038403,8074.8247,1478.7676,10105.78,784.3981,791.45355,10.294294,6.540608e+06,0.03316480293869972,0.014203249476850033,1.0089948,7945.227,2061.014,12540.75,4996.3965,2707.6106,1.5901915,6.435634e+06,0.028650246560573578,0.018534692004323006,0.5419127,4354.727,1398.5315,7815.4,2943.3293,2111.2766,1.4795243,3.527329e+06,0.0328870564699173,0.02795715630054474,0.717309,5128.1494,1744.9512,9177.25,2152.371,1052.8336,2.382558,4.153801e+06,0.0238735880702734,0.021230097860097885,0.4891506,893.7074,191.95271,1247.55,744.7885,445.4239,1.1999478,723903.0,0.02596568502485752,0.03465213626623154,0.5980542
TC-S-7004,1250.0,139.53910524340097,0.8146373877794645,0.9682416731216111,0.6756756756756757,0.8067296320051035,52.55012506546979,30.477528903824908,1.7242252556398951,8745.957,2028.6721,12538.83,677.53296,830.83777,12.908534,1.0932446e+07,0.030155427753925323,0.012430548667907715,1.2262691,9149.949,3373.472,15656.65,3755.8823,2913.0073,2.436165,1.1437436e+07,0.029866846278309822,0.017496632412075996,0.77558535,5234.784,2247.794,9478.3,2083.6018,1875.0603,2.5123727,6.54348e+06,0.03183594346046448,0.022284753620624542,0.89991295,5779.1304,1988.5225,9585.6,1586.5125,1332.0787,3.642663,7.223913e+06,0.02681002765893936,0.020247414708137512,0.839627,1123.7672,387.94632,1838.1,636.29236,409.03992,1.7661177,1.404709e+06,0.028923751786351204,0.026477210223674774,0.642849
TC-S-7004,810.0,106.32590180780451,0.732347583332281,0.9782608695652174,0.7444852941176471,0.9003611207986557,38.980901774964615,26.543304152500063,1.4685775949748545,8331.527,1575.6708,11172.88,906.89813,712.3351,9.186839,6.748537e+06,0.030391912907361984,0.012682654894888401,0.78546315,7942.886,1778.9799,11627.3,5452.697,1650.1453,1.4566895,6.433738e+06,0.03207779675722122,0.017674321308732033,0.3026292,3524.326,698.86957,4868.65,2636.1357,1002.82886,1.3369288,2.854704e+06,0.02227948047220707,0.02141212485730648,0.38041624,5019.8135,978.52704,6968.5,2770.8625,1357.7092,1.8116429,4.066049e+06,0.02986731380224228,0.023134367540478706,0.48999515,926.5247,151.86786,1179.55,720.0509,214.9875,1.2867489,750485.0,0.016285549849271774,0.021345119923353195,0.29857266
TC-S-7004,1783.0,167.29646455628165,0.8473019746495657,0.9764512595837898,0.7837362637362637,0.8005485602491212,65.5514160895251,34.81510712023031,1.882844015477252,7342.359,1106.8176,9267.03,930.9313,958.9506,7.8871117,1.3091426e+07,0.020695684477686882,0.01190903689712286,1.0300982,6368.0273,1157.8466,8677.3,5125.7676,2282.2637,1.2423558,1.1354193e+07,0.027841081842780113,0.01903608627617359,0.44525304,2949.0942,461.6027,3830.9,3019.8247,1550.4521,0.97657794,5.258235e+06,0.023451633751392365,0.02983940951526165,0.5134246,4393.0234,402.203,5090.3,3019.2349,1847.3503,1.4550122,7.832761e+06,0.014696059748530388,0.03723444417119026,0.61186045,845.5519,99.63299,1034.0,829.1264,326.6557,1.0198106,1.507619e+06,0.0187360942363739,0.031191492453217506,0.39397576
TC-S-7004,1316.0,138.46803743153546,0.763804786788467,0.9733727810650887,0.7589388696655133,0.8625150458207326,50.97189958725085,32.899676172793605,1.5493131093309083,11263.631,3389.4385,16845.03,713.3502,499.64676,15.7897625,1.4822938e+07,0.039345983415842056,0.01637137122452259,0.7004228,7843.869,1282.7664,10491.0,4343.095,3023.8162,1.8060551,1.0322532e+07,0.0311407670378685,0.018771518021821976,0.6962353,3997.608,958.1579,5789.0,2403.1902,1911.8458,1.6634588,5.260852e+06,0.029564648866653442,0.028295842930674553,0.795545,4859.4756,964.7053,7177.0,2158.449,1095.1621,2.2513738,6.39507e+06,0.037504009902477264,0.022909395396709442,0.5073838,860.12915,139.5122,1150.25,635.58923,282.42126,1.3532784,1.13193e+06,0.022959038615226746,0.024695297703146935,0.44434556
TC-S-7004,868.0,121.88225099390856,0.8495357970451722,0.9253731343283582,0.5880758807588076,0.7342579481284169,46.746472582182456,24.660212257067908,1.895623285593755,8311.526,1823.0193,11128.681,918.23346,721.60004,9.051648,7.2144045e+06,0.033221371471881866,0.012560350820422173,0.78585684,9839.436,2539.4883,14639.6,5856.8003,3125.9304,1.6800019,8.54063e+06,0.026722459122538567,0.01754307560622692,0.53372663,4612.0728,1136.609,6475.15,2823.648,1596.4266,1.6333739,4.003279e+06,0.02740519307553768,0.022854382172226906,0.56537735,5455.0474,1521.4912,7984.75,2444.88,1290.3121,2.2312129,4.734981e+06,0.026309192180633545,0.016730396077036858,0.5277609,1212.8214,205.06293,1507.65,864.46893,414.00864,1.402967,1.052729e+06,0.02194555662572384,0.02814616821706295,0.47891673
TC-S-7004,1625.0,156.36753236814712,0.5894890082229486,0.9480746791131855,0.7222222222222222,0.8351607277928251,51.133673066110184,41.304574246436694,1.2379663511607661,7433.931,1154.6559,9339.63,805.367,955.5302,9.230489,1.2080138e+07,0.022099314257502556,0.011560413055121899,1.1864531,5086.5586,967.3332,6984.4,3878.9272,1895.3833,1.3113313,8.265658e+06,0.021288640797138214,0.011043672449886799,0.48863596,2374.87,509.52606,3506.8,2332.8647,1255.3065,1.018006,3.859164e+06,0.01870293915271759,0.020739508792757988,0.53809655,3327.8567,528.7618,4111.2,2078.4446,1320.1812,1.6011285,5.407767e+06,0.020512336865067482,0.02864542230963707,0.63517743,675.51324,105.95217,848.0,677.5098,304.96384,0.9970531,1.097709e+06,0.0196803268045187,0.030649948865175247,0.4501246
TC-S-7004,748.0,104.08326112068524,0.7742716441571376,0.9639175257731959,0.757085020242915,0.867660206493902,38.96667925126766,24.66019530194891,1.5801447950490521,8915.74,1924.1997,11686.33,748.03143,647.75183,11.918938,6.668974e+06,0.03399154543876648,0.012092335149645805,0.865942,6746.4,1037.5575,8628.55,3859.9924,2532.7275,1.7477754,5.046307e+06,0.0221861619502306,0.014089437201619148,0.6561483,2977.2285,518.08813,4031.2,1792.6492,1371.3822,1.6607982,2.226967e+06,0.017134541645646095,0.019172251224517822,0.76500314,3775.1377,668.3097,5115.35,1843.3275,1233.1401,2.0480015,2.823803e+06,0.017546655610203743,0.018399842083454132,0.66897506,884.56415,177.44118,1102.6,606.4088,375.4341,1.4586928,661654.0,0.025643233209848404,0.02455160766839981,0.6191106
TC-S-7004,768.0,111.63961030678928,0.873047554506815,0.9636135508155583,0.6124401913875598,0.7743449320970994,44.924336291937564,21.906682152293385,2.0507138406275955,6970.239,1176.3115,9127.73,839.3943,898.2811,8.303891,5.3531435e+06,0.030407564714550972,0.011257397010922432,1.070154,5608.4478,915.57184,7365.35,4202.8403,2452.692,1.3344423,4.307288e+06,0.024861542508006096,0.013655115850269794,0.5835796,2361.9778,431.02798,3163.3,2005.3093,1223.3466,1.177862,1.813999e+06,0.015864476561546326,0.01437407173216343,0.6100538,3825.2551,680.09906,4881.1,2477.787,2368.2058,1.5438191,2.937796e+06,0.01710801012814045,0.0207673329859972,0.95577455,859.4089,158.7389,1117.95,734.8387,444.67413,1.1695205,660026.0,0.022878145799040794,0.03290855139493942,0.6051316
TC-S-7004,1214.0,131.88225099390854,0.66320299661988,0.9719775820656525,0.7221891731112433,0.877113606992761,45.7463372072819,34.238368805852794,1.3361132204248556,7903.8384,1167.0637,9652.73,597.5205,858.9459,13.227727,9.59526e+06,0.024362612515687943,0.012101948261260986,1.437517,5431.7207,1240.438,8122.35,3125.5635,2172.9456,1.7378373,6.594109e+06,0.02042156271636486,0.012802787125110626,0.6952172,2764.2256,717.4449,4446.0,1727.8627,1359.315,1.5997947,3.35577e+06,0.01948748528957367,0.0183159951120615,0.7867031,3054.495,883.6522,5392.2,1237.6945,851.9274,2.467891,3.708157e+06,0.020340537652373314,0.01719805970788002,0.6883181,581.9753,121.46757,758.35,466.69748,320.2799,1.2470076,706518.0,0.01760677434504032,0.025024645030498505,0.68626875
TC-S-7004,1152.0,137.1543289325507,0.8763263678754196,0.9664429530201343,0.7495120364346128,0.7695614494745512,55.28057562849875,26.629640609878788,2.0759039312003083,8131.0684,1614.346,11125.88,721.0031,868.51013,11.277438,9.366991e+06,0.02548401989042759,0.011507295072078705,1.2045858,5430.724,967.29144,7172.5,3209.7473,2281.733,1.6919476,6.256194e+06,0.01859513856470585,0.01291325781494379,0.71087617,2712.4895,519.9772,3781.7,1780.909,1434.4854,1.5230926,3.124788e+06,0.019204914569854736,0.021931547671556473,0.8054793,3290.7188,535.2499,4312.0,1720.6644,1268.0361,1.9124697,3.790908e+06,0.018666759133338928,0.022375555709004402,0.7369456,700.67535,95.24463,862.0,564.2659,278.89832,1.2417467,807178.0,0.016625799238681793,0.025187551975250244,0.49426752
TC-S-7004,314.0,78.66904755831213,0.9388580553488672,0.9075144508670521,0.48307692307692307,0.6375756578155439,34.541223438526856,11.892696818782735,2.9044062894106712,5140.3267,453.45972,5875.4297,1382.6375,1652.909,3.717769,1.6140625e+06,0.01255116518586874,0.012096305377781391,1.1954753,3903.9778,739.1698,5514.75,2984.4333,1451.4265,1.3081136,1.225849e+06,0.015604164451360703,0.012269801460206509,0.48633236,1723.0223,274.82156,2310.8,1617.8258,871.8597,1.0650234,541029.0,0.008307031355798244,0.014895747415721416,0.53890824,2469.8152,391.30475,3280.8,1628.0779,890.5104,1.517013,775522.0,0.013843007385730743,0.020075779408216476,0.54697037,436.07007,59.7055,554.35,402.29614,307.02478,1.0839529,136926.0,0.011283516883850098,0.025918828323483467,0.76318103
TC-S-7004,570.0,88.91168824543142,0.611935939087722,0.9628378378378378,0.7037037037037037,0.9060809640752463,30.358446325759417,24.010717761098444,1.2643706293089414,7499.214,1233.5701,9347.181,650.5595,960.557,11.527329,4.274552e+06,0.028645740821957588,0.01332142110913992,1.4765091,4606.8843,507.54996,5600.2,3043.0364,2308.1902,1.5139104,2.625924e+06,0.01475878618657589,0.015693331137299538,0.7585155,2153.1106,354.62332,2865.8,1527.2272,1387.7118,1.4098169,1.227273e+06,0.017825277522206306,0.01840425282716751,0.9086479,2759.4753,248.1964,3196.3,1546.0482,1276.0642,1.7848573,1.572901e+06,0.011429236270487309,0.0206520464271307,0.82537156,550.2965,95.89489,718.55,446.6061,313.57025,1.2321742,313669.0,0.021319132298231125,0.028476737439632416,0.70211816
TC-S-7004,579.0,88.18376618407356,0.5647489300903544,0.973109243697479,0.7986206896551724,0.9356450880338292,29.929091315053725,24.699364918544724,1.211735257718405,7184.2153,1190.8992,9136.63,708.99884,1015.3633,10.132901,4.1596608e+06,0.028523867949843407,0.013234821148216724,1.4321085,4857.309,942.96423,6780.2,3634.6985,2359.6992,1.3363719,2.812382e+06,0.014936779625713825,0.01229089591652155,0.64921457,2210.2192,396.4976,2899.9,1985.5093,1537.4794,1.1131749,1.279717e+06,0.013722145929932594,0.015851685777306557,0.7743501,3072.081,405.61154,3444.0,1748.2925,1286.3069,1.7571894,1.778735e+06,0.014027703553438187,0.021040745079517365,0.7357504,570.4698,105.54005,755.3,503.83344,340.26956,1.1322587,330302.0,0.015005120076239109,0.023450840264558792,0.6753612
TC-S-7004,475.0,82.66904755831213,0.717098657393279,0.9576612903225806,0.6884057971014492,0.8734088847530874,29.596829194513038,20.628151614406526,1.4347785370087576,5616.6406,723.2362,7043.03,1012.44446,1381.9797,5.5476036,2.6679042e+06,0.016526026651263237,0.011218967847526073,1.3649931,3815.198,510.9459,4713.8,3113.868,1431.2028,1.225228,1.812219e+06,0.012486585415899754,0.012457779608666897,0.45962217,1731.8274,201.82997,2090.3,1541.6149,943.90234,1.1233852,822618.0,0.008482499048113823,0.01479476597160101,0.61228156,2252.9873,300.86258,2857.4,1665.2028,1355.2734,1.3529807,1.070169e+06,0.014425992034375668,0.02036471664905548,0.81387895,422.08,67.46669,536.6,391.9392,205.95586,1.0769017,200488.0,0.01085923332720995,0.023401685059070587,0.5254791
TC-S-7004,438.0,76.76955262170046,0.5887460428200257,0.9668874172185431,0.7657342657342657,0.9339119984468343,26.321699877664425,21.276305559164523,1.2371367672112914,6063.895,807.02966,7603.9297,774.2408,1254.9169,7.832053,2.655986e+06,0.01796768046915531,0.012639815919101238,1.6208354,4430.215,640.8441,5758.65,3349.65,1981.1052,1.3225905,1.940434e+06,0.017650796100497246,0.015021080151200294,0.5914365,1963.3904,281.41583,2421.9,1683.0701,1167.3342,1.166553,859965.0,0.01612815633416176,0.018101921305060387,0.69357437,2582.267,285.6811,3090.6,1635.6024,1317.1761,1.5787865,1.131033e+06,0.01252078264951706,0.019948314875364304,0.8053156,489.60275,74.50256,628.15,450.7311,324.21945,1.0862414,214446.0,0.016552872955799103,0.03125030919909477,0.719319
aloxistatin,483.0,86.91168824543142,0.8304885007678513,0.9526627218934911,0.6232258064516129,0.80352727404515,33.53069645980095,18.677797352208348,1.7952168463716889,5208.3086,641.0973,6368.4,1146.4177,1576.5299,4.543116,2.515613e+06,0.009690205566585064,0.008590496145188808,1.3751793,3990.4866,788.8238,5673.1,3644.7966,1927.6516,1.0948448,1.927405e+06,0.011863603256642818,0.008510207757353783,0.5288777,1571.0435,221.83607,2003.8,2005.9933,1459.1553,0.7831748,758814.0,0.007067575119435787,0.007915097288787365,0.72739786,2091.269,187.1387,2381.6,1524.808,978.4644,1.3714967,1.010083e+06,0.00795826967805624,0.011916683986783028,0.6416968,237.45755,81.3417,371.9,315.43582,377.48383,0.75279194,114692.0,0.005298321135342121,0.007763464469462633,1.1967056
aloxistatin,1145.0,130.8111831820431,0.8187291569031052,0.976962457337884,0.7633333333333333,0.8408636971940019,50.45044199760422,28.967630183661083,1.7416144046902504,8584.622,1546.1508,10880.6,670.6655,852.7828,12.800154,9.829392e+06,0.020173415541648865,0.011123851872980595,1.2715471,6420.506,1416.9816,9437.2,4634.836,2179.2932,1.3852714,7.351479e+06,0.014539691619575024,0.012030858546495438,0.47019857,3118.608,686.5234,4225.6,2567.1663,1636.7603,1.2148056,3.570806e+06,0.010491956025362015,0.014926199801266193,0.6375747,4134.4604,1041.3679,6379.2,2347.2256,1228.3276,1.7614244,4.733957e+06,0.020145412534475327,0.021714558824896812,0.5233104,1026.262,1689.8602,2133.2,1899.9725,3185.184,0.5401457,1.17507e+06,0.03968669846653938,0.06916073709726334,1.6764369
aloxistatin,1233.0,131.74011537017762,0.7017378410685838,0.974703557312253,0.8122529644268774,0.8927643954723422,47.027599578851934,33.504120222945865,1.403636306994991,8287.563,1744.7712,11524.2,622.19763,778.9562,13.319825,1.0218566e+07,0.026904771104454994,0.010446594096720219,1.2519433,6743.2163,1691.1631,10138.4,4834.6826,3154.5095,1.3947588,8.314386e+06,0.0190828125923872,0.012171220034360886,0.652475,3346.3472,1459.7855,5479.8,2728.3474,2543.8792,1.2265106,4.126046e+06,0.018247408792376518,0.013419666327536106,0.9323883,3595.8743,781.3784,4611.8,2115.9736,1204.739,1.6993947,4.433713e+06,0.016118017956614494,0.01808801293373108,0.5693545,678.9554,186.06487,1033.8,529.5458,341.76483,1.2821467,837152.0,0.006877525709569454,0.006548192817717791,0.6453924
aloxistatin,591.0,97.94112549695429,0.8795018160908441,0.964110929853181,0.8185595567867036,0.774224952404065,40.30366858166043,19.18033572141507,2.1013015187560513,5766.4214,731.19794,7101.0,739.57874,1258.3912,7.7969,3.407955e+06,0.01214138325303793,0.008658320643007755,1.7014973,4157.188,817.2419,5785.0,3095.0562,1580.4095,1.3431704,2.456898e+06,0.012203903868794441,0.008296833373606205,0.5106239,1757.0491,330.55362,2315.5,1527.1967,1035.4303,1.1505061,1.038416e+06,0.006366800516843796,0.008924080990254879,0.6779941,2154.6414,393.4888,3104.0,1196.7965,646.3268,1.8003407,1.273393e+06,0.00659935874864459,0.009120484814047813,0.54004735,343.55667,52.74637,444.5,359.88034,262.3732,0.9546414,203042.0,0.004125512670725584,0.00829413440078497,0.7290568
aloxistatin,589.0,92.66904755831214,0.6108493317712436,0.9515347334410339,0.7003567181926278,0.8618977757958889,31.220337271431163,24.718604072882744,1.2630299502098934,9184.241,2408.8538,12906.2,570.39185,743.691,16.101635,5.409518e+06,0.027859821915626526,0.009285114705562592,1.3038247,8073.83,2816.2827,13014.2,3825.6313,2646.608,2.110457,4.755486e+06,0.01926080510020256,0.011230588890612125,0.6918095,3617.0237,1423.5104,6512.6,1655.4641,1824.7678,2.1849,2.130427e+06,0.01306934840977192,0.01283792220056057,1.1022696,4315.0967,1443.0632,7301.6,1758.7688,1094.4155,2.4534757,2.541592e+06,0.019973725080490112,0.014021066948771477,0.6222623,707.18677,216.75696,1103.6,431.46863,436.02545,1.6390225,416533.0,0.007337672635912895,0.010142773389816284,1.0105612
aloxistatin,275.0,64.04163056034261,0.7121396186823814,0.935374149659864,0.7352941176470589,0.8425929013613525,22.605584169735195,15.869976041306087,1.4244245933892898,6818.058,965.60504,8502.9,739.577,1036.6204,9.218862,1.874966e+06,0.018390029668807983,0.010230893269181252,1.4016395,4968.578,1153.3079,7434.8,3995.0146,1351.2086,1.2436945,1.366359e+06,0.014416253194212914,0.010156177915632725,0.3382237,2477.9236,615.2435,3872.7,2017.2169,1183.0026,1.2283872,681429.0,0.009935266338288784,0.012484323233366013,0.58645284,3208.5417,1417.0101,6363.6,1890.4062,1177.1442,1.6972764,882349.0,0.025523167103528976,0.015422660857439041,0.6226938,429.13092,98.960434,596.9,427.99017,461.39206,1.0026654,118011.0,0.005228924565017223,0.021554259583353996,1.0780436
aloxistatin,366.0,75.59797974644667,0.8150966776715693,0.9457364341085271,0.6398601398601399,0.8047677605281108,28.479739187209358,16.49902368604105,1.7261469362762694,7273.44,1035.3413,8729.0,753.62177,967.5697,9.651314,2.662079e+06,0.020817900076508522,0.01187002845108509,1.283893,5637.2676,840.0131,7237.25,4748.7603,1266.0808,1.187103,2.06324e+06,0.015452170744538307,0.011509913951158524,0.26661292,2804.4836,331.072,3390.75,2351.2568,1218.9375,1.1927594,1.026441e+06,0.011163135059177876,0.013228640891611576,0.51841956,3553.3306,667.67255,4759.5,2062.7336,858.13947,1.7226318,1.300519e+06,0.01689227484166622,0.013675553724169731,0.41602048,482.29236,82.71083,608.75,564.37634,314.3858,0.85455805,176519.0,0.005338985472917557,0.014883027411997318,0.55704993
aloxistatin,774.0,104.66904755831214,0.5801242641331995,0.9699248120300752,0.7565982404692082,0.8877982407670486,35.211331015640845,28.680614497355535,1.2277049021696333,6063.434,1350.8414,7838.75,1227.0624,1304.176,4.941423,4.693098e+06,0.01950712874531746,0.015624533407390118,1.0628442,6305.77,1888.5945,11084.0,6345.47,1697.4531,0.99374354,4.880666e+06,0.01884261518716812,0.015595301985740662,0.26750627,3403.9277,1490.5282,7244.0,3426.3079,1417.8236,0.99346817,2.63464e+06,0.018384674564003944,0.01939270831644535,0.4138051,4298.8257,1643.2588,8559.1,2786.792,901.8292,1.5425714,3.327291e+06,0.023923534899950027,0.016691427677869797,0.32360837,628.6977,401.50427,1275.75,738.78815,461.48648,0.8509851,486612.0,0.02230893261730671,0.026375310495495796,0.62465334
aloxistatin,916.0,123.29646455628165,0.880741504345682,0.960167714884696,0.6122994652406417,0.7571886411696906,49.800617140999734,23.585437813977563,2.111498524377026,8252.309,1607.3024,10605.25,710.23694,794.94073,11.619092,7.559115e+06,0.023011326789855957,0.012479875236749649,1.1192613,6458.235,1624.4098,9499.75,5701.7515,2152.2043,1.1326756,5.915743e+06,0.017470194026827812,0.013787535019218922,0.37746373,3120.607,996.86646,5153.5,3033.0984,1716.0162,1.0288512,2.858476e+06,0.0137037867680192,0.014390207827091217,0.5657635,3782.4214,1034.1622,5808.5,2472.4348,1225.7878,1.5298367,3.464698e+06,0.016840485855937004,0.016207639127969742,0.49578166,568.19867,254.81071,1042.75,527.5,342.7225,1.0771539,520470.0,0.01212199218571186,0.011576374061405659,0.6497109
aloxistatin,773.0,109.39696961966999,0.6231206043330333,0.95079950799508,0.6528716216216216,0.8116686540250673,36.35369554422164,28.43316194225681,1.2785667530769234,5902.902,780.8128,7272.8,885.69354,1208.8651,6.664723,4.562943e+06,0.0125992177054286,0.00847042165696621,1.3648797,5092.427,1140.244,7494.0,4614.5024,2496.2002,1.1035701,3.936446e+06,0.01577186770737171,0.01440806407481432,0.5409468,2472.3027,604.83636,3647.8,2626.0647,1955.5763,0.94144773,1.91109e+06,0.008469229564070702,0.015194605104625225,0.7446794,2763.656,349.28812,3357.8,1906.0498,1100.9329,1.449939,2.136306e+06,0.006240726914256811,0.014375430531799793,0.5775992,478.0776,91.7143,624.6,471.8916,318.91022,1.013109,369554.0,0.0036974791437387466,0.00862110685557127,0.6758124
aloxistatin,676.0,104.5685424949238,0.8344791654478424,0.9272976680384087,0.6230414746543779,0.7768809111584454,40.17878940943369,22.14009973049953,1.8147519613059653,8333.834,1782.7708,11255.0,635.5044,765.75586,13.113731,5.633672e+06,0.027133436873555183,0.009340816177427769,1.2049576,7963.6714,2358.863,12204.0,4348.0425,4277.087,1.8315532,5.383442e+06,0.022125134244561195,0.012456441298127174,0.983681,4234.549,2056.7532,9160.5,2164.7512,2961.8936,1.9561365,2.862555e+06,0.020409708842635155,0.01357423048466444,1.3682374,4499.0635,1314.552,6898.5,2047.354,1570.137,2.1975014,3.041367e+06,0.018850363790988922,0.014896729961037636,0.7669103,919.5355,413.00165,1937.25,581.781,602.7886,1.5805527,621606.0,0.010219558142125607,0.011316568590700626,1.0361091
aloxistatin,901.0,112.22539674441617,0.6776410157397414,0.9709051724137931,0.7150793650793651,0.8989848153413826,39.51847173677158,29.061601825658588,1.3598173966405591,7633.5674,1173.5624,9322.0,637.9847,988.7647,11.965126,6.877844e+06,0.015361619181931019,0.008358183316886425,1.5498252,5452.6113,768.1521,6948.0,4594.752,1954.7931,1.1867042,4.912803e+06,0.011808552779257298,0.010538307018578053,0.4254404,2568.6216,329.97766,3211.0,2496.814,1731.8381,1.0287597,2.314328e+06,0.010182864032685757,0.013638577423989773,0.6936192,2170.142,251.47122,2591.0,1503.6168,1026.6522,1.4432813,1.955298e+06,0.007517854683101177,0.018546773120760918,0.6827885,433.87125,170.22112,769.0,416.4185,336.64978,1.0419116,390918.0,0.010562494397163391,0.015546033158898354,0.808441
aloxistatin,855.0,111.39696961967,0.7306570458668403,0.9650112866817155,0.7190916736753574,0.8658232132973758,40.08124685858793,27.36525756900517,1.4646763969795529,5588.0,641.8389,6642.6,777.68243,1328.8242,7.1854525,4.77774e+06,0.009293630719184875,0.008240570314228535,1.7086978,4337.3145,755.2223,5762.9,3831.853,1828.4258,1.1319104,3.708404e+06,0.00884121935814619,0.00944571103900671,0.4771649,1977.6796,250.54794,2377.9,2167.5823,1254.113,0.91238964,1.690916e+06,0.007596831303089857,0.011606975458562374,0.5785769,2091.4,178.62889,2418.6,1514.4586,1188.8097,1.3809555,1.788147e+06,0.004605000372976065,0.01589057967066765,0.7849734,281.22806,95.5327,403.3,348.1876,339.2532,0.8076912,240450.0,0.005907599348574877,0.00978498812764883,0.9743403
aloxistatin,1088.0,126.5685424949238,0.7995784676918748,0.9740376007162042,0.7716312056737589,0.8534679196468318,48.13005277210385,28.90506304799348,1.6651080363391535,9731.228,2165.3389,12663.55,700.60925,615.34045,13.889665,1.0587576e+07,0.02346784807741642,0.012114902026951313,0.87829334,7721.7793,2994.0044,14188.8,5582.3887,4372.021,1.3832393,8.401296e+06,0.02506096102297306,0.01185282226651907,0.7831811,3681.0645,1895.3448,7036.85,3093.4265,3501.132,1.1899635,4.004998e+06,0.015796326100826263,0.011544809676706791,1.1317974,4218.068,1077.9941,5862.6,2428.4827,1829.1333,1.736915,4.589258e+06,0.016023309901356697,0.016931772232055664,0.75320005,797.4531,270.57935,1321.25,716.5314,817.073,1.1129354,867629.0,0.007223452441394329,0.024509666487574577,1.1403171
aloxistatin,715.0,99.59797974644665,0.5830437546584593,0.975443383356071,0.8275462962962963,0.9057635659187817,33.777045199442824,27.44184809869833,1.2308589814344537,7468.7803,1561.743,9965.8,783.68475,951.2144,9.530337,5.340178e+06,0.01979498565196991,0.008731706067919731,1.2137717,7639.9946,2799.5654,14420.8,4777.2715,3481.849,1.5992382,5.462596e+06,0.01988964155316353,0.012138147838413715,0.72883636,3735.3538,1888.116,7689.5,2524.0833,2822.748,1.4798853,2.670778e+06,0.016217773780226707,0.012570464983582497,1.1183261,4313.8296,1438.5049,7068.5,2092.737,1554.1669,2.061334,3.084388e+06,0.01663673296570778,0.013622717000544071,0.74264795,932.7678,439.6761,1989.3,648.70374,669.53534,1.4378949,666929.0,0.010854486376047134,0.010423865169286728,1.0321127
aloxistatin,1113.0,142.3259018078045,0.9214784223509951,0.9678260869565217,0.7380636604774535,0.6904577994688101,60.49940131130058,23.499755369001743,2.574469408779661,7672.3003,1009.301,9086.6,781.318,820.9196,9.81969,8.53927e+06,0.019868332892656326,0.0108191454783082,1.0506856,6219.738,978.1539,8110.0,5531.509,2437.283,1.1244198,6.922568e+06,0.013995988294482231,0.013964418321847916,0.4406181,3145.0315,514.5106,4108.0,3246.6462,1944.5317,0.9687016,3.50042e+06,0.011230271309614182,0.01732923462986946,0.59893554,3788.185,476.18036,4623.6,2593.594,1225.8129,1.460593,4.21625e+06,0.015472069382667542,0.023238269612193108,0.47263098,803.79785,638.9186,1140.0,2049.245,3806.8142,0.39224094,894627.0,0.028225602582097054,0.05342254042625427,1.8576666
aloxistatin,1061.0,120.46803743153546,0.5826461318411047,0.9742883379247016,0.7347645429362881,0.9187166294087294,40.843033702405194,33.19419374978841,1.2304270442678107,9032.034,1916.9686,11751.0,596.901,746.09735,15.131545,9.582988e+06,0.019230036064982414,0.009637383744120598,1.2499516,5833.307,1249.1052,8143.0,4796.445,2659.105,1.216173,6.189139e+06,0.011951739899814129,0.010054593905806541,0.55439085,2821.686,827.44006,4534.0,2852.1436,2388.752,0.9893212,2.993809e+06,0.010529599152505398,0.01456944365054369,0.83752865,2811.7502,387.8165,3458.0,1923.1057,1225.444,1.4620882,2.983267e+06,0.00854252278804779,0.014675087295472622,0.63722134,601.64655,165.90572,847.0,652.92267,468.25937,0.92146677,638347.0,0.0074745481833815575,0.01033664122223854,0.7171743
aloxistatin,1051.0,119.9827560572969,0.5964160721538175,0.9767657992565055,0.76996336996337,0.9174341726835419,40.884941154295525,32.817338306061146,1.2458335521605768,9785.062,2364.0862,13121.5,669.4316,731.7087,14.61697,1.02841e+07,0.027312494814395905,0.01190833281725645,1.0930299,6793.324,1498.7429,9454.5,5439.6987,2238.9883,1.248842,7.139784e+06,0.010211882181465626,0.009185807779431343,0.4116015,3319.1484,1136.3518,5785.5,2790.1907,1614.6908,1.1895777,3.488425e+06,0.00954165868461132,0.011238995008170605,0.5787027,3276.528,672.7875,4395.5,1762.8542,842.6348,1.8586495,3.443631e+06,0.011894967406988144,0.01496936846524477,0.47799462,639.87537,147.89693,941.0,529.78424,256.72098,1.2078037,672509.0,0.006455304566770792,0.006989775225520134,0.48457646
aloxistatin,916.0,112.91168824543142,0.6919252826550044,0.973432518597237,0.7896551724137931,0.9028748084330387,40.216040938139244,29.03473949073062,1.3851008014374735,8189.1626,1384.6989,10332.5,636.9984,741.6834,12.855861,7.501273e+06,0.02076662704348564,0.009640264324843884,1.1643411,6336.5107,1072.8455,8201.0,4641.5845,2091.9915,1.3651612,5.804244e+06,0.014219500124454498,0.012544908560812473,0.45070633,3214.94,651.7921,4486.0,2478.948,1771.9115,1.2968969,2.944885e+06,0.015202922746539116,0.016056038439273834,0.71478367,3184.678,513.1122,4200.0,1801.5114,909.8249,1.7677813,2.917165e+06,0.014140735380351543,0.018878275528550148,0.5050342,441.0666,94.924904,613.0,374.87314,233.25383,1.1765757,404017.0,0.006815043743699789,0.007345887366682291,0.6222207
aloxistatin,568.0,88.66904755831213,0.6244044751174896,0.9627118644067797,0.7329032258064516,0.9078500309821249,30.56081316449293,23.871087186512437,1.2802438751830416,11925.268,4638.399,19369.1,652.9847,584.8674,18.262707,6.773552e+06,0.03526323661208153,0.011031846515834332,0.89568317,15131.768,2873.7737,20558.3,5266.201,4346.1353,2.8733745,8.594844e+06,0.02511891908943653,0.020350994542241096,0.8252885,7646.0054,1845.751,11526.3,2798.055,2669.4507,2.7326145,4.342931e+06,0.02260679006576538,0.019395435228943825,0.95403796,6162.34,1061.1511,7813.9,2677.5452,2253.2327,2.3014886,3.500209e+06,0.02679535746574402,0.028941132128238678,0.8415293,1528.4137,266.83572,2009.4,693.7312,408.387,2.2031786,868139.0,0.011097137816250324,0.009348146617412567,0.5886819
aloxistatin,675.0,97.25483399593904,0.6652981123332649,0.9656652360515021,0.7635746606334841,0.8967910040123704,34.110554029376786,25.466182618714875,1.339445119831554,6858.464,1209.6925,8998.1,939.2202,1141.439,7.3022957,4.629463e+06,0.017610814422369003,0.009991675615310669,1.215305,5382.2324,1326.0089,8014.4,4959.987,2437.1316,1.0851303,3.633007e+06,0.015202292241156101,0.011369343847036362,0.4913585,2414.0251,451.15112,3215.1,2568.905,1915.3967,0.9397098,1.629467e+06,0.009664899669587612,0.013338958844542503,0.7456082,3239.4622,341.01215,3771.3,2110.899,1395.2821,1.5346364,2.186637e+06,0.008029082790017128,0.017682353034615517,0.6609895,516.77484,93.30495,684.3,564.34265,462.23233,0.9157111,348823.0,0.00468790577724576,0.011013736948370934,0.81906325
aloxistatin,941.0,119.29646455628166,0.8275675250956718,0.974120082815735,0.6557491289198606,0.8308915475788526,46.291872835847165,25.98669195741128,1.7813684370335927,9758.846,2138.434,12688.0,656.98035,573.11273,14.854091,9.183074e+06,0.027958177030086517,0.013393877074122429,0.8723438,7340.577,1777.4015,10776.0,5480.981,1952.8945,1.3392817,6.907483e+06,0.01960824616253376,0.012425899505615234,0.35630384,3776.523,1367.3862,6991.0,2696.896,1479.8822,1.4003221,3.553708e+06,0.017173638567328453,0.013109859079122543,0.5487354,4783.0703,1219.6923,6787.0,2463.6426,1014.328,1.9414628,4.500869e+06,0.02389387972652912,0.01565208099782467,0.41171882,702.63336,274.00003,1395.0,579.3291,351.4274,1.2128397,661178.0,0.010562366805970669,0.010109372437000275,0.606611
aloxistatin,1085.0,123.9827560572969,0.7413597643866584,0.9783588818755635,0.7777777777777778,0.8869865406355498,45.38744979324861,30.459872272508882,1.4900735428957264,11938.226,3690.3416,16953.8,605.7228,498.54623,19.709059,1.2952975e+07,0.03212938830256462,0.012114818207919598,0.8230601,8567.781,2106.284,12650.8,4465.3716,3086.1035,1.9187163,9.296043e+06,0.020829014480113983,0.009445451200008392,0.6911191,4139.576,1308.2379,6749.8,2303.1812,2102.512,1.7973298,4.49144e+06,0.0195021852850914,0.01304395031183958,0.912873,5000.613,1152.1007,7246.0,2133.1428,1106.8645,2.3442466,5.425665e+06,0.02912948466837406,0.0173722542822361,0.51888907,1789.352,3717.5564,8100.0,1437.7081,2696.1492,1.2445865,1.941447e+06,0.0362250991165638,0.04450523108243942,1.8753105
aloxistatin,563.0,90.42640687119285,0.6856411202397954,0.9623931623931624,0.7567204301075269,0.8652223118181938,31.655875351152,23.043569437000574,1.3737400986291137,5773.691,792.8693,7231.6,1014.4916,1327.6517,5.691216,3.250588e+06,0.015084786340594292,0.011637996882200241,1.3086869,4657.206,1217.2946,7142.4,3766.0713,2512.453,1.2366219,2.622007e+06,0.013165352866053581,0.011809267103672028,0.6671283,2010.08,412.54285,2768.1,1936.7728,1678.0204,1.0378501,1.131675e+06,0.006211468018591404,0.011163453571498394,0.8664002,2661.0623,341.32758,3331.7,1715.6088,1325.0559,1.5510892,1.498178e+06,0.0069759320467710495,0.016771230846643448,0.7723532,543.1155,117.87782,765.0,531.28894,509.6892,1.0222601,305774.0,0.004414048511534929,0.010246719233691692,0.9593447
aloxistatin,713.0,99.25483399593904,0.4187231929358546,0.9635135135135136,0.7666666666666667,0.9094860858001411,31.869162197654646,28.940829740237522,1.101183431287243,10324.804,3352.9934,16314.2,687.36957,625.4447,15.020746,7.361585e+06,0.03305499628186226,0.010544532909989357,0.9099104,10468.421,2600.7725,15235.0,4828.1914,4264.7944,2.168187,7.463984e+06,0.025461720302700996,0.01750400848686695,0.883311,5791.014,1714.4847,9159.0,2499.074,2511.138,2.317264,4.128993e+06,0.02613823674619198,0.019325917586684227,1.0048274,6382.0,2758.3564,11910.4,2188.427,1572.8944,2.91625,4.550366e+06,0.030801665037870407,0.01947631873190403,0.7187329,1131.4193,188.60188,1471.0,659.97815,392.89188,1.7143284,806702.0,0.010352369397878647,0.008847814053297043,0.59531045
aloxistatin,976.0,122.08326112068524,0.8413734184325288,0.9692154915590864,0.7986906710310966,0.822900712164883,48.10984757274203,26.001170448655984,1.8502954575734822,7178.5645,1244.6969,9118.75,809.71735,1020.2934,8.865519,7.006279e+06,0.01526725385338068,0.008926087990403175,1.2600611,3699.257,1010.45123,5223.25,3639.7793,1502.0402,1.0163411,3.610475e+06,0.009296086616814137,0.008418670855462551,0.4126734,1696.5297,444.91873,2124.5,2000.6469,1315.2957,0.8479906,1.655813e+06,0.00799598265439272,0.011801266111433506,0.6574352,2213.335,517.9237,3117.75,2018.2242,1052.8081,1.0966744,2.160215e+06,0.011089288629591465,0.019700167700648308,0.52165073,308.55942,188.08284,547.75,384.2572,342.02255,0.8030023,301154.0,0.0065801432356238365,0.007794694509357214,0.89008754
aloxistatin,1004.0,119.63961030678928,0.7286120988839524,0.973811833171678,0.7171428571428572,0.8814417094628209,43.26773406214575,29.63522077976113,1.4600105186897987,7055.572,971.1044,8655.4,755.0725,1084.093,9.344231,7.083794e+06,0.01428929902613163,0.008937555365264416,1.4357469,5480.409,1178.2435,7938.25,4959.936,1767.7714,1.1049354,5.502331e+06,0.009818564169108868,0.00820696260780096,0.35641012,2694.6843,591.50446,3782.7,2855.3245,1583.4857,0.9437401,2.705463e+06,0.009294838644564152,0.011255611665546894,0.55457294,2396.3118,295.18704,2874.1,1622.7579,935.1753,1.4766909,2.405897e+06,0.007148534990847111,0.012784235179424286,0.5762876,425.9004,118.46559,641.6,428.25204,240.41924,0.99450874,427604.0,0.004868944175541401,0.007510609924793243,0.5613966
aloxistatin,531.0,101.01219330881975,0.9075364950584853,0.8676470588235294,0.6483516483516484,0.6539684288907373,41.76884473435608,17.541796448500488,2.381104173508214,5868.3823,779.5976,7199.5,901.0212,1243.4393,6.513035,3.116111e+06,0.017046939581632614,0.008586613461375237,1.3800334,4739.3315,909.5007,6319.5,4041.4016,2210.9016,1.172695,2.516585e+06,0.013171050697565079,0.00936061143875122,0.54706305,2162.066,353.94318,2873.0,2200.5903,1826.0283,0.9824936,1.148057e+06,0.007632764056324959,0.010366465896368027,0.82979023,2361.5593,256.69977,2731.0,1616.0759,906.5102,1.4612923,1.253988e+06,0.006676905322819948,0.011062147095799446,0.56093293,449.43503,91.34921,612.0,463.21204,396.00122,0.97025764,238650.0,0.003730506869032979,0.008346052840352058,0.8549027
aloxistatin,799.0,105.7401153701776,0.6588153430317476,0.9696601941747572,0.7364055299539171,0.898001544250478,36.82058421003532,27.700298120982733,1.3292486618454136,7761.1465,1303.1947,9906.3,791.8118,841.48096,9.801756,6.201156e+06,0.018253475427627563,0.008522815071046352,1.0627284,6820.552,1530.255,9957.2,5650.2207,2948.4492,1.2071302,5.449621e+06,0.014773198403418064,0.011603211984038353,0.521829,3455.861,725.2395,4817.3,3182.817,2624.897,1.0857869,2.761233e+06,0.013282637111842632,0.014802091754972935,0.82470876,3921.7458,882.45953,5764.4,2631.3975,1259.8029,1.4903662,3.133475e+06,0.017088506370782852,0.02273520454764366,0.4787581,719.65955,176.3587,999.1,683.3179,386.45782,1.0531842,575008.0,0.0058794752694666386,0.007408190984278917,0.5655608
aloxistatin,747.0,102.08326112068524,0.579644243400187,0.9638709677419355,0.757606490872211,0.9007855171405736,34.44335811285781,28.06684726750697,1.227190135912876,7533.4526,1365.4138,9971.0,745.8356,885.7801,10.100688,5.627489e+06,0.02376413159072399,0.009852910414338112,1.1876346,6706.0615,1527.8173,9524.9,4870.984,3172.1638,1.3767365,5.009428e+06,0.017567383125424385,0.013082091696560383,0.6512368,3205.2705,1030.9736,5178.5,2413.0654,2347.9885,1.3282982,2.394337e+06,0.01198307890444994,0.013145433738827705,0.97303146,3860.628,700.5593,5448.4,2321.1013,1283.5789,1.6632742,2.883889e+06,0.012517265975475311,0.016613345593214035,0.5530042,782.81793,273.86115,1321.6,657.398,614.135,1.1907823,584765.0,0.0072942012920975685,0.010093205608427525,0.9341906
aloxistatin,882.0,117.15432893255071,0.8158658007565318,0.9555796316359697,0.7,0.8075357683756513,44.39740427283477,25.67241253800822,1.729381849372514,6373.6836,1051.5662,8250.75,954.41907,1390.4238,6.6780767,5.621589e+06,0.013181379064917564,0.010373951867222786,1.4568274,5457.981,1157.8046,7409.55,4292.416,1449.1731,1.2715405,4.813939e+06,0.012447875924408436,0.009869156405329704,0.33761245,2706.788,619.36383,3845.85,2312.8281,1192.3698,1.1703368,2.387387e+06,0.009745814837515354,0.012171490117907524,0.5155462,2565.5305,628.63403,3886.5,1558.508,786.90405,1.6461452,2.262798e+06,0.011016187258064747,0.01176633220165968,0.50490856,349.58618,81.137054,491.95,285.77982,176.02022,1.2232711,308335.0,0.004051157273352146,0.0069799041375517845,0.6159295
aloxistatin,614.0,96.66904755831214,0.7276580596169829,0.9431643625192012,0.7156177156177156,0.8256640125092668,34.07198375711329,23.37133814460749,1.4578533563759497,5965.43,1059.739,8181.05,1119.4,1338.5852,5.3291316,3.662774e+06,0.014885539188981056,0.010086246766149998,1.1958059,5980.0767,2033.2935,9032.15,5744.7305,5766.171,1.0409673,3.671767e+06,0.024279344826936722,0.01773717813193798,1.0037322,2995.8682,1312.6304,4417.9,3630.0322,5449.2607,0.8253007,1.839463e+06,0.02366533689200878,0.020530054345726967,1.5011604,3635.3745,948.8983,5069.3,2306.888,1705.6836,1.5758783,2.23212e+06,0.017972461879253387,0.021813329309225082,0.7393873,673.2329,431.88907,1270.15,708.20996,963.131,0.950612,413365.0,0.017269546166062355,0.019292442128062248,1.3599511
aloxistatin,971.0,122.22539674441619,0.8385468652654752,0.971,0.6896306818181818,0.8167820456588026,47.72381485339367,26.001340900678382,1.8354366813500969,8026.0503,1453.1102,10030.0,803.7147,923.5444,9.986193,7.793295e+06,0.016369115561246872,0.01061290130019188,1.1490947,5439.219,928.0949,7103.5,5098.673,1741.629,1.0667912,5.281482e+06,0.011590465903282166,0.011591334827244282,0.34158477,2627.2832,654.4072,4123.0,2760.3298,1536.4364,0.95180047,2.551092e+06,0.011768919415771961,0.015107113867998123,0.5566133,3079.0256,645.3663,4486.0,2144.2788,1131.581,1.435926,2.989734e+06,0.01615208014845848,0.018526652827858925,0.52772105,548.25024,107.10058,716.0,606.93896,339.3431,0.90330374,532351.0,0.006658651400357485,0.010792730376124382,0.5591058
aloxistatin,871.0,114.08326112068522,0.8425645208147537,0.9808558558558559,0.8064814814814815,0.8409770896165154,45.39785295607345,24.451075756645388,1.8566812114078493,5938.441,806.97504,7160.5,869.8311,1180.6917,6.8271194,5.172382e+06,0.012680976651608944,0.007659511175006628,1.3573804,4462.846,1213.2037,6784.0,3655.6602,2388.5415,1.2208045,3.887139e+06,0.009688865393400192,0.00871210265904665,0.6533817,2174.1436,581.4783,3173.0,2257.126,1885.9362,0.9632354,1.893679e+06,0.008709712885320187,0.013173891231417656,0.83554757,2343.675,550.5158,3017.0,1693.8589,1198.8962,1.3836306,2.041341e+06,0.010466678068041801,0.01492367871105671,0.7077899,333.20438,165.80527,598.5,410.03537,362.60977,0.8126235,290221.0,0.004774223081767559,0.007771197706460953,0.8843378
aloxistatin,701.0,98.66904755831213,0.6601493815716232,0.9682320441988951,0.7636165577342048,0.9048279552569244,34.525246324172514,25.933098048610912,1.3313197775081036,7635.539,1288.3396,9845.0,757.10834,846.5824,10.0851345,5.352513e+06,0.01980077475309372,0.00849094707518816,1.1181787,7011.3296,1700.395,10175.0,5466.4023,3011.1487,1.2826223,4.914942e+06,0.017643840983510017,0.013497725129127502,0.5508465,3506.5234,880.15735,5023.0,3078.753,2550.6177,1.1389428,2.458073e+06,0.016973674297332764,0.01775013841688633,0.8284581,4152.672,903.953,5871.0,2533.9514,1051.2119,1.6388128,2.911023e+06,0.02621636912226677,0.022286362946033478,0.41485086,767.92584,196.28748,1222.0,691.6126,437.2134,1.110341,538316.0,0.007945953868329525,0.009244988672435284,0.6321652
aloxistatin,1049.0,124.71067811865476,0.8110706183518548,0.974907063197026,0.6776485788113695,0.8475748681757225,47.94348279983952,28.044456234330227,1.70955294690828,7202.3604,1054.9067,8878.6,688.3065,1053.2704,10.463885,7.555276e+06,0.015866393223404884,0.00819472037255764,1.5302345,6202.1904,1476.3219,8964.2,4314.0264,1984.8676,1.4376802,6.506098e+06,0.012929698452353477,0.008368289098143578,0.4600963,3156.8018,983.66895,4796.0,2416.78,1606.3116,1.3062016,3.311485e+06,0.013897751457989216,0.012853119522333145,0.6646495,2824.0266,816.448,4622.8,1316.61,671.8209,2.1449227,2.962404e+06,0.012638225220143795,0.008934511803090572,0.5102657,552.0858,154.4768,853.2,387.9108,246.59962,1.4232287,579138.0,0.006163239479064941,0.007075266446918249,0.6357122
aloxistatin,865.0,120.12489168102783,0.8980447709504672,0.9697309417040358,0.5884353741496599,0.7532860994149402,50.1594054371608,22.065326518829913,2.2732228954036193,7089.2935,990.2132,8532.2,798.7339,1062.2705,8.875664,6.132239e+06,0.014728186652064323,0.009281166829168797,1.329943,5065.873,816.7508,6580.2,4119.1484,2578.4521,1.229835,4.38198e+06,0.009703713469207287,0.009503836743533611,0.62596726,2278.9526,344.32364,2904.6,2299.0786,1835.0809,0.99124604,1.971294e+06,0.008039497770369053,0.01145943347364664,0.79818106,3028.822,431.7691,3577.8,1948.6993,1179.2578,1.5542787,2.619931e+06,0.010913980193436146,0.016249272972345352,0.60515124,538.18616,129.33466,689.0,575.0052,437.37363,0.9359675,465531.0,0.005707808770239353,0.009892917238175869,0.76064295
aloxistatin,1153.0,130.5685424949238,0.8087849168598262,0.9762912785774767,0.7951724137931034,0.8498887076814285,50.0061326751335,29.40883400659581,1.700377943032972,11678.608,4043.7231,18576.2,721.9911,491.27795,16.175558,1.3465436e+07,0.03276246786117554,0.011722438037395477,0.6804488,11797.3,5250.453,23469.4,6942.079,4281.7627,1.69939,1.3602287e+07,0.027203908190131187,0.012262063100934029,0.6167839,6525.7773,4263.097,17143.0,3903.4858,3459.239,1.671782,7.524221e+06,0.021615590900182724,0.013947521336376667,0.88619226,5800.2,1762.5074,9819.0,3176.5093,1367.3666,1.8259667,6.687631e+06,0.02084287256002426,0.019440781325101852,0.430462,1256.2637,476.1483,2246.4,799.2683,399.18887,1.5717671,1.448472e+06,0.009542837738990784,0.008159523829817772,0.49944288
aloxistatin,827.0,111.7401153701776,0.8271045283156556,0.9729411764705882,0.7292768959435626,0.832333055606286,43.38502728856459,24.384473411347173,1.779207061669645,8301.388,1707.3163,11194.6,698.7843,755.55206,11.879757,6.865248e+06,0.023360250517725945,0.009524011053144932,1.0812379,7691.266,1705.4691,11215.6,4761.792,3708.995,1.6152041,6.360677e+06,0.021379027515649796,0.013284996151924133,0.7789074,3885.538,1208.6812,6070.4,2591.0955,2540.6636,1.4995735,3.21334e+06,0.016322748735547066,0.016452059149742126,0.98053646,4310.1245,802.55005,5924.8,2125.7097,1432.8501,2.0276167,3.564473e+06,0.018924275413155556,0.018531078472733498,0.67405725,921.8682,161.27518,1241.1,695.2804,404.90097,1.3258941,762385.0,0.007853561080992222,0.010806507430970669,0.5823564
aloxistatin,1184.0,126.5685424949238,0.36418982214998724,0.9760923330585326,0.7989203778677463,0.9287739125568464,40.308563227435826,37.54036221314635,1.0737393261837007,12637.251,4025.9675,18492.05,700.5214,421.43768,18.039778,1.4962505e+07,0.036551255732774734,0.01365590188652277,0.6016057,10578.705,4324.1787,19111.15,5947.85,5058.2837,1.7785763,1.2525187e+07,0.028748974204063416,0.012908082455396652,0.850439,5298.6577,2666.3794,10919.4,3231.484,3805.1738,1.639698,6.273611e+06,0.022740425541996956,0.013821184635162354,1.1775315,5703.0776,2034.6315,8627.95,2300.7324,1520.7222,2.4788096,6.752444e+06,0.02313815802335739,0.019134342670440674,0.6609731,1123.2457,392.37027,1978.7,773.4943,480.28513,1.4521706,1.329923e+06,0.009142606519162655,0.007190952077507973,0.62092906
aloxistatin,1036.0,124.46803743153546,0.809822253566476,0.9736842105263158,0.6925133689839572,0.840337870537924,47.457108028269616,27.841913494011788,1.7045203462210543,9795.222,2394.935,13364.0,514.6731,628.9649,19.031929,1.014785e+07,0.02452732063829899,0.01032239105552435,1.2220668,6255.2944,1292.0548,8997.0,4288.7407,3231.4727,1.4585388,6.480485e+06,0.012380905449390411,0.011189799755811691,0.7534782,3121.721,1156.3536,5965.5,2333.1216,2372.0728,1.3380018,3.234103e+06,0.012812369503080845,0.014678987674415112,1.0166949,3072.5317,572.67737,3956.25,1650.1938,1456.9612,1.8619217,3.183143e+06,0.013057802803814411,0.01936069317162037,0.88290304,663.76544,203.3283,1027.25,551.20465,440.18576,1.2042087,687661.0,0.010311397723853588,0.010798648931086063,0.79858863
aloxistatin,637.0,91.84062043356595,0.47273664940928206,0.9754977029096478,0.7844827586206896,0.9490294257507796,30.366271058953807,26.75887212521427,1.1348113222731973,22299.125,17453.078,55422.2,453.57208,617.4868,49.163353,1.4204543e+07,0.051694899797439575,0.00840939674526453,1.3613863,34848.52,7279.249,44305.6,3354.3586,5647.648,10.389026,2.2198508e+07,0.03317435830831528,0.022759748622775078,1.6836745,14535.563,3290.6638,20789.8,1970.0854,2979.7217,7.3781385,9.259154e+06,0.028252217918634415,0.014499627985060215,1.5124835,12573.685,2278.2495,16630.6,2179.7588,2778.1494,5.7683835,8.009437e+06,0.026595748960971832,0.016300169751048088,1.2745215,2832.0847,639.0907,3920.8,387.46307,454.76004,7.3093023,1.804038e+06,0.021425053477287292,0.006322944536805153,1.1736861
aloxistatin,1156.0,143.6812408671319,0.9133071792299333,0.9657477025898078,0.5557692307692308,0.7036676055844755,60.253164370443116,24.53939083756627,2.4553651217048227,10635.685,2732.228,14092.25,528.0238,415.7133,20.142433,1.2294851e+07,0.034107327461242676,0.015336278825998306,0.7873003,6989.841,1141.1962,9214.25,4061.0508,3736.055,1.7211902,8.080256e+06,0.018020447343587875,0.01797972433269024,0.9199725,3198.431,641.30383,4616.0,2207.8618,2448.221,1.4486554,3.697386e+06,0.013761119917035103,0.019509008154273033,1.1088651,3955.8538,584.52,4831.5,1784.2552,1691.8795,2.2170897,4.572967e+06,0.01837458461523056,0.028550123795866966,0.9482273,846.2777,185.49509,1088.75,714.5317,551.3224,1.184381,978297.0,0.0106028588488698,0.018428971990942955,0.77158564
aloxistatin,950.0,118.22539674441619,0.7788033117828747,0.9703779366700716,0.6985294117647058,0.8541062681444945,44.02062597750491,27.612739059258757,1.5942143907938198,8737.477,1769.3976,11408.6,746.12524,617.18945,11.710469,8.300603e+06,0.026368718594312668,0.010131712071597576,0.82719284,8324.338,1525.5591,11426.7,5568.2466,4376.9795,1.4949658,7.908121e+06,0.023389386013150215,0.01637108623981476,0.78606063,4054.122,1112.3997,6051.85,2950.843,3000.0896,1.3738861,3.851416e+06,0.019031556323170662,0.020179014652967453,1.016689,4936.68,810.47046,6562.1,2287.1353,1646.8993,2.1584556,4.689846e+06,0.02282837964594364,0.02121732197701931,0.7200708,996.6642,184.94473,1407.5,789.91583,377.7115,1.2617346,946831.0,0.008976181969046593,0.01022595725953579,0.47816676
aloxistatin,876.0,117.63961030678927,0.8310785357966842,0.9460043196544277,0.6517857142857143,0.7954388816419588,45.43418732794685,25.268453856436366,1.7980596512189795,7382.489,1355.3224,9681.25,858.39343,873.797,8.600355,6.46706e+06,0.018926603719592094,0.00901999045163393,1.0179447,7991.2363,1510.9758,11179.75,5832.1294,3200.3352,1.370209,7.000323e+06,0.019741714000701904,0.014016890898346901,0.5487422,4307.944,954.0577,6340.5,3393.9773,2339.8574,1.2692907,3.773759e+06,0.016321981325745583,0.017481833696365356,0.68941456,4658.389,833.93353,6463.5,2615.261,2082.2349,1.781233,4.080749e+06,0.022528860718011856,0.026038620620965958,0.79618627,991.39154,130.74992,1206.25,842.5659,415.60333,1.1766338,868459.0,0.007459281012415886,0.01195445191115141,0.49325913
aloxistatin,769.0,106.32590180780451,0.7806349859189652,0.969735182849937,0.7302943969610636,0.8547872862890942,39.76456579110575,24.852345224563297,1.6000327305852677,8034.3574,1914.9702,11486.0,862.2187,812.4742,9.318236,6.178421e+06,0.0209087822586298,0.009108936414122581,0.9423064,7442.2744,2076.0225,11397.0,5752.301,3222.9246,1.2937909,5.723109e+06,0.016633331775665283,0.014218097552657127,0.56028444,3643.7944,1039.7905,5681.4,3068.2422,2428.8582,1.1875837,2.802078e+06,0.01176784373819828,0.015121465548872948,0.79161227,4174.9897,926.2959,5860.2,2674.9656,1722.1232,1.560764,3.210567e+06,0.01404168177396059,0.021009983494877815,0.6437926,856.6216,112.00359,1063.6,851.94574,366.26895,1.0054884,658742.0,0.005940351635217667,0.009446196258068085,0.42992052
aloxistatin,942.0,132.5685424949238,0.9251844446242531,0.9553752535496958,0.6709401709401709,0.6735654523185886,56.61374729106374,21.48592354686459,2.634922681707359,8817.256,2165.288,12346.9,930.0348,691.0166,9.480566,8.305855e+06,0.025474682450294495,0.012818457558751106,0.7430008,9831.02,2382.6353,13951.95,8305.311,4333.3833,1.1837028,9.26082e+06,0.029351364821195602,0.021807027980685234,0.5217605,5464.899,2212.9587,9425.1,4501.1353,3428.4348,1.2141157,5.147935e+06,0.030110832303762436,0.023684827610850334,0.7616823,5332.291,1334.0913,8538.25,2928.17,1754.9847,1.8210319,5.023018e+06,0.028332320973277092,0.023191772401332855,0.59934527,1225.2792,192.00699,1543.95,1139.4407,572.88,1.0753338,1.154213e+06,0.012281541712582111,0.0170157290995121,0.502773
aloxistatin,1451.0,144.71067811865476,0.7578207610773628,0.9764468371467026,0.7541580041580042,0.8707151863752945,53.21355165018769,34.71986244667203,1.532654449075685,9812.982,2355.707,13397.0,868.9906,587.1381,11.292392,1.4238638e+07,0.030390722677111626,0.014700560830533504,0.6756553,8167.772,1659.206,11333.0,7132.642,3391.1372,1.1451257,1.1851437e+07,0.018472233787178993,0.014639015309512615,0.47543913,3836.8567,924.58527,5837.0,4052.0725,2247.813,0.9468875,5.567279e+06,0.01465537864714861,0.016674350947141647,0.55473167,4521.08,620.4059,5648.0,2655.5847,1372.5715,1.7024801,6.560087e+06,0.020198164507746696,0.024446431547403336,0.5168623,962.0441,173.36911,1290.5,957.16095,417.9516,1.0051017,1.395926e+06,0.007566316053271294,0.011717530898749828,0.4366576
aloxistatin,1811.0,203.82337649086284,0.7517644063297259,0.8341777982496545,0.6006633499170813,0.5477978594172919,61.67394195818301,40.6697575543214,1.5164570842549758,7869.4766,3064.291,13981.5,1419.2634,1124.3638,5.544761,1.4251622e+07,0.03952571004629135,0.01524040475487709,0.7922164,11614.169,3362.69,17822.0,7614.595,3240.7964,1.525251,2.103326e+07,0.02925811894237995,0.020514730364084244,0.42560324,5172.514,1901.67,8706.0,3674.7065,1946.9722,1.4075992,9.367423e+06,0.02048632875084877,0.01821904443204403,0.52983063,4904.969,2799.398,11237.5,2879.1042,1609.4064,1.7036442,8.882899e+06,0.029596762731671333,0.01596127822995186,0.55899554,1344.4004,370.04587,2018.5,1129.9011,358.81403,1.189839,2.434709e+06,0.01221178937703371,0.011443352326750755,0.3175623
aloxistatin,810.0,110.08326112068524,0.7525871813800827,0.9473684210526315,0.7297297297297297,0.8399478244120332,39.884949938222135,26.263945299317378,1.5186198982549197,6541.8433,1632.6311,9904.95,1074.714,1024.6512,6.087055,5.298893e+06,0.028862930834293365,0.01223812811076641,0.9534176,8542.7295,3236.9568,16109.65,5687.028,2860.0444,1.502143,6.919611e+06,0.025507057085633278,0.014027805998921394,0.5029067,4108.6025,1949.9159,8550.65,2457.6753,1606.6381,1.6717434,3.327968e+06,0.021233659237623215,0.013185820542275906,0.65372264,4164.1826,1624.1538,7613.95,2283.1008,1543.7279,1.8239154,3.372988e+06,0.01768263801932335,0.012831979431211948,0.6761541,1067.7494,270.18564,1640.2,857.40656,315.82944,1.2453245,864877.0,0.008393391035497189,0.009367252700030804,0.36835435
aloxistatin,902.0,114.66904755831213,0.7766092020231173,0.9698924731182795,0.7954144620811288,0.8620331972859051,42.73249379052072,26.92072995167079,1.587345286224997,8651.769,1659.6293,11181.35,732.04016,664.14856,11.818707,7.803895e+06,0.022506562992930412,0.00957904476672411,0.907257,7971.174,1850.5807,11255.45,5515.198,4702.4087,1.4453105,7.189999e+06,0.019036678597331047,0.013241690583527088,0.85262734,4152.665,1382.2478,7017.35,3286.2708,3527.8438,1.2636405,3.745704e+06,0.017825381830334663,0.01394062489271164,1.0735098,4125.583,855.9481,5259.05,2271.427,1977.1506,1.8162956,3.721276e+06,0.01520143449306488,0.016966920346021652,0.8704443,964.5831,218.0693,1373.95,867.7218,669.022,1.1116272,870054.0,0.009982225485146046,0.011564627289772034,0.77100974
aloxistatin,787.0,103.25483399593904,0.2824860300450323,0.9788557213930348,0.7933467741935484,0.9276065588711556,32.61124393603294,31.283034033724487,1.0424578351599971,6949.6772,1052.9772,8720.7,869.7019,1013.89734,7.990873,5.469396e+06,0.018391862511634827,0.008865502662956715,1.1657987,6408.1895,1048.6747,8569.7,5242.964,2622.6958,1.2222456,5.043245e+06,0.013874188996851444,0.010201307944953442,0.5002315,3073.85,533.18555,3912.8,2910.3992,2208.072,1.056161,2.41912e+06,0.012329379096627235,0.013675696216523647,0.75868356,3482.4104,327.3908,4005.1,2177.412,1289.7789,1.5993346,2.740657e+06,0.011690359562635422,0.013200359418988228,0.5923449,760.01654,132.71329,963.2,790.42,427.8224,0.9615351,598133.0,0.006705405656248331,0.008839123882353306,0.5412596
aloxistatin,915.0,119.49747468305833,0.861005297992951,0.9713375796178344,0.7942708333333334,0.805218052692526,47.900786972355085,24.36214797344706,1.9661971934725708,7983.4326,1439.6886,10322.6,853.4087,847.78937,9.354759,7.304841e+06,0.018647940829396248,0.008548537269234657,0.9934154,7469.717,1171.3009,9790.3,5867.744,3416.2144,1.2730134,6.834791e+06,0.01580599881708622,0.011721321381628513,0.5822023,3585.3584,554.13995,4490.6,3351.211,2736.6858,1.0698695,3.280603e+06,0.014044221490621567,0.016042253002524376,0.81662595,4048.0251,394.02853,4718.2,2350.9932,1140.9268,1.7218362,3.703943e+06,0.012006150558590889,0.021395258605480194,0.48529565,828.7705,100.7713,1019.0,758.3839,314.49014,1.0928113,758325.0,0.004816070199012756,0.007686868775635958,0.41468462
aloxistatin,905.0,123.18986283848345,0.343128909254344,0.8978174603174603,0.6271656271656272,0.7493910463526736,36.284825393000496,34.08191275336637,1.0646358276771464,9954.576,3306.0898,15490.8,928.6842,704.3012,10.719011,9.008891e+06,0.051693692803382874,0.014917591586709023,0.75838614,8091.8584,2026.6296,11959.2,5403.4004,2287.2407,1.4975493,7.323132e+06,0.011869685724377632,0.011923571117222309,0.42329654,3168.6465,1347.4772,5966.4,2156.2817,1324.1206,1.4694955,2.867625e+06,0.011218979023396969,0.010888349264860153,0.6140759,3450.6619,1219.0142,5301.6,2574.6035,487.4673,1.3402692,3.122849e+06,0.027614912018179893,0.011690416373312473,0.18933684,944.9381,280.27322,1609.6,819.6627,298.18896,1.1528378,855169.0,0.007347656413912773,0.006756346207112074,0.3637947
aloxistatin,759.0,111.39696961966999,0.8487773894982921,0.9452054794520548,0.6200980392156863,0.7686079753131092,43.2293830103913,22.857551824267002,1.8912516678403106,8229.377,1786.1221,11130.1,903.3761,875.4269,9.10958,6.246097e+06,0.02255961485207081,0.011023527011275291,0.9690614,6465.1714,1878.866,10748.1,5631.7183,2967.0725,1.1479927,4.907065e+06,0.01331360638141632,0.009622744284570217,0.5268503,3309.7786,1305.0599,6132.8,2996.3555,2586.8381,1.1046014,2.512122e+06,0.011657695285975933,0.014226998202502728,0.86332816,3721.68,677.9197,5131.2,2349.8032,1227.2246,1.5838262,2.824755e+06,0.011473790742456913,0.011140802875161171,0.522267,738.38074,171.30878,1072.4,828.91614,509.92236,0.8907786,560431.0,0.00613478384912014,0.010938955470919609,0.6151676
aloxistatin,694.0,100.08326112068524,0.787267922905173,0.9733520336605891,0.7414529914529915,0.8706556817061476,37.86835428436377,23.35004663614461,1.621767822328269,9442.012,2635.601,13818.7,810.863,729.1971,11.644399,6.552756e+06,0.02728942781686783,0.009662259370088577,0.8992852,8910.396,2402.936,13553.5,5129.817,2432.6125,1.7369814,6.183815e+06,0.017905546352267265,0.010054869577288628,0.4742104,4430.3457,1194.6781,6756.1,2531.8044,1666.0243,1.7498767,3.07466e+06,0.015241752378642559,0.012756811454892159,0.6580383,6231.5215,2962.7185,13312.6,2414.553,822.48694,2.580818,4.324676e+06,0.030215542763471603,0.013519780710339546,0.34063736,1061.562,246.29204,1393.05,722.38245,404.19034,1.469529,736724.0,0.009303842671215534,0.01296396553516388,0.55952406
aloxistatin,908.0,115.74011537017762,0.7634267753219962,0.9628844114528102,0.7909407665505227,0.8517808868137541,42.46383409107458,27.427152075570795,1.548240735096112,6789.859,1198.5093,8933.25,747.0054,1050.043,9.0894375,6.165192e+06,0.014598775655031204,0.007100416347384453,1.4056699,6655.1606,1713.7701,10180.95,4749.5244,2933.4153,1.4012268,6.042886e+06,0.01829632930457592,0.011795724742114544,0.617623,3255.5781,743.0408,4656.65,2877.1802,2358.2336,1.1315169,2.956065e+06,0.014498189091682434,0.01799089089035988,0.81963366,3470.836,545.5162,4482.95,1904.9,1477.9824,1.8220568,3.151519e+06,0.011365536600351334,0.01554359681904316,0.7758845,693.2214,128.743,914.3,576.00366,379.10684,1.2035017,629445.0,0.006906297989189625,0.009312274865806103,0.6581674
aloxistatin,898.0,118.08326112068524,0.8498689423178105,0.9760869565217392,0.7558922558922558,0.8092999684586794,46.77459155614542,24.649933755536754,1.8975544526824184,7911.4746,1287.5266,9880.75,750.8513,831.8203,10.536673,7.104504e+06,0.01903262361884117,0.008460069075226784,1.1078362,6393.6494,1212.316,8740.55,4496.335,2172.3616,1.421969,5.741497e+06,0.014407253824174404,0.008937540464103222,0.4831405,2795.087,442.58826,3639.45,2258.9307,1526.5693,1.2373496,2.509988e+06,0.009586449712514877,0.012587846256792545,0.67579293,3479.4587,467.17496,4085.15,1891.9329,1123.1858,1.8391026,3.124554e+06,0.01037766132503748,0.013765659183263779,0.5936711,689.6113,116.771484,915.0,580.1174,288.50806,1.1887445,619271.0,0.005844117142260075,0.007405770476907492,0.49732703
aloxistatin,1149.0,124.91168824543142,0.5674981521316929,0.977872340425532,0.8242467718794835,0.9253877294298753,42.196125729215176,34.74322110088948,1.2145139222032264,14502.07,5620.7617,21675.8,934.77844,734.2138,15.513912,1.6662879e+07,0.04744022712111473,0.017089586704969406,0.7854415,14997.622,5871.8003,26146.6,8072.993,6623.64,1.8577523,1.7232268e+07,0.02908138372004032,0.016243886202573776,0.82046896,7279.524,4195.7197,16593.2,4100.854,4860.4224,1.7751238,8.364173e+06,0.019876450300216675,0.016383441165089607,1.185222,6058.2114,2712.4993,12827.0,2232.718,859.60455,2.7133796,6.960885e+06,0.02295144647359848,0.012401781044900417,0.38500363,1702.7233,893.0961,3926.6,1036.3707,994.21716,1.6429673,1.956429e+06,0.019637998193502426,0.014618881978094578,0.9593258
aloxistatin,818.0,107.74011537017762,0.7262226298724088,0.9714964370546318,0.7490842490842491,0.8855402284589307,38.999425272569844,26.81052902095866,1.4546309489858529,9549.427,2446.573,13273.2,783.4629,637.6677,12.188742,7.811431e+06,0.023678677156567574,0.009983262978494167,0.8139093,8193.29,1274.5475,10814.6,5656.188,3303.5105,1.4485533,6.702111e+06,0.016431787982583046,0.01068299263715744,0.58405244,4026.9033,1043.54,6069.9,2998.718,2438.6328,1.342875,3.294007e+06,0.014395393431186676,0.013383296318352222,0.8132251,4128.3594,520.05365,4908.8,2345.8696,1643.4783,1.7598418,3.376998e+06,0.01073451992124319,0.014961576089262962,0.7005838,898.88995,161.31406,1181.75,758.1701,393.0477,1.1856046,735292.0,0.008106301538646221,0.007404867559671402,0.5184162
aloxistatin,849.0,106.9116882454314,0.39476230235567944,0.9747416762342136,0.7803308823529411,0.9333986730715388,34.39663274249257,31.60305122115553,1.0883959432204122,8511.401,1543.829,10707.2,767.2715,660.10785,11.093077,7.22618e+06,0.021364526823163033,0.008817464113235474,0.86033154,7943.649,1584.6956,10611.6,5002.5566,2302.6567,1.5879178,6.744158e+06,0.015082771889865398,0.010519009083509445,0.46029598,3716.4524,859.7762,5531.6,2366.9565,1548.1952,1.5701396,3.155268e+06,0.01247454434633255,0.012857676483690739,0.6540869,4590.061,1290.2566,7693.0,2302.2815,1225.4235,1.9937011,3.896962e+06,0.01828690990805626,0.014966633170843124,0.5322648,979.4335,174.3821,1326.2,734.0057,318.84076,1.3343678,831539.0,0.007718440145254135,0.009169656783342361,0.43438458
aloxistatin,603.0,94.9116882454314,0.6740765908589582,0.9363354037267081,0.6707452725250278,0.8411777549025353,32.6470779460505,24.11513819774943,1.353800159814026,10212.458,3102.5718,14733.2,593.2942,519.9997,17.213144,6.158112e+06,0.036504484713077545,0.01073578279465437,0.8764618,11356.584,3030.5112,16714.3,4203.488,2540.6272,2.701705,6.84802e+06,0.023814445361495018,0.01079270988702774,0.60440934,5701.0664,1833.2173,9154.3,2067.5757,1462.168,2.7573676,3.437743e+06,0.02722770720720291,0.01349612046033144,0.70718956,6262.4146,3030.06,13176.8,2317.5369,680.4592,2.7021856,3.776236e+06,0.03479636460542679,0.010778314433991909,0.2936131,1317.1493,391.99332,2088.8,605.7631,335.46964,2.1743636,794241.0,0.01616874523460865,0.011675753630697727,0.5537967
aloxistatin,1275.0,139.19595949289334,0.6607535211010526,0.9543413173652695,0.676033934252386,0.8269262736109707,47.13236200575797,35.37768983024639,1.3322622882362953,12311.685,4241.219,19062.3,739.4808,495.40826,16.649094,1.5697398e+07,0.037390243262052536,0.013073231093585491,0.6699407,9435.45,2220.719,13948.3,6161.27,5673.1953,1.5314132,1.2030199e+07,0.019119204953312874,0.0157159436494112,0.9207834,4443.7554,1257.0287,6603.4,3636.615,4560.818,1.2219483,5.665788e+06,0.01796860620379448,0.015748994424939156,1.2541382,4993.9414,1793.3186,8791.9,3102.807,2806.273,1.6094916,6.367275e+06,0.023004164919257164,0.01962587982416153,0.90443045,1144.8745,508.1361,1862.1,989.6955,1059.0052,1.1567947,1.459715e+06,0.013829498551785946,0.01579573191702366,1.0700314
aloxistatin,985.0,117.63961030678927,0.5479842257512281,0.9685349065880039,0.7242647058823529,0.8944147242206956,38.84742371153414,32.49542963756531,1.1954734602624184,7011.2935,979.01074,8603.8,834.28687,824.1122,8.403936,6.906124e+06,0.01877257600426674,0.007990628480911255,0.98780435,7825.4355,1872.9697,11685.4,4999.02,3180.726,1.5653939,7.708054e+06,0.01652761921286583,0.010538135655224323,0.6362699,3877.9736,1116.4913,6311.8,2633.4878,1922.5769,1.4725618,3.819804e+06,0.015476436354219913,0.012402075342833996,0.73004967,5337.011,1903.6666,9902.8,2300.0444,1266.7792,2.3203948,5.256956e+06,0.027484992519021034,0.01635114662349224,0.5507629,973.0234,156.1086,1237.8,877.4131,544.58673,1.1089684,958428.0,0.00722741661593318,0.01522752083837986,0.6206731
aloxistatin,1371.0,138.95331880577405,0.6731552067354798,0.9751066856330014,0.7410810810810811,0.8922970777371411,48.63495106976612,35.96560608688174,1.3522627966362966,9033.001,1860.2864,11806.0,715.69574,653.1372,12.621286,1.2384245e+07,0.022941386327147484,0.009074616245925426,0.9125906,8306.269,1888.2085,11874.0,5496.648,3017.2163,1.5111517,1.1387894e+07,0.014948725700378418,0.00816311314702034,0.5489193,3577.6338,947.6958,5383.0,2367.241,1745.2267,1.5113095,4.904936e+06,0.010294998064637184,0.009214120917022228,0.73724085,4912.434,930.9078,6725.5,2101.216,904.3301,2.3379004,6.734947e+06,0.015929121524095535,0.010442404076457024,0.43038416,928.0547,200.4342,1263.0,630.39026,381.12985,1.4721907,1.272363e+06,0.008574480190873146,0.006916892249137163,0.6045935
aloxistatin,1106.0,126.46803743153546,0.7556797531576606,0.9753086419753086,0.7117117117117117,0.8689672978304342,46.513028682528656,30.463303622188914,1.52685438386431,11643.411,3152.6362,15061.0,636.96515,392.2434,18.27951,1.2877613e+07,0.03803188353776932,0.015115366317331791,0.61580044,8927.247,1921.3665,12638.5,5042.649,3275.6445,1.7703487,9.873535e+06,0.024676736444234848,0.015349443070590496,0.64958805,4358.0776,979.10693,6104.75,2479.5098,2169.6619,1.7576368,4.820034e+06,0.02030789665877819,0.01652224361896515,0.87503666,5515.5957,1269.0651,8012.5,2136.627,1201.067,2.58145,6.100249e+06,0.028633924201130867,0.021606067195534706,0.5621323,1825.217,2482.0461,5791.25,1915.3829,3879.557,0.9529254,2.01869e+06,0.05642648786306381,0.05149867758154869,2.0254734
aloxistatin,1354.0,151.78174593052023,0.8720617762979367,0.9535211267605633,0.6268518518518519,0.7385662195112542,60.39002572204427,29.554625521740036,2.0433358452680133,9925.472,2546.1199,13565.45,776.64813,659.3742,12.779882,1.3439088e+07,0.02325521968305111,0.011335724033415318,0.8489999,7628.2495,1465.7308,10252.75,5140.08,2530.1135,1.4840721,1.032865e+07,0.013486306183040142,0.008367656730115414,0.49223232,3920.616,999.5185,6008.1,2952.736,1758.9414,1.3277909,5.308514e+06,0.013012527488172054,0.012492395006120205,0.59569883,4390.362,1402.65,6318.05,2825.3655,1829.1991,1.5539093,5.94455e+06,0.01832929439842701,0.015342184342443943,0.64742035,929.695,122.47568,1152.0,798.7803,370.65524,1.1638933,1.258807e+06,0.006775755900889635,0.008651668205857277,0.46402654
aloxistatin,659.0,106.32590180780451,0.7675370513332253,0.9002732240437158,0.614165890027959,0.7325160229707582,37.69735479897301,24.164177175584427,1.5600512496267638,8274.277,1711.9036,10754.4,960.15674,1451.9778,8.617632,5.452749e+06,0.02496682107448578,0.010592609643936157,1.5122299,8579.566,1871.6761,12385.2,5783.4316,3485.781,1.4834733,5.653934e+06,0.017504984512925148,0.012971938587725163,0.6027185,3840.1882,1239.3982,6800.4,2771.5098,2498.715,1.3855944,2.530684e+06,0.014290701597929,0.012067282572388649,0.9015718,3814.305,518.8625,4746.5,2038.4668,1031.724,1.8711636,2.513627e+06,0.013339677825570107,0.012476780451834202,0.5061275,821.58575,292.33597,1462.7,584.94824,426.59265,1.4045444,541425.0,0.007934072986245155,0.011280179023742676,0.72928274
aloxistatin,1138.0,127.9827560572969,0.7679783635871427,0.9751499571550986,0.7810569663692519,0.8730702895560727,47.59365602419095,30.482584273360565,1.561339274825991,11027.76,3163.0667,16300.45,618.2241,505.16107,17.837803,1.2549591e+07,0.0328485369682312,0.01323282066732645,0.8171164,6616.999,1266.0222,9166.4,4679.525,2983.755,1.4140322,7.530145e+06,0.017791131511330605,0.018564486876130104,0.6376192,2785.1758,899.19165,4654.1,2169.6611,1915.5867,1.2836916,3.16953e+06,0.017116878181695938,0.02527276612818241,0.8828967,4061.2004,754.1045,5459.75,2186.2292,1457.5831,1.8576279,4.621646e+06,0.020767493173480034,0.025241399183869362,0.66671103,804.2056,185.22319,1152.75,643.1114,409.24002,1.250492,915186.0,0.009416659362614155,0.011571903713047504,0.6363439
aloxistatin,1018.0,130.66904755831214,0.8977266477575712,0.9713740458015268,0.800314465408805,0.749224880116572,54.401213708588195,23.966612969588255,2.269874920482884,8480.411,1662.0251,11276.2,833.7695,665.6411,10.17117,8.633059e+06,0.022083083167672157,0.00963517650961876,0.7983515,8692.709,2093.237,12476.25,5669.973,2298.816,1.5331129,8.849178e+06,0.018751805648207664,0.011069107800722122,0.4054368,4360.73,1206.8192,6689.6,2839.5686,1590.9662,1.5357016,4.439223e+06,0.019151316955685616,0.013112658634781837,0.5602845,5176.722,1776.4823,9383.7,2557.769,850.8437,2.0239208,5.269903e+06,0.03020874783396721,0.014148930087685585,0.33265072,901.4391,137.26866,1158.15,780.4517,265.9596,1.1550223,917665.0,0.006023104302585125,0.007521257735788822,0.34077647
aloxistatin,983.0,117.39696961966999,0.7004664347161667,0.9742319127849356,0.7446969696969697,0.89629218294596,41.94651763851409,29.936614976110537,1.401177710706019,11765.211,3902.4944,17469.3,610.09503,580.89124,19.284227,1.1565202e+07,0.028203273192048073,0.012048213742673397,0.9521324,8288.466,2727.304,13923.4,4945.6035,4147.0454,1.6759261,8.147562e+06,0.01937280036509037,0.011951805092394352,0.83853173,3300.3154,1384.2119,6221.2,2225.7036,2571.684,1.482819,3.24421e+06,0.013146043755114079,0.010505186393857002,1.1554477,4105.105,787.7564,5417.3,2274.579,1533.768,1.8047756,4.035318e+06,0.012574706226587296,0.014148407615721226,0.6743085,813.27673,318.4071,1526.6,539.4197,494.78418,1.5076883,799451.0,0.0074770282953977585,0.006783627904951572,0.9172527
aloxistatin,756.0,101.74011537017762,0.6214715546600308,0.9704749679075738,0.7411764705882353,0.9177982134497997,35.07224327696461,27.476883515833464,1.2764272650045756,23109.338,20094.766,65096.25,666.85706,729.2187,34.65411,1.747066e+07,0.03600591793656349,0.005278830882161856,1.0935158,42550.152,14399.57,59316.75,3886.7422,5556.9863,10.947511,3.2167916e+07,0.028069153428077698,0.020682532340288162,1.4297285,19155.695,5889.8633,26920.5,2030.8604,2847.5364,9.432305,1.4481706e+07,0.02790467068552971,0.01729251630604267,1.402133,18024.648,4360.142,22721.0,2896.5176,3202.0986,6.2228684,1.3626634e+07,0.02178427390754223,0.018499251455068588,1.1054995,4304.267,1440.9386,6133.75,618.8254,577.0976,6.955544,3.254026e+06,0.032822344452142715,0.007699369452893734,0.9325694
aloxistatin,1446.0,157.53910524340094,0.8960584983301396,0.9737373737373738,0.6623912047640861,0.7321522610690092,64.58559685900813,28.671871197994662,2.2525769738922836,10846.331,2909.1077,14933.5,710.3301,549.19727,15.2694235,1.5683794e+07,0.027293089777231216,0.012351881712675095,0.77315784,7859.361,1580.922,11007.25,4359.974,2941.1145,1.8026164,1.1364636e+07,0.015908626839518547,0.010624313727021217,0.6745716,3603.6494,664.4916,4899.0,2300.0112,1635.4119,1.5667964,5.210877e+06,0.013195211999118328,0.012281692586839199,0.71104515,5807.593,1488.4377,9127.75,2308.7827,1341.4695,2.515435,8.397779e+06,0.03242092207074165,0.017106031998991966,0.5810289,934.9578,133.56073,1174.5,757.2006,446.20667,1.2347558,1.351949e+06,0.00553052918985486,0.009895958937704563,0.5892846
aloxistatin,1149.0,127.39696961966999,0.7212281555127585,0.9753820033955858,0.768048128342246,0.88963466597053,45.979248740223824,31.84971467633165,1.4436314173449156,8446.306,1428.3058,10715.0,718.76904,677.35376,11.75107,9.704805e+06,0.023359021171927452,0.010498441755771637,0.94238025,6542.39,1613.41,9853.6,5166.4736,3910.724,1.2663164,7.517206e+06,0.018347641453146935,0.014642788097262383,0.75694263,3135.1558,827.95764,4621.0,2851.9546,2966.482,1.0993007,3.602294e+06,0.016143061220645905,0.016578279435634613,1.0401574,3922.611,702.4885,4897.4,2106.2898,1858.3785,1.8623321,4.50708e+06,0.017167484387755394,0.02387426048517227,0.88229954,836.04877,176.6684,1145.4,818.9791,530.8147,1.0208426,960620.0,0.007326779421418905,0.010910223238170147,0.6481419
aloxistatin,834.0,118.91168824543142,0.8871666558454474,0.9608294930875576,0.6864197530864198,0.7411853465121147,48.4597266247298,22.361700013083883,2.1670859816729453,9777.352,2502.6782,13049.15,652.056,526.8473,14.994649,8.154311e+06,0.03128507733345032,0.012000507675111294,0.8079786,8956.291,2289.207,13165.0,3803.6624,3618.97,2.3546493,7.469547e+06,0.02572648786008358,0.013117540627717972,0.95144355,4519.2324,1038.2568,6387.45,2069.1184,2282.792,2.1841342,3.76904e+06,0.021205317229032516,0.018530165776610374,1.1032679,4582.5625,1193.7075,6913.1,1632.4374,1302.2174,2.8071904,3.821857e+06,0.025693295523524284,0.013555985875427723,0.7977135,1292.2566,875.4961,2049.35,1809.36,3926.4065,0.71420646,1.077742e+06,0.030903786420822144,0.04775708541274071,2.1700528
aloxistatin,819.0,103.49747468305831,0.45889301160656354,0.9820143884892086,0.7998046875,0.9608027984476563,34.265595401110964,30.44469138103535,1.1255031286819264,17600.736,8453.896,29092.3,607.4856,490.1453,28.973093,1.4415003e+07,0.06267987191677094,0.012498447671532631,0.8068427,16076.826,3901.3547,23072.5,6014.141,6132.122,2.6731708,1.3166921e+07,0.034587614238262177,0.021347790956497192,1.0196172,6600.326,2225.8958,11220.7,2523.089,2951.7783,2.6159704,5.405667e+06,0.030683301389217377,0.01637684926390648,1.1699065,6521.0063,1385.0863,9150.3,2323.2463,1783.8094,2.806851,5.340704e+06,0.03616652265191078,0.017344463616609573,0.767809,1696.6813,375.61462,2379.2,697.2636,650.92224,2.4333427,1.389582e+06,0.015466218814253807,0.01307070441544056,0.93353826
aloxistatin,960.0,121.05382386916237,0.8139216298912828,0.964824120603015,0.6666666666666666,0.8232354656860578,46.02874318127277,26.741534403686465,1.7212454037389666,7934.817,1602.7974,10442.15,806.9256,796.2252,9.833393,7.617424e+06,0.023511087521910667,0.008794484660029411,0.98673934,8212.768,2120.1187,11641.1,5058.8667,2955.066,1.6234401,7.884257e+06,0.019872160628437996,0.011278652586042881,0.58413595,4153.114,1198.1276,6408.75,2589.7898,1867.5465,1.603649,3.986989e+06,0.018404075875878334,0.014214785769581795,0.7211189,4839.598,1670.9144,7071.35,2313.7861,1155.9124,2.091636,4.646014e+06,0.026720695197582245,0.01650775410234928,0.49957615,968.57294,181.78558,1275.35,744.445,357.1745,1.3010671,929830.0,0.008570222184062004,0.009720323607325554,0.47978628
aloxistatin,1078.0,120.81118318204308,0.387738430464658,0.9755656108597285,0.7667140825035562,0.9281418372470783,38.66607561921791,35.64120705976873,1.084869980816772,13624.671,5049.4556,20219.85,768.25385,517.52545,17.734594,1.4687395e+07,0.03392057493329048,0.01196996122598648,0.6736386,11007.581,1924.5753,14764.5,5897.883,4686.9375,1.8663615,1.1866172e+07,0.021414415910840034,0.016393808647990227,0.7946814,4707.5205,1464.2947,7690.95,2397.887,2099.1143,1.9631953,5.074707e+06,0.023594578728079796,0.01798253506422043,0.8754017,6182.1445,876.077,7876.8,1874.5942,1205.7607,3.2978575,6.664352e+06,0.018530182540416718,0.010407497175037861,0.6432116,1220.8219,337.91275,1852.3,710.1595,467.21088,1.7190813,1.316046e+06,0.013743181712925434,0.011280934326350689,0.6578957
aloxistatin,899.0,114.81118318204308,0.774619335272697,0.96875,0.6985236985236986,0.8570401553225072,42.66475586455933,26.98237644796045,1.5812082359329873,8775.118,2064.2825,12221.3,704.65765,730.30176,12.453023,7.888831e+06,0.02323402278125286,0.008677871897816658,1.0363923,6684.337,1485.6608,9680.2,4433.7837,2733.96,1.507592,6.009219e+06,0.017526274546980858,0.010031653568148613,0.61662006,3075.4539,729.50586,4529.0,2373.6155,2044.2683,1.2956833,2.764833e+06,0.014057799242436886,0.01493928488343954,0.86124665,3810.3025,433.75125,4458.1,2035.2749,1429.2913,1.8721316,3.425462e+06,0.01160502154380083,0.016800161451101303,0.70225954,759.0178,197.21037,1061.6,624.56854,385.15906,1.2152674,682357.0,0.00793888233602047,0.006505968049168587,0.6166802
aloxistatin,1050.0,121.29646455628165,0.6336480013772461,0.974025974025974,0.7094594594594594,0.8968150294660323,41.755608841941125,32.303036343294075,1.2926217956167254,9328.479,1968.2158,12229.8,672.39667,614.79254,13.873475,9.794902e+06,0.02572357840836048,0.010858025401830673,0.9143301,7770.798,2085.5393,12125.15,4146.7173,3868.4941,1.8739637,8.159338e+06,0.0246842410415411,0.014777514152228832,0.9329052,3629.8162,822.3237,5192.65,2360.5774,2384.6775,1.5376815,3.811307e+06,0.0149163156747818,0.02041846141219139,1.0102094,4242.6826,452.94366,4894.1,1821.9736,1422.1722,2.328619,4.454817e+06,0.013164139352738857,0.02060181088745594,0.7805669,931.3362,166.997,1177.1,667.1484,393.3619,1.3959956,977903.0,0.00811662245541811,0.012436410412192345,0.58961684
aloxistatin,811.0,108.32590180780453,0.7436571970883661,0.9631828978622328,0.7622180451127819,0.8684925388899405,39.52714973784212,26.4263155595339,1.4957495549765278,16849.082,8237.124,28534.0,683.01117,391.9611,24.668823,1.3664605e+07,0.06016528233885765,0.01210563164204359,0.57387215,16894.898,4909.491,26855.0,6402.1323,4194.455,2.6389487,1.3701762e+07,0.03308557718992233,0.016875730827450752,0.6551653,7837.0146,2993.8596,14791.5,3474.1982,2772.191,2.2557764,6.355819e+06,0.029296383261680603,0.01901059038937092,0.79793686,7131.7163,3906.4492,15414.0,2744.58,2033.6058,2.5984726,5.783822e+06,0.02146369405090809,0.01356802973896265,0.7409534,1816.8828,942.7918,3894.0,878.4507,712.7375,2.068281,1.473492e+06,0.023809580132365227,0.011715867556631565,0.81135744
aloxistatin,972.0,117.74011537017762,0.7083798053992229,0.9681274900398407,0.759375,0.8811040853134059,41.907443864232796,29.579592328432778,1.4167688113791252,8346.16,1561.979,10779.35,681.51526,731.0514,12.246476,8.112468e+06,0.021178292110562325,0.009978310205042362,1.0726852,7165.0615,1416.8668,9840.85,4741.35,2898.4883,1.5111859,6.96444e+06,0.018761618062853813,0.01261158287525177,0.6113213,3710.2375,936.67114,5277.95,2648.8586,2140.5466,1.4006929,3.606351e+06,0.018627556040883064,0.01726478524506092,0.8081015,3847.9363,803.5873,5430.2,1835.924,1108.0339,2.0959127,3.740194e+06,0.016032930463552475,0.01708042435348034,0.60352933,905.1749,125.43295,1131.35,727.9467,406.96356,1.2434632,879830.0,0.007927247323095798,0.009370329789817333,0.5590568
aloxistatin,911.0,114.91168824543142,0.7690673394488287,0.965042372881356,0.7746598639455783,0.866961537543907,42.67373204875911,27.275673790198034,1.5645344777548493,10733.955,3139.714,15203.0,592.1336,608.53784,18.12759,9.778633e+06,0.027720224112272263,0.010235323570668697,1.0277036,9353.909,2094.4763,12716.0,4516.025,3416.2085,2.0712705,8.521411e+06,0.01992984116077423,0.011598891578614712,0.7564636,4344.294,1042.2799,5945.5,2251.2305,1990.4222,1.929742,3.957652e+06,0.01591232605278492,0.013467887416481972,0.8841486,4982.7275,1169.347,7509.5,1576.244,779.13354,3.1611397,4.539265e+06,0.02638634853065014,0.013170707039535046,0.49429753,947.5203,203.95615,1260.0,548.83167,424.0688,1.7264316,863191.0,0.007688173092901707,0.007994154468178749,0.7726755
aloxistatin,948.0,114.22539674441617,0.5811346253568814,0.9753086419753086,0.7337461300309598,0.9130464053238149,38.63371340851595,31.44040335474194,1.228791913787235,13438.951,4709.5586,19471.75,751.96387,393.0222,17.871805,1.2740126e+07,0.043950919061899185,0.01411399058997631,0.522661,11762.37,3340.0605,17786.8,6895.0312,4443.1753,1.7059197,1.1150727e+07,0.030426038429141045,0.017930952832102776,0.6444025,5636.018,2485.191,11117.55,3784.4297,2981.0046,1.4892648,5.342945e+06,0.023646434769034386,0.01937134936451912,0.7877025,5496.9673,1312.7179,6459.0,2555.8943,1777.2849,2.1507022,5.211125e+06,0.019484911113977432,0.01910782977938652,0.69536716,1374.347,477.4359,2395.5,928.10944,766.18164,1.4808028,1.302881e+06,0.01980278454720974,0.015489868819713593,0.8255294
aloxistatin,1177.0,128.71067811865476,0.5966843870469181,0.9655455291222313,0.722972972972973,0.8928061434977046,43.599829073118734,34.98781675253447,1.246143175537251,12651.128,4690.1514,20368.0,793.26495,509.76398,15.948174,1.4890377e+07,0.033805929124355316,0.011669844388961792,0.642615,9993.875,4152.4497,19643.0,6903.45,5504.366,1.4476638,1.1762791e+07,0.021675782278180122,0.013607342727482319,0.79733557,4854.9004,2780.9878,11565.6,3715.4429,3707.2998,1.3066815,5.714218e+06,0.017151091247797012,0.014232131652534008,0.99780834,5941.489,3076.8657,12319.2,2485.3254,2374.779,2.390628,6.993132e+06,0.017629673704504967,0.012988381087779999,0.95552033,1048.9575,361.45422,1737.2,691.8352,485.27087,1.5161957,1.234623e+06,0.00897365715354681,0.009571990929543972,0.70142555
aloxistatin,908.0,113.15432893255071,0.7161756936189396,0.9742489270386266,0.7418300653594772,0.8911552414772599,40.901936326631684,28.546280850672606,1.4328289047737004,8684.309,1649.4437,11223.1,649.416,636.56396,13.372489,7.885352e+06,0.023201778531074524,0.010236568748950958,0.9802098,7333.6753,1498.6393,10011.85,4890.748,2813.2349,1.4994997,6.658977e+06,0.02095813862979412,0.01581365056335926,0.57521564,3886.379,1247.0988,6310.1,2710.6072,2102.1333,1.433767,3.528832e+06,0.021529298275709152,0.02039036899805069,0.77552116,4012.5627,586.98486,4859.2,2066.7605,1499.8083,1.9414744,3.643407e+06,0.017751039937138557,0.02122456580400467,0.72568077,961.3987,237.68616,1432.25,707.7058,456.49545,1.3584722,872950.0,0.011466853320598602,0.013475731015205383,0.6450356
aloxistatin,627.0,92.18376618407355,0.4622488481624746,0.9675925925925926,0.8007662835249042,0.9271895115275993,30.119847692782656,26.708782412051374,1.1277132453328222,7902.9697,1457.2872,10181.2,633.92377,843.4886,12.466751,4.955162e+06,0.018054425716400146,0.007869730703532696,1.3305836,6035.447,1098.532,8280.8,3981.8882,2914.5886,1.5157248,3.784225e+06,0.013307340443134308,0.010935557074844837,0.7319614,2941.8135,863.3573,4976.6,2109.884,1902.468,1.394301,1.844517e+06,0.011268108151853085,0.014547585509717464,0.90169317,3222.9778,396.02173,3754.4,1709.1805,1438.74,1.8856859,2.020807e+06,0.012074965052306652,0.01835079863667488,0.8417718,688.9681,91.98429,841.9,603.57916,501.712,1.1414709,431983.0,0.004490174353122711,0.008754979819059372,0.8312282
aloxistatin,661.0,98.42640687119285,0.7780321607604997,0.966374269005848,0.747737556561086,0.8574090460499636,36.70331225925108,23.057918076754085,1.5917877814065808,7811.8984,1415.2356,9915.0,738.8989,894.48975,10.5723505,5.163665e+06,0.020796235650777817,0.008488151244819164,1.2105712,7438.7427,1830.6139,11342.0,4408.6724,2779.6882,1.6872977,4.917009e+06,0.019271889701485634,0.009676805697381496,0.6305046,3612.1377,1052.3694,5576.0,2349.2708,1727.0625,1.537557,2.387623e+06,0.01738506555557251,0.01387204509228468,0.7351484,4477.4146,1372.9559,7322.0,2034.3121,1387.9893,2.2009478,2.959571e+06,0.024566693231463432,0.016790136694908142,0.68228924,857.23145,194.98373,1288.0,601.4964,352.93185,1.4251647,566630.0,0.008663413114845753,0.008360021747648716,0.5867564
aloxistatin,854.0,108.32590180780451,0.6375699679416934,0.9726651480637813,0.7693693693693694,0.9145408485968055,37.58484116343086,28.95507808536492,1.2980397100855263,8705.292,1749.9814,11533.05,632.97424,685.18225,13.7529955,7.434319e+06,0.02216285467147827,0.009680661372840405,1.0824804,6388.865,1134.0883,8951.15,4305.8535,2804.8691,1.4837627,5.456091e+06,0.01708417758345604,0.009209679439663887,0.6514084,3175.781,792.32776,4650.85,2295.1663,2235.2056,1.3836824,2.712117e+06,0.013731494545936584,0.012720728293061256,0.9738752,3557.9473,307.32632,4033.4,1959.2274,1187.9308,1.815995,3.038487e+06,0.009532716125249863,0.015098935924470425,0.60632616,758.70026,117.448135,955.7,622.73303,404.54324,1.2183396,647930.0,0.007203493732959032,0.008436139672994614,0.6496255
aloxistatin,637.0,97.94112549695429,0.7776551525223068,0.9651515151515152,0.8042929292929293,0.8344861162121647,36.332691290396475,22.842038628578237,1.5906063325249677,5757.807,832.401,7243.8,976.2971,1365.9585,5.8975973,3.667723e+06,0.010921217501163483,0.008575347252190113,1.3991218,4701.3594,1033.8274,7088.6,3686.5186,1451.889,1.2752843,2.994766e+06,0.013117866590619087,0.008271189406514168,0.39383745,2200.2495,295.6767,2712.6,2138.217,1041.4893,1.0290112,1.401559e+06,0.00823725014925003,0.012016446329653263,0.48708305,2803.8994,268.8605,3233.8,1918.9681,1270.0468,1.4611496,1.786084e+06,0.011748850345611572,0.016365855932235718,0.66183835,564.67664,95.810425,742.2,669.118,381.90384,0.8439119,359699.0,0.004763911012560129,0.013198274187743664,0.5707571
aloxistatin,448.0,79.35533905932738,0.5697498814045355,0.9511677282377919,0.7466666666666667,0.8939959983861029,26.422482714631318,21.714475878540174,1.216814205529314,15217.33,10361.495,38219.7,708.6827,714.2828,21.4727,6.817364e+06,0.05406898632645607,0.013262505643069744,1.0079021,21515.693,9138.249,38556.45,5673.95,6134.301,3.7920132,9.639031e+06,0.023072684183716774,0.018033334985375404,1.0811341,9779.149,4804.198,19603.65,2665.473,3027.0825,3.6688235,4.381059e+06,0.02776075154542923,0.016155695542693138,1.1356643,10931.174,5295.603,22902.7,3084.2595,2994.8413,3.5441809,4.897166e+06,0.018657386302947998,0.01966704986989498,0.9710082,2594.3794,1266.2001,4931.9,770.5573,727.5558,3.366887,1.162282e+06,0.03195179998874664,0.011014449410140514,0.94419426
aloxistatin,940.0,116.5685424949238,0.7544003508579,0.9720785935884177,0.7538091419406576,0.8693106193852468,42.74258622427645,28.056857103225475,1.5234274483068408,7497.323,1320.6604,9603.65,706.98535,888.73254,10.604637,7.047484e+06,0.019376080483198166,0.00904142577201128,1.2570735,6168.621,1432.7623,9104.25,4302.2515,2312.5662,1.4338123,5.798504e+06,0.01577064022421837,0.010945826768875122,0.53752464,3004.8894,817.3212,4721.15,2279.6575,1643.9086,1.3181319,2.824596e+06,0.013561010360717773,0.01460154540836811,0.7211209,3598.5637,849.0872,5575.0,2032.529,1315.3397,1.7704858,3.38265e+06,0.016569122672080994,0.021080275997519493,0.6471444,697.7798,126.76737,912.0,602.41125,360.3128,1.1583114,655913.0,0.007193450815975666,0.009399640373885632,0.59811765
aloxistatin,500.0,81.35533905932738,0.5138335112662769,0.970873786407767,0.8012820512820513,0.9493093307314073,27.280471424317568,23.403641572776507,1.1656507103599916,13607.412,6185.208,22873.8,551.44275,486.0459,24.67602,6.803706e+06,0.049111947417259216,0.013167766854166985,0.88140774,12975.608,2308.105,17934.25,4288.207,4784.634,3.025882,6.487804e+06,0.023113781586289406,0.013719978742301464,1.1157656,6050.538,1320.6859,8832.55,2063.6428,2421.173,2.9319696,3.025269e+06,0.02291284315288067,0.015049691312015057,1.173252,6869.108,2239.5188,10850.5,2381.4204,2649.2002,2.8844583,3.434554e+06,0.033608581870794296,0.019169321283698082,1.1124454,1743.958,402.94342,2506.15,620.729,585.54016,2.809532,871979.0,0.01988345943391323,0.011483710259199142,0.94331044
aloxistatin,721.0,107.01219330881975,0.8773988071115753,0.9716981132075472,0.7803030303030303,0.791186007494349,43.82359539634892,21.02488465952777,2.084367933808833,8498.686,1772.1661,11013.0,622.5468,719.6901,13.651481,6.127552e+06,0.026565833017230034,0.010866744443774223,1.1560417,6137.9155,1388.8031,8732.0,3037.1064,2994.354,2.0209749,4.425437e+06,0.01699521578848362,0.012199638411402702,0.9859233,2874.7947,613.8691,4074.0,1652.1831,1754.7175,1.7399976,2.072727e+06,0.011823426000773907,0.015086013823747635,1.06206,2907.6575,632.35504,3576.0,1064.4344,1205.1833,2.7316453,2.096421e+06,0.013085410930216312,0.013110728934407234,1.1322289,1003.5049,1183.171,2651.0,943.62897,1831.2125,1.0634528,723527.0,0.04999493435025215,0.04518654942512512,1.9406065
aloxistatin,913.0,111.1543289325507,0.6010267404778228,0.9775160599571735,0.7750424448217318,0.9285982896446174,38.172178695755655,30.508308930159682,1.251205984020297,6446.117,1032.3427,8354.4,811.02673,1132.996,7.9480944,5.885305e+06,0.013260080479085445,0.00841453205794096,1.3969897,5067.4478,1155.6803,7472.2,4216.034,2307.3516,1.2019465,4.62658e+06,0.014043295755982399,0.008875975385308266,0.5472801,2406.952,395.60947,3186.4,2408.3865,1750.1849,0.9994044,2.197547e+06,0.008527761325240135,0.011257059872150421,0.72670436,2852.0242,316.342,3454.0,2097.079,1311.5349,1.3599983,2.603898e+06,0.0064852735958993435,0.016302315518260002,0.6254103,562.7305,92.84523,726.0,516.24286,276.21655,1.09005,513773.0,0.0042029269970953465,0.00842663086950779,0.5350516
aloxistatin,688.0,107.1543289325507,0.8878403815568359,0.9608938547486033,0.6370370370370371,0.7529720585887573,43.93054414656143,20.214708358947817,2.173197028940369,8329.914,1687.633,10771.75,589.48224,758.0441,14.130899,5.730981e+06,0.023705434054136276,0.00986490398645401,1.2859491,7125.333,1915.8892,10557.15,2591.938,2644.2034,2.7490368,4.902229e+06,0.02125762589275837,0.012987527996301651,1.0201646,3315.8037,1059.14,5338.2,1325.286,1488.0865,2.5019534,2.281273e+06,0.018965981900691986,0.018684152513742447,1.1228418,3709.1191,956.0947,5877.15,1059.4915,1022.11554,3.5008485,2.551874e+06,0.022045675665140152,0.016358451917767525,0.96472275,850.2878,298.2137,1232.6,753.24133,1748.0532,1.1288384,584998.0,0.0165653545409441,0.03388117998838425,2.320708
aloxistatin,668.0,96.66904755831212,0.5412847732442075,0.9611510791366906,0.7455357142857143,0.8982794142608967,31.866478717405556,26.79458890562465,1.189287838288731,5655.669,755.7688,6957.65,987.4347,1363.5979,5.7276387,3.777987e+06,0.009857404977083206,0.007817115634679794,1.38095,4974.1646,1085.1184,7152.2,4209.2925,2824.7551,1.1817104,3.322742e+06,0.015799371525645256,0.009709208272397518,0.671076,2190.533,384.8458,2891.3,2295.0784,2259.9724,0.954448,1.463276e+06,0.0065109566785395145,0.011244409717619419,0.98470384,3272.6543,361.92783,3835.9,2250.5837,1445.896,1.4541358,2.186133e+06,0.009077737107872963,0.01837080903351307,0.6424538,542.2844,83.55576,675.6,495.36063,394.04315,1.0947266,362246.0,0.0039145853370428085,0.007278334349393845,0.79546726
aloxistatin,642.0,96.66904755831213,0.6765747323375234,0.9399707174231332,0.7165178571428571,0.863316443047149,33.72073689110791,24.831073075999466,1.3580056241589,6728.2476,1010.5379,8507.6,601.4047,1004.9244,11.187553,4.319535e+06,0.019116409122943878,0.008467455394566059,1.6709619,5664.1123,1451.8956,8448.3,4136.13,2331.6533,1.3694233,3.63636e+06,0.013542828150093555,0.010024073533713818,0.5637283,2739.2944,855.4663,4498.7,2146.0862,1613.2227,1.276414,1.758627e+06,0.010191510431468487,0.011706146411597729,0.7517045,2379.5872,741.94,3885.55,1529.0461,1634.1781,1.5562559,1.527695e+06,0.008413060568273067,0.01610560715198517,1.0687566,377.3318,131.63385,594.95,314.539,348.63715,1.1996343,242247.0,0.004308629315346479,0.00863503385335207,1.1084068
aloxistatin,667.0,118.12489168102783,0.9460682867778666,0.9136986301369863,0.464808362369338,0.600693387744629,52.38842578597075,16.97213566326861,3.0867315007003326,6796.2715,963.02155,8436.2,689.4952,1065.2031,9.85688,4.533113e+06,0.01814955286681652,0.009914831258356571,1.5449029,4686.8457,696.1861,5919.6,3028.508,2179.972,1.5475758,3.126126e+06,0.00982049759477377,0.013688286766409874,0.7198171,2038.7151,277.93344,2589.1,1523.3888,1574.3772,1.3382763,1.359823e+06,0.006358788348734379,0.021899284794926643,1.0334704,3113.3838,627.11523,4202.7,1699.3949,1348.101,1.8320544,2.076627e+06,0.017856458202004433,0.021046970039606094,0.7932829,455.29236,53.52417,543.7,361.9705,224.88783,1.2578162,303680.0,0.0031998036429286003,0.00696679437533021,0.62128776
aloxistatin,594.0,97.49747468305833,0.8454794825134799,0.9596122778675282,0.6428571428571429,0.7852529469951737,38.05084746765722,20.319453412581144,1.8726314480534882,6622.5474,1180.5664,8641.7,1058.7084,1287.9073,6.255308,3.933793e+06,0.01749727688729763,0.01000476349145174,1.2164892,4935.0117,818.3177,6459.4,4765.0093,1785.2943,1.0356772,2.931397e+06,0.012880383059382439,0.011330829933285713,0.37466756,2343.1145,511.40482,3425.8,2568.5432,1295.6266,0.9122348,1.39181e+06,0.010886402800679207,0.013980290852487087,0.50442076,2982.5505,355.16293,3706.65,2318.0,1484.5658,1.2866913,1.771635e+06,0.010141601786017418,0.019217094406485558,0.64045113,519.2407,75.04947,642.0,578.732,253.7762,0.8972041,308429.0,0.0050343978218734264,0.009917193092405796,0.43850383
aloxistatin,1140.0,145.68124086713192,0.9280982781501221,0.9652836579170194,0.5377358490566038,0.6750057173979243,62.622316239855856,23.31649978421529,2.6857511555936737,8070.972,1543.6821,10774.9,622.18475,864.4072,12.971987,9.200908e+06,0.02217578887939453,0.010845632292330265,1.3893095,4986.0063,1016.93805,7048.3,3994.6255,2132.3657,1.2481787,5.684047e+06,0.012942631728947163,0.00974355824291706,0.53380865,2007.3982,439.0051,2785.1,1824.1426,1657.2152,1.1004612,2.288434e+06,0.007886826992034912,0.012454059906303883,0.90848994,2694.143,331.42474,3193.4,1668.9357,978.26306,1.6142881,3.071323e+06,0.009173729456961155,0.017772095277905464,0.5861598,465.8456,103.63477,623.05,426.3055,332.65027,1.0927507,531064.0,0.005632603541016579,0.006934983190149069,0.78030956
dexamethasone,1061.0,125.05382386916236,0.7781015277248585,0.9725022914757103,0.6994067237969677,0.8525724521533488,46.51693988625038,29.219082228461062,1.592005509363337,5751.686,1201.9792,8113.0,502.2294,902.581,11.452309,6.102539e+06,0.02863459847867489,0.012951049022376537,1.7971488,3545.0151,561.5471,4663.0,2564.2754,1678.2401,1.3824627,3.761261e+06,0.010443601757287979,0.010312029160559177,0.65446955,1779.9369,226.52701,2198.0,1663.3093,1201.612,1.0701178,1.888513e+06,0.00810055248439312,0.016316577792167664,0.7224225,2164.2827,312.39072,2690.0,1154.993,842.5334,1.8738492,2.296304e+06,0.013037762604653835,0.020004235208034515,0.72947055,71.09048,21.243246,107.0,48.316998,34.00161,1.4713347,75427.0,0.020290886983275414,0.02016778290271759,0.70371944
dexamethasone,1182.0,132.5685424949238,0.8152202655183439,0.9768595041322314,0.788,0.8451744847564454,51.018361532934684,29.547336768933437,1.7266653144379578,7111.2173,1392.3092,9188.95,534.5836,607.26556,13.302348,8.405459e+06,0.026587601751089096,0.014149951748549938,1.1359599,5030.8276,997.90173,7049.75,3178.2861,2266.1526,1.5828744,5.946438e+06,0.014961445704102516,0.013804638758301735,0.7130109,2845.4712,588.0416,4050.2,2079.5452,1621.5919,1.3683141,3.363347e+06,0.015741834416985512,0.019447121769189835,0.779782,3184.4026,546.1874,4066.85,1386.8293,1120.5192,2.2961748,3.763964e+06,0.017967047169804573,0.02553560957312584,0.8079719,186.94078,26.348886,231.0,144.55771,43.513687,1.2931913,220964.0,0.022793851792812347,0.02332618273794651,0.30101258
dexamethasone,1155.0,127.63961030678927,0.6981176405478199,0.9746835443037974,0.7608695652173914,0.8908834868759719,45.47810689885339,32.561554704141706,1.3966810648961043,4994.447,812.495,6583.7,533.8523,950.9845,9.355484,5.768586e+06,0.02312433160841465,0.010891783982515335,1.7813625,3473.1758,759.9375,4821.5,2572.7603,1105.2693,1.3499804,4.011518e+06,0.010635479353368282,0.007931404747068882,0.42960447,1736.0978,336.29935,2370.1,1705.7969,857.54395,1.0177635,2.005193e+06,0.009244362823665142,0.01325371116399765,0.50272334,2273.955,533.7357,3580.7,1223.4926,676.8959,1.858577,2.626418e+06,0.014715651050209999,0.017984479665756226,0.5532489,57.780087,27.77261,103.3,31.815983,29.298504,1.816071,66736.0,0.0196966715157032,0.01898767240345478,0.92087376
dexamethasone,1077.0,127.29646455628166,0.7926246412747276,0.9702702702702702,0.6735459662288931,0.8352046108965653,47.59536815635247,29.019367779125716,1.6401242273303036,7325.7773,1600.9402,9831.4,552.8559,576.2523,13.25079,7.889862e+06,0.025870431214571,0.012492592446506023,1.0423192,4844.7603,796.6304,6405.4,3564.228,1978.8036,1.3592733,5.217807e+06,0.013928025960922241,0.00998495239764452,0.55518436,2655.3362,627.03955,4091.6,2209.19,1473.5826,1.2019502,2.859797e+06,0.0166002344340086,0.015188916586339474,0.66702396,3102.092,382.08978,3578.8,1526.5448,1246.4408,2.0321002,3.340953e+06,0.014219033531844616,0.019710078835487366,0.8165111,177.90808,28.604982,233.0,151.94296,40.10594,1.1708872,191607.0,0.024807406589388847,0.021961063146591187,0.26395392
dexamethasone,1166.0,141.43860018001263,0.8945553111475557,0.9700499168053245,0.5769421078673924,0.7324407783953828,57.90140813483477,25.879454926413512,2.2373503730845,6030.601,1002.30963,7706.0,439.05896,749.81885,13.735288,7.031681e+06,0.024085430428385735,0.012781140394508839,1.7077862,3732.8232,558.09906,4861.75,3123.1106,1536.5367,1.1952261,4.352472e+06,0.012479330413043499,0.013274184428155422,0.49198923,2083.174,344.1153,2706.5,2091.6226,1377.6317,0.9959608,2.428981e+06,0.013311491347849369,0.02057420276105404,0.6586426,2131.4065,188.42633,2446.25,1438.047,836.77124,1.4821535,2.48522e+06,0.009874928742647171,0.023309404030442238,0.58188033,69.48199,21.975214,106.0,47.536854,29.82675,1.4616446,81016.0,0.01989881321787834,0.01975526288151741,0.62744474
dexamethasone,1363.0,139.53910524340097,0.7217806580316064,0.9777618364418939,0.7211640211640211,0.8796579907383648,50.17582416336498,34.72778520376176,1.444832253740439,7517.603,1544.4362,9750.5,570.485,526.9655,13.177565,1.0246493e+07,0.025953494012355804,0.012570555321872234,0.92371494,5190.0728,1221.8063,7698.6,3791.4736,2463.0752,1.36888,7.074069e+06,0.015796314924955368,0.011159680783748627,0.6496353,3006.997,939.61084,4713.9,2575.593,1962.4545,1.167497,4.098537e+06,0.01890026405453682,0.016563469544053078,0.76194274,3224.7087,954.97925,5338.7,1557.4594,1304.338,2.070493,4.395278e+06,0.02046881429851055,0.01799929328262806,0.83747804,211.1394,28.781689,259.0,176.23325,47.609646,1.1980679,287783.0,0.025378350168466568,0.022564878687262535,0.27015132
dexamethasone,1141.0,125.9827560572969,0.5756266582499006,0.9735494880546075,0.7709459459459459,0.9033858806890204,42.257608392764986,34.55458022685826,1.222923505808338,7187.84,1395.8668,9335.0,592.4296,527.74286,12.132816,8.201325e+06,0.026246238499879837,0.012826338410377502,0.890811,5313.072,1426.343,8093.0,3720.3613,1451.1888,1.4281064,6.062215e+06,0.019934844225645065,0.010251057334244251,0.39006665,2935.3066,897.2906,4869.0,2268.808,1374.2257,1.2937659,3.349185e+06,0.019591525197029114,0.017028827220201492,0.60570383,3502.4802,1493.7848,7022.0,1635.1377,507.47153,2.1420093,3.99633e+06,0.025333207100629807,0.016499880701303482,0.310354,211.84312,36.431812,273.0,179.08385,38.26012,1.182927,241713.0,0.02559586428105831,0.02334357053041458,0.21364361
dexamethasone,697.0,100.91168824543142,0.7719448970438197,0.9653739612188366,0.7535135135135135,0.8601212912328691,37.59433714841028,23.898323477981577,1.5730951664055999,6157.3,1025.9927,7458.4,501.95596,673.6401,12.266614,4.291638e+06,0.026806673035025597,0.01377180591225624,1.3420303,4564.2007,822.09155,6059.2,3557.8455,2613.241,1.2828553,3.181248e+06,0.013497491367161274,0.016543228179216385,0.734501,2791.0862,715.1495,4220.4,2319.5273,2089.4233,1.2032995,1.945387e+06,0.01635613664984703,0.02538609690964222,0.900797,3094.7546,548.7861,3733.6,1675.0461,1710.9957,1.8475639,2.157044e+06,0.017659306526184082,0.022510448470711708,1.0214618,129.84074,23.44753,172.0,103.916664,41.042927,1.2494699,90499.0,0.020598862320184708,0.02067437767982483,0.39496002
dexamethasone,1288.0,135.05382386916236,0.6665234002552868,0.971342383107089,0.7612293144208038,0.8873847413374615,46.94466535121121,34.99650202607802,1.3414102162618964,8549.964,2118.405,11114.5,500.1416,393.78275,17.095087,1.1012354e+07,0.03331217169761658,0.014976480044424534,0.7873425,6283.9424,1734.5804,9687.2,3466.853,2543.9836,1.8125782,8.093718e+06,0.01984325237572193,0.01056862436234951,0.73380196,3565.6453,1318.079,6138.65,2303.8406,2069.4297,1.5476962,4.592551e+06,0.022284427657723427,0.01601184345781803,0.8982521,3720.125,804.99054,5505.4,1332.031,788.3979,2.7928216,4.791521e+06,0.027934325858950615,0.01622767001390457,0.5918765,228.76009,31.502302,285.0,173.1492,49.529484,1.3211732,294643.0,0.02383490651845932,0.02339581958949566,0.2860509
dexamethasone,704.0,98.08326112068522,0.6564802785656432,0.9750692520775623,0.7619047619047619,0.9195868008477179,34.548204214001345,26.06120247377281,1.3256565674116378,5504.7812,762.80286,6715.35,645.51886,812.95135,8.527684,3.875366e+06,0.023969948291778564,0.013945642858743668,1.2593766,4354.024,837.2165,6264.25,4242.581,1954.2505,1.0262676,3.065233e+06,0.017296163365244865,0.01751062460243702,0.46062773,2655.8025,565.8559,3954.6,2846.8135,1884.2115,0.9329036,1.869685e+06,0.02314029261469841,0.028133675456047058,0.6618669,2818.8608,393.9864,3347.25,2070.9143,1688.7887,1.3611673,1.984478e+06,0.015793049708008766,0.026871174573898315,0.81547976,121.484375,22.405478,161.85,106.5655,32.94298,1.1399972,85525.0,0.021853502839803696,0.022847620770335197,0.30913365
dexamethasone,1185.0,138.81118318204307,0.8633091660391554,0.966557911908646,0.7429467084639498,0.7728216897219733,54.723480925847504,27.61759595219335,1.981471559674311,8425.941,2148.7478,11578.4,562.2823,373.059,14.985251,9.98474e+06,0.03430430218577385,0.015806106850504875,0.6634728,5783.67,957.4953,7527.6,4407.622,2298.2173,1.3121973,6.853649e+06,0.015599770471453667,0.011914472095668316,0.52141887,3140.0347,692.14935,4573.0,2797.5574,1953.3767,1.1224201,3.720941e+06,0.016864892095327377,0.018069198355078697,0.6982437,3433.8936,543.2203,3949.0,2121.776,1217.4371,1.6184055,4.069164e+06,0.01689639873802662,0.02285107970237732,0.57378215,237.22784,27.970154,284.0,205.86191,39.940083,1.152364,281115.0,0.023735521361231804,0.02452096715569496,0.19401395
dexamethasone,771.0,104.32590180780451,0.6754570800782306,0.9685929648241206,0.7342857142857143,0.8901843340609173,36.570172686499276,26.9668198721124,1.3561173642249946,5783.5654,826.29895,6993.0,579.10724,738.1495,9.987037,4.459129e+06,0.02439175173640251,0.012695536948740482,1.2746335,4356.2686,623.0929,5595.5,3564.1116,2144.065,1.2222593,3.358683e+06,0.013996814377605915,0.014488308690488338,0.60157067,2483.7017,331.9525,3091.0,2402.5542,1647.4349,1.0337754,1.914934e+06,0.01510576345026493,0.023528587073087692,0.6857015,2950.214,316.40036,3463.5,1958.0862,1668.0372,1.5066825,2.274615e+06,0.01331237331032753,0.0287547018378973,0.8518712,123.58755,19.341858,154.0,104.274765,33.329643,1.1852105,95286.0,0.021246397867798805,0.021288922056555748,0.3196329
dexamethasone,1107.0,129.63961030678928,0.777327434183973,0.9702015775635408,0.7028571428571428,0.8277173356624736,47.649565227791385,29.97616159844323,1.5895819440160077,6824.139,1297.0513,8507.5,702.3574,609.40704,9.716049,7.554322e+06,0.0289932694286108,0.016716213896870613,0.86765945,5721.745,1041.7025,7929.9,5230.1206,1915.9774,1.0939987,6.333972e+06,0.01655532978475094,0.015115461312234402,0.3663352,3409.8862,860.33276,5257.9,3608.664,1768.597,0.9449165,3.774744e+06,0.018465839326381683,0.021852334961295128,0.49009743,3227.2646,785.0716,4797.5,2128.2134,1207.4473,1.5164196,3.572582e+06,0.017796963453292847,0.02465968392789364,0.56735253,235.3776,25.414152,279.0,203.1792,40.685875,1.1584729,260563.0,0.023781979456543922,0.023582812398672104,0.20024626
dexamethasone,914.0,113.9827560572969,0.692343125028868,0.9682203389830508,0.7430894308943089,0.8840518800985522,40.17989254282104,28.99254192547237,1.3858699470404023,6365.9473,1043.8691,8135.5,689.72327,628.7173,9.2297125,5.818476e+06,0.027052370831370354,0.013308174908161163,0.91155005,5532.5493,1120.916,7636.05,4895.6025,1857.8892,1.1301059,5.05675e+06,0.01692109927535057,0.013485602103173733,0.37950164,3256.2593,722.63574,4649.0,3327.1753,1695.6403,0.9786858,2.976221e+06,0.01867097057402134,0.02189892716705799,0.5096336,3655.1543,837.5312,5399.8,2246.5286,1013.36005,1.6270233,3.340811e+06,0.025724072009325027,0.026069400832057,0.4510782,225.22539,25.655468,269.0,207.3048,31.686073,1.0864456,205856.0,0.023840686306357384,0.02380896732211113,0.15284775
dexamethasone,708.0,103.7401153701776,0.8100439835453302,0.9619565217391305,0.6833976833976834,0.8267032946734532,39.36936767864125,23.084981475056185,1.7054104081123342,6941.4673,1398.9019,8994.65,478.59494,528.66864,14.503846,4.914559e+06,0.03198513388633728,0.012467335909605026,1.1046264,4984.387,681.48926,6342.95,2801.7385,2315.9326,1.7790337,3.528946e+06,0.01541298720985651,0.016215413808822632,0.82660556,2801.031,519.85254,3821.55,1669.9291,1629.2029,1.6773353,1.98313e+06,0.01852371357381344,0.02352425456047058,0.97561204,3176.822,305.8915,3600.6,1730.1362,1676.1271,1.8361688,2.24919e+06,0.016411036252975464,0.024929868057370186,0.9687833,178.77542,22.143257,215.0,138.91847,42.909424,1.2869089,126573.0,0.023587403818964958,0.02403399907052517,0.30888206
dexamethasone,1349.0,141.78174593052023,0.7889832691737316,0.9726027397260274,0.6820020222446916,0.8432982005250307,53.02020336662699,32.576391369800085,1.6275652746417861,7893.784,1666.508,10023.4,591.13116,421.96213,13.353693,1.0648715e+07,0.03162754699587822,0.01566718891263008,0.7138215,5914.428,927.8143,7643.6,4860.523,2050.1943,1.2168297,7.978564e+06,0.018587369471788406,0.014995940960943699,0.4218053,3411.6804,820.24066,5265.6,3387.2295,1659.8146,1.0072186,4.602357e+06,0.02125408500432968,0.023174474015831947,0.4900213,3651.997,415.95886,4493.0,1975.9203,1040.3496,1.8482512,4.926544e+06,0.020114045590162277,0.025138555094599724,0.52651393,251.18013,22.840492,289.0,224.03177,39.21033,1.1211809,338842.0,0.023031897842884064,0.025096526369452477,0.17502129
dexamethasone,843.0,106.08326112068522,0.39426783699249063,0.972318339100346,0.7982954545454546,0.9413339338123149,34.185917929675185,31.416707413374866,1.0881445174971263,15182.541,10040.532,33153.8,551.2396,615.5124,27.542543,1.2798882e+07,0.03545881062746048,0.006928636692464352,1.1165968,27528.531,7664.5684,36044.8,3390.3303,4743.076,8.1197195,2.3206552e+07,0.029726950451731682,0.022682365030050278,1.3990012,15151.0,3847.4478,20461.1,2456.5022,3098.7,6.1677127,1.2772293e+07,0.024978701025247574,0.021105332300066948,1.2614278,11678.042,2821.7234,14947.9,2261.464,2406.5574,5.16393,9.844589e+06,0.02602200210094452,0.021159162744879723,1.064159,500.5765,123.356606,638.0,143.25148,78.74152,3.4943898,421986.0,0.024073181673884392,0.025506017729640007,0.5496734
dexamethasone,1157.0,127.39696961966999,0.5784387406416115,0.9739057239057239,0.7606837606837606,0.8958288150808557,42.78906468469849,34.904145136881446,1.2259020960661045,8939.607,2469.5842,12219.0,674.587,395.96353,13.251971,1.0343126e+07,0.038330528885126114,0.023691454902291298,0.5869718,6391.503,1764.5934,10225.2,6306.047,2737.8467,1.0135515,7.394969e+06,0.01931111514568329,0.016860077157616615,0.4341621,3642.8806,1197.0326,6010.8,4366.7573,2436.2603,0.8342301,4.214813e+06,0.020888591185212135,0.021756017580628395,0.5579106,3533.1824,1052.7334,4949.6,2376.826,1560.703,1.4865129,4.087892e+06,0.023288028314709663,0.022981544956564903,0.65663326,255.46153,36.800304,325.4,244.47688,56.586006,1.0449313,295569.0,0.024499841034412384,0.025293594226241112,0.23145749
dexamethasone,1174.0,126.22539674441619,0.4084748003465225,0.9750830564784053,0.7718606180144642,0.925943467488854,40.499032922869816,36.96628596598345,1.0955667269397098,9447.672,2666.1282,12570.05,568.09753,344.79398,16.63037,1.1091567e+07,0.044024303555488586,0.019694892689585686,0.60692745,7017.6294,1573.7905,9739.45,5753.3203,3125.4563,1.2197529,8.238697e+06,0.022410165518522263,0.021264512091875076,0.54324394,4223.565,1498.966,7717.15,3944.2927,2632.4229,1.0708041,4.958465e+06,0.026919960975646973,0.028117777779698372,0.6674005,3536.2546,1127.8307,4937.85,2143.6047,1710.3198,1.6496767,4.151563e+06,0.018148936331272125,0.020326679572463036,0.7978709,255.8552,26.864151,305.35,225.87286,53.834076,1.1327399,300374.0,0.024240689352154732,0.025388989597558975,0.23833795
dexamethasone,988.0,123.53910524340094,0.8321810738531953,0.9772502472799208,0.6382428940568475,0.8135006523060255,48.09640793224788,26.669649469680575,1.8034135764298793,7058.6084,1594.1234,9524.4,616.0151,556.7368,11.4585,6.973905e+06,0.030646879225969315,0.01337692141532898,0.9037714,6080.2124,1104.8046,8121.25,4126.728,1803.046,1.4733737,6.00725e+06,0.018563367426395416,0.014739036560058594,0.43691903,3316.6812,747.2155,4742.2,2618.4321,1343.5006,1.2666669,3.276881e+06,0.01646065153181553,0.020905036479234695,0.51309353,3635.2043,825.64386,5395.75,1830.4712,883.0502,1.9859391,3.591582e+06,0.02071939967572689,0.021209631115198135,0.48241687,264.8927,32.40815,315.0,254.73714,273.94376,1.0398668,261714.0,0.025083493441343307,0.02540530078113079,1.0753978
dexamethasone,1389.0,139.29646455628165,0.6703688900697613,0.9774806474313863,0.7577741407528642,0.8995636999227681,48.862487881367656,36.25733410635933,1.3476580417642303,8336.039,1938.5664,10954.2,517.8619,342.64865,16.097033,1.1578758e+07,0.04733648896217346,0.017790989950299263,0.6616603,6942.376,1044.1366,9074.2,4081.6294,2736.0105,1.7008835,9.64296e+06,0.021773427724838257,0.01894448697566986,0.67032313,4132.4355,651.60297,5505.8,2843.943,2287.2766,1.4530655,5.739953e+06,0.021587304770946503,0.030192380771040916,0.80426246,4447.381,782.72577,6123.0,1852.2286,1056.6106,2.401097,6.177412e+06,0.030276842415332794,0.025033453479409218,0.57045364,242.77466,25.384962,287.6,188.82738,39.90233,1.2856963,337214.0,0.023666759952902794,0.02393488399684429,0.21131644
dexamethasone,1371.0,141.53910524340094,0.722855132044424,0.9751066856330014,0.7323717948717948,0.8599920314258849,50.55617613762838,34.93429788652778,1.4471788241413344,8712.821,2157.9294,11643.5,497.00998,365.95193,17.530476,1.1945278e+07,0.038937799632549286,0.016843389719724655,0.736307,5684.858,970.74713,7480.5,3608.6929,2178.6128,1.5753233,7.79394e+06,0.01425179373472929,0.013874560594558716,0.60371244,3000.2712,613.3311,4249.5,2201.028,1473.0732,1.3631227,4.113372e+06,0.01658765971660614,0.021718153730034828,0.669266,3851.6477,929.8563,5815.5,1672.4962,1088.5184,2.3029337,5.280609e+06,0.026457753032445908,0.025368979200720787,0.6508346,196.04523,28.888216,239.0,162.53342,43.26399,1.2061841,268778.0,0.022940397262573242,0.025490520521998405,0.2661852
dexamethasone,712.0,103.25483399593904,0.7823739692486843,0.966078697421981,0.7401247401247402,0.8392069503383265,38.55412922947711,24.0118562496446,1.6056288538728758,7106.75,1671.701,9891.6,500.4164,574.80707,14.201673,5.060006e+06,0.037258971482515335,0.013853861950337887,1.1486576,4583.923,878.2608,6081.35,3207.9216,2256.7036,1.4289385,3.263753e+06,0.014322582632303238,0.013764113187789917,0.7034784,2681.5547,796.99554,4166.05,1905.617,1607.53,1.4071845,1.909267e+06,0.019107524305582047,0.02012220025062561,0.8435746,3189.059,555.0115,3827.95,1872.3187,1504.8351,1.7032672,2.27061e+06,0.020376816391944885,0.021504836156964302,0.80372804,132.95224,29.843185,183.45,116.875,46.9882,1.1375593,94662.0,0.025674544274806976,0.023598909378051758,0.4020381
dexamethasone,2011.0,208.75230867899734,0.7288599105917615,0.8816308636562911,0.6445512820512821,0.5799083473853107,64.5748489978318,44.21200074557789,1.4605728740808142,6858.42,1678.9121,9467.5,558.91907,680.69116,12.2708645,1.3792282e+07,0.0325663797557354,0.016451647505164146,1.2178707,4732.221,1039.1493,7188.5,3935.6816,2140.4106,1.2023892,9.516497e+06,0.01611519791185856,0.018336864188313484,0.5438475,2681.9482,809.2581,4471.0,2533.175,1615.0371,1.0587299,5.393398e+06,0.020019203424453735,0.024623678997159004,0.63755447,3500.0974,1380.3538,6946.0,2724.9941,4030.7256,1.2844422,7.038696e+06,0.029085803776979446,0.032931264489889145,1.4791685,113.97912,29.185793,158.0,130.63367,164.67139,0.87250954,229212.0,0.02446800470352173,0.028737861663103104,1.2605586
dexamethasone,1041.0,125.9827560572969,0.8038304332693151,0.9665738161559888,0.7229166666666667,0.8242109568775374,47.48694482736331,28.248012750741083,1.681072054391419,7513.0933,1877.1108,10855.0,604.2526,480.83383,12.433696,7.82113e+06,0.03759157657623291,0.014880925416946411,0.79574966,6745.6357,2070.644,11229.0,4144.0405,2464.3596,1.6277919,7.022207e+06,0.02399909868836403,0.015482350252568722,0.59467554,3901.558,1182.4835,6410.0,2705.068,1867.8824,1.4423141,4.061522e+06,0.02116760052740574,0.02224387414753437,0.6905122,3769.44,1343.9485,7043.0,1786.1241,1065.0778,2.1104019,3.923987e+06,0.024298975244164467,0.023587336763739586,0.5963067,281.83765,50.70981,386.0,232.52547,42.86363,1.2120721,293393.0,0.024850012734532356,0.025720739737153053,0.1843395
dexamethasone,998.0,131.53910524340094,0.9008469827174361,0.9689320388349515,0.594047619047619,0.7248207847796273,54.20485084491329,23.532317532100674,2.3034216995827927,7484.881,1591.4279,9847.3,595.9382,441.0557,12.559828,7.469911e+06,0.03503546118736267,0.015443481504917145,0.7401031,6802.096,1196.009,8906.05,3864.8577,2364.0618,1.7599862,6.788492e+06,0.02334723062813282,0.016594193875789642,0.61168146,3610.089,613.3386,4892.35,2345.316,1691.9353,1.5392762,3.602869e+06,0.020488418638706207,0.02335631102323532,0.7214104,4547.7466,967.5451,6717.05,2000.4249,899.94055,2.2733903,4.538651e+06,0.035170454531908035,0.02310718595981598,0.4498747,273.6413,27.01765,318.0,220.17387,42.720207,1.2428418,273094.0,0.02472355216741562,0.024713711813092232,0.1940294
dexamethasone,1036.0,126.22539674441619,0.8350766836532245,0.9709465791940018,0.7038043478260869,0.8171017311060075,49.2503834413229,27.094288710398228,1.8177404089748856,7052.8193,1429.6271,9388.75,602.08185,498.24734,11.714054,7.306721e+06,0.030187999829649925,0.013563593849539757,0.8275409,6646.386,1066.0144,8691.5,3890.565,2650.923,1.7083344,6.885656e+06,0.0227578803896904,0.016410376876592636,0.6813723,3656.3647,598.69446,4927.0,2422.9595,1809.3372,1.509049,3.787994e+06,0.01998916082084179,0.023557113483548164,0.7467468,3963.638,604.2917,5171.75,1962.1047,1494.0331,2.0200949,4.106329e+06,0.02159982919692993,0.02645266242325306,0.7614441,268.90445,24.40029,309.0,213.3623,41.98044,1.2603184,278585.0,0.025506090372800827,0.025198303163051605,0.19675659
dexamethasone,1405.0,157.29646455628165,0.8959005393631517,0.9518970189701897,0.6979632389468455,0.7135891950610109,64.0311861128504,28.44615430319122,2.2509610765089287,8896.684,2593.5889,13013.8,522.98206,350.37912,17.011452,1.249984e+07,0.04490547254681587,0.01733889803290367,0.66996396,6699.4995,1330.2607,9272.4,3079.6157,2988.9998,2.1754336,9.412797e+06,0.021535750478506088,0.015169748105108738,0.9705756,3832.5466,914.6869,5233.6,2121.7368,2323.0413,1.8063252,5.384728e+06,0.022426769137382507,0.02135867066681385,1.0948772,3691.6514,623.80676,5011.8,1306.5461,979.24457,2.825504,5.18677e+06,0.024327361956238747,0.018612537533044815,0.749491,290.32098,31.580956,344.0,218.58524,44.971127,1.328182,407901.0,0.0259538684040308,0.023800428956747055,0.20573726
dexamethasone,1032.0,130.12489168102783,0.8712980611836305,0.9690140845070423,0.6273556231003039,0.7658942328350977,51.897094122531314,25.468717107237282,2.037679946893911,5567.3525,835.5549,7079.75,637.51715,757.6298,8.732867,5.745508e+06,0.032390106469392776,0.01698443479835987,1.188407,5049.63,1401.9078,8139.65,3566.5588,2498.6663,1.4158269,5.211218e+06,0.028694234788417816,0.02091800421476364,0.7005818,2715.659,703.92834,3928.3,2685.776,2216.979,1.0111264,2.80256e+06,0.027732141315937042,0.03719312697649002,0.82545197,3316.6492,310.29895,3858.8,1643.594,736.3286,2.0179248,3.422782e+06,0.012653369456529617,0.010671437717974186,0.4479991,244.95058,22.47239,284.0,220.08562,51.33319,1.1129786,252789.0,0.02323235757648945,0.028157370164990425,0.23324192
dexamethasone,1340.0,157.095454429505,0.9232718781416847,0.9710144927536232,0.5564784053156147,0.682318936739727,66.75233566909759,25.642720040034696,2.6031690696182195,7237.8315,1533.4221,9594.25,456.69135,563.7258,15.84841,9.698694e+06,0.03099229745566845,0.013155312277376652,1.2343694,4759.197,904.86383,6569.5,2433.7224,2054.512,1.9555216,6.377324e+06,0.014582592993974686,0.010503720492124557,0.844185,2610.9536,419.4331,3537.1,1645.0104,1457.8636,1.5871959,3.498678e+06,0.011893946677446365,0.0153487054631114,0.8862337,2664.6365,541.0552,3929.8,1136.9803,839.07166,2.3436081,3.570613e+06,0.015435836277902126,0.01911056600511074,0.7379826,170.76791,25.74303,215.0,125.79923,35.06346,1.3574638,228829.0,0.02349517121911049,0.02236822247505188,0.27872556
dexamethasone,1045.0,128.8111831820431,0.7934993397653288,0.9439927732610659,0.6884057971014492,0.791441858016875,47.338861780909916,28.809063732695027,1.6431933442941316,10984.666,6673.8975,25181.0,564.02673,650.8953,19.475435,1.1478976e+07,0.03631850704550743,0.006818946450948715,1.1540151,18592.13,6410.214,27620.4,1583.0732,2514.3684,11.744328,1.9428776e+07,0.035892169922590256,0.01604258455336094,1.5882831,10265.049,3126.7073,14948.0,924.8218,1260.6292,11.099488,1.0726976e+07,0.03355130925774574,0.01115777250379324,1.3631049,7601.0317,2328.6372,11071.4,985.3669,1165.5256,7.71391,7.943078e+06,0.02712857536971569,0.009777532890439034,1.1828341,444.2067,115.45326,608.6,156.90067,59.062126,2.8311334,464196.0,0.022803986445069313,0.02228596992790699,0.37643006
dexamethasone,1365.0,148.26702730475878,0.8698919384120386,0.975,0.6224350205198358,0.7802851738124775,59.46805886411904,29.33216508311147,2.027400933262811,8121.019,1790.0688,10417.2,453.9095,355.95093,17.891273,1.1085191e+07,0.041037458926439285,0.018341602757573128,0.7841892,5166.801,871.15594,6870.0,2784.6648,2459.7852,1.855448,7.052683e+06,0.020841751247644424,0.017561474815011024,0.8833326,2887.424,512.1364,3936.8,1722.4902,1655.9341,1.6763079,3.941334e+06,0.01847316138446331,0.020815595984458923,0.9613605,3369.9297,480.80966,4266.0,1360.2574,1087.4893,2.4774206,4.599954e+06,0.022165745496749878,0.028605442494153976,0.7994731,189.38242,21.112682,225.0,142.40198,43.89466,1.3299142,258507.0,0.02363624982535839,0.024180911481380463,0.30824474
dexamethasone,1518.0,150.02438661763952,0.7506942179030055,0.9724535554131967,0.69,0.8475355347135786,54.2730111478183,35.8554553143373,1.5136611896855898,8330.89,2286.5237,12173.15,598.78705,405.6254,13.912942,1.264629e+07,0.05161462351679802,0.019257113337516785,0.6774118,6265.842,1040.7902,8213.15,4587.2954,2274.1572,1.365912,9.511548e+06,0.020237848162651062,0.01725388877093792,0.4957512,3498.8918,692.57623,4684.6,3037.5444,1750.8242,1.1518817,5.311318e+06,0.021832842379808426,0.023568052798509598,0.5763946,3662.012,896.08746,5086.3,1761.659,803.6565,2.0787292,5.558934e+06,0.027439799159765244,0.018408549949526787,0.45619297,271.12714,25.72998,314.15,238.28566,37.175884,1.1378239,411571.0,0.02372973971068859,0.025102898478507996,0.15601394
dexamethasone,935.0,112.32590180780451,0.5261498120268475,0.975991649269311,0.7896959459459459,0.9312400529824925,37.44211697200516,31.84047280953167,1.175928422796429,12589.47,8788.38,31840.0,631.0991,735.7681,19.948483,1.1771154e+07,0.024323545396327972,0.005545284133404493,1.165852,27449.682,10052.319,40581.3,3964.2014,3293.724,6.9243913,2.5665452e+07,0.020237164571881294,0.012433060444891453,0.830867,15574.412,5831.1997,24074.9,2375.46,2160.9683,6.5563774,1.4562075e+07,0.02143479883670807,0.01059393398463726,0.9097052,8313.177,2157.3271,11034.9,1796.9581,1176.2225,4.62625,7.77282e+06,0.020991414785385132,0.00878913328051567,0.6545631,471.01605,150.45695,684.0,123.69957,60.195694,3.807742,440400.0,0.021894173696637154,0.022237947210669518,0.48662814
dexamethasone,897.0,123.49747468305833,0.8930062881696006,0.9624463519313304,0.71875,0.7390709852199862,50.421449308322764,22.691880107383614,2.2220040415212816,6630.1885,1221.2294,8711.8,607.18317,541.5846,10.919585,5.947279e+06,0.03957114741206169,0.015690961852669716,0.89196247,6233.312,1693.0128,10050.0,4211.9814,2522.1487,1.4799001,5.591281e+06,0.03528674319386482,0.023597387596964836,0.59880334,3360.194,981.78253,5324.4,2962.9744,1920.9415,1.1340611,3.014094e+06,0.02885163575410843,0.032955870032310486,0.64831525,3630.708,475.39706,4330.6,1830.1852,805.85016,1.9837927,3.256745e+06,0.015271170996129513,0.017167039215564728,0.44031072,279.4147,32.033318,334.0,251.01135,79.1843,1.1131556,250635.0,0.02828742377460003,0.030935486778616905,0.31546104
dexamethasone,1218.0,139.53910524340094,0.8560313403905451,0.9689737470167065,0.6633986928104575,0.7860773534257731,54.88977992767856,28.3738404842881,1.9345206355859215,7801.2207,1772.6952,10544.15,406.86563,492.18283,19.173948,9.501887e+06,0.03390887379646301,0.015915092080831528,1.2096938,5388.307,1086.2247,7477.15,2779.2466,2326.7786,1.9387654,6.562958e+06,0.021951207891106606,0.016270197927951813,0.8371976,2851.6733,655.7463,4266.3,1893.1211,1615.084,1.5063343,3.473338e+06,0.020372046157717705,0.02223741076886654,0.85313296,3304.2258,670.40784,4530.85,1297.9283,1206.0634,2.545769,4.024547e+06,0.025445004925131798,0.024074820801615715,0.9292218,170.59113,27.411903,218.15,124.49602,41.226974,1.3702537,207780.0,0.02476540394127369,0.024402029812335968,0.33115095
dexamethasone,705.0,98.18376618407358,0.6767864733581253,0.9764542936288089,0.8216783216783217,0.9190086667939222,34.98665125990688,25.756450993799934,1.3583646003220253,7432.129,1665.7998,9983.8,442.897,515.65393,16.780716,5.239651e+06,0.03936956077814102,0.014890195801854134,1.164275,9018.239,2590.8381,13919.0,2992.1821,3323.329,3.013934,6.357859e+06,0.02899480052292347,0.01948375813663006,1.1106707,5345.933,1546.8813,8410.8,1795.7324,2146.0151,2.977021,3.768883e+06,0.03159584477543831,0.022213585674762726,1.195064,5277.2793,1809.0038,9647.6,1565.4326,1077.621,3.3711317,3.720482e+06,0.031779903918504715,0.016161074861884117,0.6883854,232.48085,39.10223,296.0,118.609344,55.051342,1.9600551,163899.0,0.025677911937236786,0.02312839776277542,0.46414
dexamethasone,1013.0,130.12489168102786,0.8294920993243385,0.9556603773584905,0.6117149758454107,0.7517934669204978,49.064809742127615,27.403601406253472,1.790451153290059,8080.1035,2358.7385,11493.0,724.76117,544.8802,11.148643,8.185145e+06,0.037665996700525284,0.01981172151863575,0.75180656,7249.7246,1380.4153,9849.4,6404.3193,2633.542,1.1320055,7.343971e+06,0.027698025107383728,0.0245314110070467,0.4112134,4109.031,1093.328,6369.4,4066.4546,2134.6543,1.0104702,4.162448e+06,0.02196977473795414,0.027123529464006424,0.52494234,3713.856,942.3045,5092.2,2334.0415,1034.7504,1.5911696,3.762136e+06,0.027846600860357285,0.025105364620685577,0.4433299,255.9378,37.474453,311.0,221.96669,55.8342,1.153046,259265.0,0.023701097816228867,0.024997560307383537,0.25154316
dexamethasone,555.0,85.84062043356593,0.49414932649478444,0.9719789842381786,0.7655172413793103,0.9464924440015473,28.576692854926193,24.84392073670399,1.150248914323232,11534.175,6254.841,22036.2,628.77686,528.36774,18.343828,6.401467e+06,0.048474542796611786,0.010369527153670788,0.8403104,20280.01,5573.986,26976.4,3726.5461,4833.9297,5.442039,1.1255405e+07,0.02968815714120865,0.025518517941236496,1.2971609,11571.787,2683.3074,15334.8,1971.9238,2452.5251,5.868273,6.422342e+06,0.027284875512123108,0.020568400621414185,1.2437221,8830.175,3240.798,14439.9,2030.8925,2683.3215,4.3479285,4.900747e+06,0.02577049471437931,0.019862212240695953,1.3212523,459.3982,89.23467,602.5,218.50029,95.8671,2.1025062,254966.0,0.01489538885653019,0.024559244513511658,0.43875048
dexamethasone,812.0,120.22539674441619,0.9170959128958445,0.970131421744325,0.6014814814814815,0.7059492081427761,50.94796324464198,20.311253110775873,2.5083613978308508,5727.819,953.37537,7302.75,569.08484,731.7857,10.064964,4.650989e+06,0.029098626226186752,0.013934282585978508,1.2858992,4483.7744,835.58484,6163.25,3007.1174,2560.6392,1.4910539,3.640825e+06,0.015531130135059357,0.013244257308542728,0.85152614,2586.9138,503.6186,3587.8,2078.3438,1867.5059,1.2446997,2.100574e+06,0.01581965573132038,0.017121726647019386,0.89855486,2956.654,316.1024,3522.9,1533.9807,1434.8868,1.9274389,2.400803e+06,0.012847856618463993,0.02674696408212185,0.93540084,182.53448,24.454794,226.0,148.8848,45.73335,1.2260116,148218.0,0.02265212871134281,0.022747701033949852,0.30717272
dexamethasone,591.0,99.1126983722081,0.8260703900462192,0.9501607717041801,0.7242647058823529,0.7560295049986582,37.223886403967285,20.978152245287436,1.7744120630228202,7638.389,1661.6459,9808.5,466.1868,433.0598,16.384825,4.514288e+06,0.03726867213845253,0.016330141574144363,0.92894053,5355.195,1109.3883,7652.0,2854.2786,2306.3179,1.8761991,3.16492e+06,0.026184706017374992,0.017023881897330284,0.8080213,2675.406,732.6336,4275.5,1754.751,1507.3241,1.5246642,1.581165e+06,0.02295790985226631,0.019069885835051537,0.85899603,3331.1455,620.88885,4442.5,1319.884,846.33954,2.5238168,1.968707e+06,0.023551028221845627,0.016025008633732796,0.64122266,232.00845,30.449175,288.0,175.87494,56.387966,1.3191673,137117.0,0.026924708858132362,0.02787688933312893,0.32061398
dexamethasone,493.0,90.76955262170047,0.8343604215996109,0.9610136452241715,0.6538461538461539,0.7519282358502116,34.44986990336061,18.989432241246057,1.8141600794432209,7637.1523,1907.3251,10455.6,453.04663,460.37173,16.85732,3.765116e+06,0.03611323982477188,0.015016601420938969,1.0161686,4881.5396,879.9613,6683.4,2093.1724,2050.2407,2.332125,2.406599e+06,0.018123600631952286,0.01531412173062563,0.9794897,2453.225,456.48187,3324.0,1219.4519,1237.9358,2.011744,1.20944e+06,0.01836833916604519,0.01791222207248211,1.0151576,3101.1177,322.2491,3627.4,1622.0597,1334.3022,1.9118395,1.528851e+06,0.016517318785190582,0.02541905641555786,0.8225975,219.49696,25.704092,261.0,164.71802,44.17573,1.332562,108212.0,0.02379434183239937,0.02541370876133442,0.26819003
dexamethasone,781.0,105.25483399593904,0.6886436620009276,0.9701863354037267,0.765686274509804,0.885883874952883,37.18637939043506,26.963841049364735,1.379120256730306,7511.7285,1641.8112,9841.0,651.93396,478.5415,11.522223,5.86666e+06,0.0356752872467041,0.015388439409434795,0.7340337,6476.15,1020.9751,8379.0,5187.908,2472.0154,1.2483162,5.057873e+06,0.024089308455586433,0.023621724918484688,0.4764956,3565.7925,835.53284,5154.0,3035.819,1803.3795,1.1745734,2.784884e+06,0.021579559892416,0.026128897443413734,0.5940339,3570.785,621.17444,4674.0,2146.3025,1802.0748,1.6636914,2.788783e+06,0.019021661952137947,0.02497383952140808,0.83961827,250.60307,29.068441,296.0,213.01321,45.576153,1.1764673,195721.0,0.024678990244865417,0.026219984516501427,0.21395928
dexamethasone,628.0,98.76955262170047,0.8401974738107509,0.9631901840490797,0.7476190476190476,0.8089530830278305,38.829484823390196,21.056474747620666,1.8440638943030025,8508.309,2593.5688,12267.35,379.60236,402.36023,22.41374,5.343218e+06,0.05102166905999184,0.017564747482538223,1.0599519,7932.134,1929.732,11541.5,2219.9004,3200.5437,3.5731936,4.98138e+06,0.02567353844642639,0.0166834257543087,1.441751,4699.196,1474.5205,8020.0,1324.2869,2006.1149,3.5484726,2.951095e+06,0.032466642558574677,0.019094401970505714,1.5148643,4542.65,1146.7192,6581.95,1148.4624,1169.7692,3.9554188,2.852784e+06,0.03281217813491821,0.016716521233320236,1.0185524,217.00797,36.434677,279.65,105.36636,53.502438,2.0595565,136281.0,0.028115998953580856,0.02274385467171669,0.5077753
dexamethasone,963.0,121.29646455628165,0.7773814042733931,0.962037962037962,0.6506756756756756,0.8225074984531324,44.4687573582695,27.97216163541257,1.5897504789895234,5847.7817,825.72235,7206.5,815.3911,712.6636,7.1717505,5.631414e+06,0.02834000438451767,0.016046570613980293,0.8740144,5490.325,732.9186,6906.9,5808.3125,2720.6406,0.9452531,5.287183e+06,0.019755367189645767,0.021088136360049248,0.46840465,3116.052,547.4621,4202.2,3776.7104,1961.0713,0.8250704,3.000758e+06,0.017727229744195938,0.02390233799815178,0.5192538,3009.841,303.02515,3436.7,2453.7588,1223.7283,1.2266247,2.898477e+06,0.012175220064818859,0.029260549694299698,0.4987158,228.11423,23.24593,267.0,207.22462,51.338467,1.1008066,219674.0,0.022710420191287994,0.02619161456823349,0.24774309
dexamethasone,634.0,95.25483399593902,0.7167131042912108,0.9635258358662614,0.7337962962962963,0.8780617783309436,34.060464525891504,23.75268287821322,1.4339628369784254,9930.1455,3934.111,16021.45,599.3872,362.9694,16.567163,6.295712e+06,0.055642303079366684,0.01873338595032692,0.60556746,11612.771,2935.6328,16150.7,4184.431,3464.075,2.775233,7.362497e+06,0.0278231892734766,0.01779293641448021,0.8278485,7282.087,1669.3037,10110.35,2631.8442,2235.816,2.7669141,4.616843e+06,0.02706218883395195,0.018202995881438255,0.8495244,5805.7983,1848.9225,9360.65,1817.9054,1402.5615,3.1936746,3.680876e+06,0.03853682801127434,0.015526626259088516,0.77152616,333.9779,48.32448,414.0,211.26851,63.0856,1.580822,211742.0,0.02559884637594223,0.023548606783151627,0.2986039
dexamethasone,886.0,111.49747468305833,0.588167988244815,0.9683060109289617,0.7690972222222222,0.8955988426252876,37.437259164772236,30.276963380493477,1.2364931943238375,6409.8975,1103.3231,8198.0,685.4515,655.0626,9.351351,5.679169e+06,0.028566738590598106,0.013983545824885368,0.95566595,4940.378,936.2777,6702.25,3700.9255,2011.2925,1.3349034,4.377175e+06,0.01609920710325241,0.016333626583218575,0.5434566,2698.3103,517.26526,3735.0,2107.4812,1434.4738,1.2803484,2.390703e+06,0.015166026540100574,0.019315317273139954,0.6806579,2935.9143,1023.50696,4504.0,1902.5387,1787.2147,1.5431561,2.60122e+06,0.017297595739364624,0.021306270733475685,0.93938416,186.7912,26.879892,229.0,177.02496,48.364254,1.0551687,165497.0,0.02209380827844143,0.023793047294020653,0.27320585
dexamethasone,1257.0,140.5685424949238,0.8237417513390227,0.9573495811119573,0.7797766749379652,0.799408677339196,53.89114965986389,30.554405926620536,1.7637767132271818,9204.8955,2817.7126,13517.4,499.24576,298.3556,18.437603,1.1570554e+07,0.05656638368964195,0.01875515654683113,0.5976127,5924.339,997.7417,7770.2,3706.8853,2237.9717,1.5981987,7.446894e+06,0.018982751294970512,0.016871199011802673,0.6037337,3154.4639,667.55084,4576.6,2316.1243,1519.454,1.3619579,3.965161e+06,0.018486661836504936,0.020604919642210007,0.65603304,3580.043,532.0526,4529.0,1513.6064,971.5597,2.3652403,4.500114e+06,0.019839007407426834,0.02030791901051998,0.64188397,205.16866,25.01936,248.0,163.72287,36.523674,1.2531459,257897.0,0.023170405998826027,0.02199128456413746,0.2230823
dexamethasone,845.0,115.1543289325507,0.8448506731131602,0.9635119726339795,0.6814516129032258,0.8007667566591321,45.09932315300752,24.12823652099472,1.869151237545488,5974.379,957.18524,7624.8,544.9788,659.1021,10.962589,5.04835e+06,0.031093202531337738,0.012804219499230385,1.2094086,4302.6543,1044.991,6615.8,2600.0571,1686.0424,1.6548307,3.635743e+06,0.01980338804423809,0.011304408311843872,0.6484636,2247.0898,545.69244,3278.8,1687.0596,1188.6932,1.3319564,1.898791e+06,0.015076771378517151,0.014593311585485935,0.70459473,2514.7917,507.92133,3345.2,1375.9075,1154.9513,1.8277332,2.124999e+06,0.012272611260414124,0.017692724242806435,0.8394106,155.26154,24.058636,197.0,135.10797,38.276924,1.1491663,131196.0,0.020288148894906044,0.02222069539129734,0.28330618
dexamethasone,700.0,99.25483399593904,0.5002184231493816,0.9628610729023384,0.778642936596218,0.8929035905471231,32.331922032060085,27.99618737451058,1.1548687540753146,8341.001,2451.062,11677.2,544.8363,400.3116,15.309187,5.838701e+06,0.041361089795827866,0.016734011471271515,0.7347374,6747.9985,1550.9939,9637.55,3757.62,3135.9514,1.7958171,4.723599e+06,0.022349191829562187,0.018752915784716606,0.8345579,3815.0715,1130.4865,6220.6,2191.2915,1983.3182,1.7410151,2.67055e+06,0.020639533177018166,0.017893904820084572,0.905091,3380.5728,1154.766,5846.15,1563.5828,1426.253,2.1620684,2.366401e+06,0.02439725212752819,0.018716881051659584,0.9121699,221.20428,29.908283,275.0,174.66295,52.893764,1.2664638,154843.0,0.02371055632829666,0.0232834592461586,0.30283335
dexamethasone,751.0,105.01219330881975,0.5596631868591946,0.950632911392405,0.7570564516129032,0.8557961774929834,34.33985989588633,28.45813447081379,1.2066799364907332,7363.9253,1792.9601,9844.5,561.01117,501.9772,13.126165,5.530308e+06,0.03872114419937134,0.01552573312073946,0.89477223,7199.53,1831.7909,10659.0,3322.6318,2706.6296,2.1668153,5.406847e+06,0.02513282187283039,0.018418019637465477,0.81460416,3957.715,1170.2698,6314.0,1950.8506,1713.6547,2.0287125,2.972244e+06,0.02143753319978714,0.018828200176358223,0.8784141,3688.088,1383.5771,6413.0,1143.962,685.7456,3.22396,2.769754e+06,0.028607109561562538,0.011537383310496807,0.59944785,218.63649,30.609472,269.0,151.74733,40.311092,1.440793,164196.0,0.023669308051466942,0.02324162982404232,0.26564613
dexamethasone,817.0,108.66904755831214,0.8015256939146131,0.9737783075089392,0.7970731707317074,0.8694011278281005,41.74412542019101,24.961331212210496,1.6723517293729417,5891.247,802.3555,7259.8,535.9854,709.6373,10.991432,4.813149e+06,0.029868559911847115,0.01515908446162939,1.3239863,5584.038,1229.1462,8082.8,3793.5547,2667.8604,1.4719803,4.562159e+06,0.022447433322668076,0.016318777576088905,0.7032613,3308.2166,688.56055,4610.0,2703.5417,2191.8784,1.2236602,2.702813e+06,0.020444514229893684,0.022713394835591316,0.81074333,3256.6182,517.16473,4329.2,1527.6404,1035.0065,2.1317964,2.660657e+06,0.020467573776841164,0.02371249534189701,0.67751974,169.37698,23.112621,207.2,122.70427,39.79062,1.3803675,138381.0,0.022194797173142433,0.0209560077637434,0.32428065
dexamethasone,769.0,107.1543289325507,0.8197006096004947,0.9685138539042821,0.6890681003584229,0.8416213852540034,41.370361443297014,23.696620571236206,1.7458338128397017,6489.792,1002.7747,8091.8,545.827,560.4111,11.8898325,4.99065e+06,0.03130512312054634,0.013760552741587162,1.0267192,4887.823,634.27893,6115.6,3736.381,1849.4794,1.3081704,3.758736e+06,0.015186293981969357,0.015168123878538609,0.49499217,2909.6555,474.8105,3874.4,2373.1934,1471.4485,1.2260507,2.237525e+06,0.011529188603162766,0.017245812341570854,0.6200289,2481.5942,377.70557,3206.2,1478.2517,846.98663,1.678736,1.908346e+06,0.011361181735992432,0.016854671761393547,0.5729651,148.3576,20.675291,183.0,132.69327,31.579939,1.1180493,114087.0,0.02016867697238922,0.02104109339416027,0.23799202
dexamethasone,763.0,102.66904755831214,0.621241165576976,0.9682741116751269,0.7785714285714286,0.9096102291647378,35.3577054678649,27.706985075203203,1.2761296608741755,6537.239,1229.9694,8388.4,742.7044,708.90717,8.801939,4.987913e+06,0.02970561757683754,0.01845146156847477,0.95449436,5174.157,1185.7678,7605.0,6065.1797,2230.6387,0.85309213,3.947882e+06,0.018528593704104424,0.02102772146463394,0.36777782,3146.6697,1107.3795,5798.7,4034.5825,1866.1344,0.77992445,2.400909e+06,0.017370423302054405,0.024735143408179283,0.4625347,3118.9724,504.67514,3929.5,2490.8103,1568.6853,1.2521919,2.379776e+06,0.017254218459129333,0.02815215475857258,0.6297892,160.69069,21.384117,196.0,164.10321,36.5131,0.979205,122607.0,0.01890135183930397,0.023150671273469925,0.22250083
dexamethasone,712.0,100.66904755831213,0.6913640957123425,0.9531459170013387,0.7478991596638656,0.8828723957849349,35.54698567201352,25.682929301019378,1.3840705339870492,6730.6587,1321.8862,8310.05,621.06036,624.5581,10.837366,4.792229e+06,0.0324004702270031,0.017791694030165672,1.0056319,6700.09,1050.9446,8591.6,6347.126,3638.734,1.0556101,4.770464e+06,0.021498560905456543,0.027400076389312744,0.57328844,4001.351,996.63983,6225.9,4019.684,2880.1567,0.9954392,2.848962e+06,0.019002843648195267,0.029316522181034088,0.7165132,3610.75,618.857,4542.1,2578.2153,1854.1111,1.4004842,2.570854e+06,0.01828934997320175,0.03112109750509262,0.7191452,187.36798,26.01905,236.0,181.54471,54.720867,1.0320762,133406.0,0.022957580164074898,0.025224706158041954,0.30141813
dexamethasone,713.0,107.84062043356595,0.7951069215280901,0.9456233421750663,0.7137137137137137,0.7704325770756237,38.96266159107885,23.62965718564597,1.6488881444605568,6292.161,1058.172,7668.2,561.1939,694.81616,11.212098,4.486311e+06,0.026832858100533485,0.013581042177975178,1.2381035,4814.299,765.69727,6294.2,4280.4927,1733.5245,1.1247067,3.432595e+06,0.015686621889472008,0.0157210323959589,0.40498248,2782.4697,588.377,3871.0,2709.9885,1438.1165,1.0267459,1.983901e+06,0.017292281612753868,0.02018328197300434,0.53067255,2883.6128,273.24884,3313.6,1858.7925,1220.8334,1.5513366,2.056016e+06,0.012271206825971603,0.021295499056577682,0.6567884,145.2272,21.692003,183.0,122.158745,29.995872,1.18884,103547.0,0.021599695086479187,0.02177524007856846,0.24554831
dexamethasone,860.0,109.39696961966999,0.7094127208908328,0.9761634506242906,0.7263513513513513,0.9030207535078368,39.45564571257979,27.80807462541333,1.4188557188537585,5589.8223,867.7857,7137.3,567.9885,732.12146,9.841435,4.807247e+06,0.024846084415912628,0.011831947602331638,1.2889723,5473.8267,1410.8015,8075.15,3879.7346,2223.4805,1.4108765,4.707491e+06,0.021589767187833786,0.01600116677582264,0.57310116,3134.5303,702.2966,4349.4,2602.3547,1764.0663,1.2044977,2.695696e+06,0.017989182844758034,0.02042301557958126,0.6778731,3370.0825,704.6581,4750.1,1560.1606,920.3343,2.1600869,2.898271e+06,0.015812061727046967,0.019308920949697495,0.58989716,175.93489,23.59174,216.0,136.21297,38.306572,1.2916163,151304.0,0.02222098782658577,0.02146771363914013,0.2812256
dexamethasone,698.0,97.49747468305833,0.5940205757536544,0.9707927677329624,0.7521551724137931,0.9227383114522412,33.257541632309646,26.754024262059144,1.2430855749605259,6710.632,1248.296,8542.2,561.43427,617.9138,11.952658,4.684021e+06,0.03120570443570614,0.014020989648997784,1.1005987,5114.851,1163.7933,7566.85,4132.111,2571.2021,1.23783,3.570166e+06,0.017682170495390892,0.01872424967586994,0.62224907,2849.7952,686.5616,4208.8,2760.1023,2082.9336,1.0324962,1.989157e+06,0.01593947783112526,0.021879738196730614,0.7546581,2509.5715,635.2065,3202.55,1694.6937,1271.26,1.4808408,1.751681e+06,0.01573232375085354,0.02084968239068985,0.75014144,158.63754,28.886728,212.0,133.59445,52.2221,1.187456,110729.0,0.023984123021364212,0.023968305438756943,0.39090022
dexamethasone,831.0,112.08326112068522,0.8004029681436405,0.9551724137931035,0.7419642857142857,0.8312456217298155,42.14078956596898,25.26181602419976,1.6681615259013791,4911.1553,606.0991,5793.0,826.624,1024.6041,5.9412203,4.08117e+06,0.020485568791627884,0.015713270753622055,1.2395045,4886.8687,1043.7833,6685.0,4875.287,1966.9064,1.0023756,4.060988e+06,0.018722528591752052,0.02834019437432289,0.4034442,3236.615,874.90204,5211.5,3641.6873,1667.2499,0.88876796,2.689627e+06,0.019869128242135048,0.034993451088666916,0.45782346,2590.9277,605.2316,3434.5,1676.2397,1079.2208,1.5456785,2.153061e+06,0.014836778864264488,0.024453019723296165,0.6438344,150.97353,23.702717,193.0,139.23978,31.939754,1.0842701,125459.0,0.021182246506214142,0.023517100140452385,0.22938672
dexamethasone,677.0,94.66904755831214,0.40230586254564255,0.9741007194244604,0.7781609195402299,0.9492541775354216,30.743399282953828,28.145745632229236,1.0922929413442173,6962.062,1365.766,8953.4,495.6522,656.35223,14.046265,4.713316e+06,0.030956139788031578,0.0158087145537138,1.3242193,5185.0103,947.5837,6922.8,2919.2188,1434.1287,1.7761637,3.510252e+06,0.01778276637196541,0.013439509086310863,0.4912714,3130.57,646.81305,4360.0,1859.0387,1116.7837,1.6839725,2.119396e+06,0.01786397397518158,0.017935466021299362,0.6007318,3125.5273,780.5744,4807.2,1398.4457,614.88477,2.2350008,2.115982e+06,0.029967738315463066,0.019162924960255623,0.43969157,150.25258,22.607622,188.2,103.74615,28.739487,1.4482714,101721.0,0.02164374105632305,0.020786918699741364,0.27701738
dexamethasone,643.0,96.91168824543142,0.7500345456282655,0.9683734939759037,0.7004357298474946,0.8603368369944345,35.4553514213399,23.450121729985895,1.511947435906177,4886.2163,747.6493,6272.6,703.8469,1034.2264,6.9421577,3.141837e+06,0.016781765967607498,0.013120656833052635,1.4693911,3454.49,659.0165,4813.4,2666.2837,1325.739,1.2956198,2.221237e+06,0.012859447859227657,0.011945773847401142,0.49722353,1928.0653,410.16943,2839.9,1631.5183,915.36444,1.1817614,1.239746e+06,0.011231958866119385,0.014978470280766487,0.56105065,2515.0203,675.0103,4164.4,1479.3043,978.1589,1.7001371,1.617158e+06,0.02014371007680893,0.01997637003660202,0.66122895,89.38569,19.100224,122.0,72.245316,31.073336,1.2372524,57475.0,0.021101292222738266,0.022821467369794846,0.43010867
dexamethasone,606.0,99.01219330881976,0.8678611420706418,0.957345971563981,0.7248803827751196,0.7767926829448375,39.631590612734016,19.689245368802165,2.0128547270547363,4846.041,613.0661,6155.0,489.9626,930.0317,9.890635,2.936701e+06,0.017947154119610786,0.011385404504835606,1.8981688,3259.8665,586.88983,4425.0,1916.3132,1405.0548,1.7011136,1.975479e+06,0.01180256623774767,0.009787183254957199,0.7332073,1775.8466,353.0374,2520.25,1190.521,952.98883,1.491655,1.076163e+06,0.009279558435082436,0.013035368174314499,0.8004805,2099.67,400.2519,3077.75,1003.6617,757.4269,2.0920095,1.2724e+06,0.015059016644954681,0.016250206157565117,0.7546635,70.89934,19.542492,101.75,40.217068,31.171247,1.7629167,42965.0,0.018371080979704857,0.01984686404466629,0.7750751
dexamethasone,705.0,109.05382386916237,0.8927031187397643,0.9657534246575342,0.5755102040816327,0.7449329498522871,44.792303375005496,20.185438774607668,2.2190403624692125,4725.8994,575.8604,5752.8,695.5409,1038.5822,6.794567,3.331759e+06,0.0198269821703434,0.01505763828754425,1.4932007,3590.098,645.0157,4915.0,2828.0183,1445.6687,1.2694747,2.531019e+06,0.01273605227470398,0.013691346161067486,0.51119494,1970.2184,293.5232,2576.6,1843.4396,1117.4277,1.0687729,1.389004e+06,0.008359937928617,0.016254972666502,0.6061646,2511.9631,375.14905,3396.2,1606.7823,880.17883,1.56335,1.770934e+06,0.010980491526424885,0.023520346730947495,0.5477897,101.59149,21.085787,135.0,78.732834,29.394331,1.290332,71622.0,0.0223173089325428,0.02122497744858265,0.37334272
dexamethasone,834.0,112.32590180780451,0.8041193638942555,0.9586206896551724,0.7354497354497355,0.8306462076870574,42.41348394909338,25.213453467775018,1.6821766999630374,4881.7446,520.92725,5770.0,656.02405,957.71893,7.441411,4.071375e+06,0.01834430731832981,0.014694171026349068,1.4598839,4542.09,718.8174,6005.4,4480.211,2111.6265,1.0138116,3.788103e+06,0.015248410403728485,0.016129251569509506,0.471323,2660.964,601.17596,3943.25,2924.9478,1733.3544,0.90974754,2.219244e+06,0.011922749690711498,0.01755538210272789,0.59261036,2262.7063,278.12512,2671.8,1707.5009,1421.4601,1.3251568,1.887097e+06,0.009008225984871387,0.0221994798630476,0.8324799,127.38249,19.112158,160.35,113.53309,35.535492,1.1219856,106237.0,0.021133214235305786,0.021901195868849754,0.31299677
dexamethasone,1109.0,130.5685424949238,0.8412806953779081,0.9753737906772207,0.7648275862068965,0.8174558341879482,51.226553018388444,27.69300025113273,1.849801486073836,6942.8853,1199.2145,8654.8,408.8317,527.98865,16.982258,7.69966e+06,0.031203269958496094,0.014533073641359806,1.2914572,4728.3867,885.6279,6582.0,2763.2134,1390.1746,1.7111913,5.243781e+06,0.016633063554763794,0.011289394460618496,0.5031007,2624.0208,490.44077,3648.4,1686.3893,985.8315,1.5559994,2.910039e+06,0.011936252005398273,0.013348955661058426,0.5845812,2755.8367,525.8547,4000.6,1284.4272,703.8783,2.1455762,3.056223e+06,0.015351525507867336,0.019053947180509567,0.54800946,130.82957,24.713049,173.0,99.55179,37.742092,1.3141861,145090.0,0.02133810706436634,0.025192614644765854,0.37912017
dexamethasone,728.0,102.91168824543142,0.7766044387379165,0.9629629629629629,0.7116324535679375,0.8637972911800519,38.43325262748536,24.21250825883189,1.5873304911921395,4700.4834,622.81793,5838.2,643.4324,966.36566,7.3053265,3.421952e+06,0.014799616299569607,0.011780652217566967,1.5018916,3948.2776,596.9878,5288.9,3160.6213,1634.1029,1.2492093,2.874346e+06,0.014026965014636517,0.013365130871534348,0.5170195,2213.7815,204.52632,2582.25,2053.7512,1367.45,1.0779209,1.611633e+06,0.008531488478183746,0.015431569889187813,0.6658304,1919.8983,132.1374,2165.6,1227.2655,763.81793,1.5643708,1.397686e+06,0.006256908643990755,0.015622731298208237,0.6223738,119.63873,22.87628,158.65,100.31024,26.309492,1.1926872,87097.0,0.021262995898723602,0.020014554262161255,0.2622812
dexamethasone,876.0,117.25483399593904,0.8587350905249739,0.9679558011049724,0.7934782608695652,0.8006679747506762,46.86070409155585,24.012352292390997,1.951524928542924,5209.215,491.33017,6002.25,540.6576,860.18085,9.634961,4.563272e+06,0.021278684958815575,0.015129241161048412,1.5909901,3930.5422,521.77814,4976.5,3411.5422,1908.3462,1.1521306,3.443155e+06,0.014560451731085777,0.01570715755224228,0.55937934,2255.017,324.69202,2966.25,2363.023,1437.1519,0.9542934,1.975395e+06,0.013262208551168442,0.019082969054579735,0.6081836,2132.8857,248.35258,2529.0,1355.1626,1041.6941,1.5738965,1.868408e+06,0.011241775006055832,0.019765041768550873,0.7686857,114.3242,19.931387,148.25,98.70741,35.236603,1.1582129,100148.0,0.019001280888915062,0.020618975162506104,0.35698032
dexamethasone,1157.0,137.1543289325507,0.8712673492933213,0.9722689075630252,0.7791245791245791,0.77290155993234,55.116843949479744,27.05182799017329,2.0374535861125986,4846.578,570.42834,5820.0,588.4587,963.22595,8.236055,5.607491e+06,0.017236335203051567,0.0138011509552598,1.6368625,3266.9282,586.18634,4406.2,2799.5217,1014.74744,1.1669594,3.779836e+06,0.012685329653322697,0.011006197892129421,0.3624717,1737.7623,248.40486,2264.6,1775.1537,793.92615,0.97893625,2.010591e+06,0.00889329519122839,0.014503389596939087,0.4472436,2248.3467,377.90714,3075.6,1391.2299,877.5446,1.6160856,2.601337e+06,0.012364482507109642,0.019202925264835358,0.63076895,87.90147,20.739792,123.0,93.9038,53.044197,0.93608,101702.0,0.02023628167808056,0.04383488744497299,0.56487805
dexamethasone,587.0,100.66904755831213,0.8779720623123846,0.942215088282504,0.6544035674470458,0.7278737307946022,39.9484290038163,19.123787290507604,2.088939204194419,4220.2505,412.2625,4962.8,702.5511,1130.2126,6.007037,2.477287e+06,0.013713681139051914,0.012810269370675087,1.6087266,2780.4685,448.03238,3715.1,2276.0369,780.11646,1.2216272,1.632135e+06,0.008554317057132721,0.008910516276955605,0.34275213,1379.6235,126.01541,1588.0,1379.7948,573.8241,0.9998759,809839.0,0.004780492279678583,0.01005535013973713,0.4158764,1934.4855,146.63635,2203.1,1360.1478,707.4997,1.4222612,1.135543e+06,0.00671203900128603,0.016222286969423294,0.52016383,47.8109,18.191206,75.7,46.53899,41.863014,1.02733,28065.0,0.018437862396240234,0.03736121580004692,0.89952564
dexamethasone,1199.0,143.05382386916236,0.8948417307660027,0.968497576736672,0.690668202764977,0.7362581324716229,58.654464661981834,26.182388367373825,2.240225904488982,6739.739,1250.4904,8754.6,425.29727,646.7246,15.847124,8.080947e+06,0.03230659291148186,0.01590581238269806,1.5206413,4050.1667,612.51166,5356.1,2652.364,1896.5714,1.5270026,4.85615e+06,0.014287374913692474,0.013728679157793522,0.71504945,2214.818,308.62332,2875.7,1813.0421,1383.196,1.2216033,2.655567e+06,0.012976021505892277,0.017135314643383026,0.7629145,2622.1335,290.28317,3049.5,1334.196,1046.4325,1.9653286,3.143938e+06,0.012436142191290855,0.021350646391510963,0.7843169,125.03086,21.927622,161.0,105.308784,45.94451,1.1872785,149912.0,0.02272210456430912,0.028344521299004555,0.43628374
dexamethasone,818.0,136.71067811865476,0.2867130698658913,0.8503118503118503,0.6885521885521886,0.5499944317854889,35.03014261431109,33.55945464555429,1.0438233572115458,4641.7603,635.27234,5728.75,1104.9769,1325.4802,4.2007756,3.79696e+06,0.01605299301445484,0.015485444106161594,1.1995547,3718.098,637.19684,4819.2,3595.6516,1184.5215,1.034054,3.041404e+06,0.012741431593894958,0.015955666080117226,0.32943165,1929.5868,348.31528,2510.3,2156.464,975.1647,0.89479196,1.578402e+06,0.010265317745506763,0.016148297116160393,0.4522054,2264.0244,523.2608,3370.6,1548.8535,828.5311,1.4617422,1.851972e+06,0.0095986844971776,0.016523318365216255,0.5349319,61.476772,19.206892,93.0,48.72674,28.858076,1.2616639,50288.0,0.019935179501771927,0.021387498825788498,0.5922431
dexamethasone,832.0,117.63961030678927,0.8875587406406888,0.9607390300230947,0.6375478927203065,0.7554853305092577,48.20713158889932,22.20876350111939,2.1706355505325425,4746.362,522.15686,5652.5,647.3975,1024.7594,7.331449,3.948973e+06,0.01904015988111496,0.01581317000091076,1.5828905,3450.3918,628.31665,4685.6,2924.6816,1130.2944,1.1797496,2.870726e+06,0.01385535392910242,0.012628880329430103,0.38646752,1826.9087,271.298,2314.45,1811.0298,844.486,1.0087678,1.519988e+06,0.01027678046375513,0.015718849375844002,0.46630156,2127.7632,317.2932,2696.7,1374.9872,645.8812,1.5474786,1.770299e+06,0.009091449901461601,0.019152488559484482,0.4697362,102.89183,46.25616,147.0,102.22598,74.22867,1.0065135,85606.0,0.03169504925608635,0.04280344024300575,0.72612333
quinidine,604.0,101.59797974644665,0.9008646765936453,0.9541864139020537,0.7753530166880617,0.7353204736557496,42.19075934446367,18.315009820364846,2.3036165286436745,5738.9106,781.5624,7179.55,1002.5228,1312.4271,5.7244687,3.466302e+06,0.016766099259257317,0.010996106080710888,1.3091245,5372.5977,1161.329,7482.8,3574.6423,1205.3774,1.5029749,3.245049e+06,0.01860121823847294,0.009714567102491856,0.33720225,2317.9072,335.00266,2871.7,1590.7432,824.28925,1.4571222,1.400016e+06,0.009905637241899967,0.011653384193778038,0.5181787,3045.096,486.83957,3901.85,1568.0912,697.4718,1.9419125,1.839238e+06,0.014560957439243793,0.01515157986432314,0.44479033,429.702,75.09798,547.0,336.63898,233.30013,1.2764475,259540.0,0.008010522462427616,0.013661428354680538,0.6930277
quinidine,512.0,95.01219330881976,0.8271106040433155,0.9142857142857143,0.6772486772486772,0.7127235968301145,34.930190196119376,19.632135729273404,1.7792353658209026,5239.9844,544.9265,6192.0,1264.8701,1505.9686,4.1427054,2.682872e+06,0.012502064928412437,0.0137513792142272,1.1906112,4861.162,823.74786,6472.85,4340.38,1281.6366,1.1199855,2.488915e+06,0.01581711694598198,0.009268098510801792,0.29528213,2324.213,312.9335,2863.9,2081.4163,1163.5339,1.1166497,1.189997e+06,0.008723214268684387,0.012170412577688694,0.5590107,2876.2305,339.54727,3378.45,1906.551,1319.6559,1.5086039,1.47263e+06,0.008974425494670868,0.015663903206586838,0.6921692,302.23828,49.175922,377.45,260.3556,135.59758,1.1608672,154746.0,0.004415625240653753,0.007577255368232727,0.52081686
quinidine,414.0,93.84062043356595,0.8087806903928574,0.8313253012048193,0.6070381231671554,0.5907836452582699,31.74336759881699,18.668603327485908,1.7003611380012034,5236.686,597.85706,6207.3,1354.0221,1516.9874,3.8675041,2.167988e+06,0.01601424254477024,0.01324002631008625,1.1203564,4485.4443,709.1408,5909.35,4998.799,1880.5267,0.8973044,1.856974e+06,0.014253542758524418,0.012503660283982754,0.37619573,2083.768,260.06717,2549.7,2785.8523,1732.7808,0.74798226,862680.0,0.01073240302503109,0.018472230061888695,0.62199306,2556.3745,225.98517,3005.4,2166.6956,1477.7327,1.1798494,1.058339e+06,0.013804495334625244,0.023346906527876854,0.6820214,264.02414,49.001225,355.7,315.6252,203.11668,0.83651155,109306.0,0.0049067228101193905,0.008038475178182125,0.6435376
quinidine,684.0,100.18376618407356,0.8236358039595545,0.9702127659574468,0.8181818181818182,0.8563893499360615,39.385091817089645,22.336037437592353,1.7632980750114218,6016.6343,675.8464,7224.1,904.316,1137.8138,6.6532435,4.115378e+06,0.015460988506674767,0.010327566415071487,1.2582039,5064.934,1031.3322,7120.55,4670.2197,2173.5623,1.0845172,3.464415e+06,0.019217582419514656,0.01422200445085764,0.46540898,2080.5745,368.40848,2707.8,2136.4502,1517.6832,0.97384644,1.423113e+06,0.01082976907491684,0.019471170380711555,0.71037614,3079.94,427.45187,3812.85,2009.5518,1495.8135,1.5326502,2.106679e+06,0.009300029836595058,0.027291584759950638,0.7443518,428.39328,67.3553,537.0,445.479,338.96826,0.9616464,293021.0,0.007696706801652908,0.01892891898751259,0.76090735
quinidine,1238.0,135.9827560572969,0.8021758880864079,0.9740361919748229,0.7830487033523087,0.8413231332394148,51.40616954799454,30.693996839562303,1.6747955574731723,8800.35,1754.7286,11355.0,654.02466,669.9067,13.455685,1.0894833e+07,0.028697004541754723,0.012106450274586678,1.0242835,7382.9595,1391.8815,10252.35,4716.142,2973.3997,1.5654659,9.140104e+06,0.017925191670656204,0.011251658201217651,0.6304729,3511.962,830.3148,5205.3,2531.883,1918.3859,1.3870949,4.347809e+06,0.016855191439390182,0.016319580376148224,0.7576913,5085.5244,1249.1035,8089.3,2029.7686,1512.365,2.50547,6.295879e+06,0.02499949187040329,0.022535989060997963,0.74509233,722.5614,124.43583,903.0,539.4502,320.04184,1.3394405,894531.0,0.008641624823212624,0.010468713939189911,0.5932741
quinidine,373.0,73.94112549695427,0.6255307565001823,0.9419191919191919,0.746,0.8573271593553261,24.926753565511703,19.44784087406148,1.2817234430767948,5121.0347,484.59796,5913.4,1023.91406,1383.2816,5.00143,1.910146e+06,0.011054355651140213,0.009071488864719868,1.3509743,4629.523,931.4549,6200.6,3922.4126,2280.5854,1.1802744,1.726812e+06,0.017030445858836174,0.009611033834517002,0.5814242,2060.9329,415.09467,2738.0,2111.9539,1869.5583,0.9758418,768728.0,0.011470572091639042,0.014949981123209,0.8852269,2386.5173,302.7111,2835.4,1626.335,1096.7294,1.4674206,890171.0,0.00911679770797491,0.01535472646355629,0.6743564,220.10188,116.6994,447.2,222.37218,260.51224,0.98979056,82098.0,0.005752289202064276,0.006937614642083645,1.1715145
quinidine,917.0,123.49747468305831,0.8937544798210267,0.9724284199363733,0.7485714285714286,0.7555497139874331,51.11262161970748,22.926898437792293,2.2293735787416558,7616.542,1379.4661,10159.8,651.0056,891.83234,11.6996565,6.984369e+06,0.02389298938214779,0.01137001346796751,1.3699304,5304.361,1126.838,7666.6,3203.06,2180.0212,1.6560291,4.864099e+06,0.018170738592743874,0.009335139766335487,0.68060577,2133.4243,289.24954,2704.2,1550.5894,1337.261,1.3758796,1.95635e+06,0.012597695924341679,0.01442493312060833,0.8624211,3332.6162,349.7928,3955.2,1554.3307,1159.2898,2.1440845,3.056009e+06,0.014277879148721695,0.022753238677978516,0.745845,397.26718,66.87381,500.0,354.09402,295.62,1.1219257,364294.0,0.0072764623910188675,0.011666402220726013,0.834863
quinidine,430.0,104.32590180780451,0.772197236700214,0.776173285198556,0.5584415584415584,0.49647115907418216,33.4585420399584,21.258985418992193,1.5738541318188901,4982.202,516.7773,5803.1,1212.4452,1442.8844,4.1092186,2.142347e+06,0.012280664406716824,0.009336978197097778,1.1900616,4613.6606,971.03876,6602.55,3274.092,1602.8002,1.409142,1.983874e+06,0.012450410053133965,0.00968734547495842,0.48954034,2329.6116,484.12552,3339.65,1965.7643,1248.3053,1.185092,1.001733e+06,0.008844778873026371,0.016305383294820786,0.6350229,2609.2488,551.3215,3649.95,1562.7817,1220.9976,1.6696181,1.121977e+06,0.01374851819127798,0.021029137074947357,0.78129756,372.15115,79.52009,520.1,315.13907,174.84467,1.1809108,160025.0,0.005282219499349594,0.008343721739947796,0.5548175
quinidine,1231.0,133.53910524340094,0.7421776373286064,0.9746634996041171,0.6982416335791265,0.8674630661742683,48.39277021824981,32.43299037267632,1.4920847464937754,10266.682,2583.08,13791.5,695.59784,588.3081,14.759508,1.2638285e+07,0.029262378811836243,0.012383509427309036,0.845759,9045.828,2058.6824,12336.0,5167.142,3733.4653,1.7506443,1.1135414e+07,0.022637922316789627,0.01183695625513792,0.7225397,4744.7856,1221.0143,6933.5,3172.75,2665.0696,1.4954804,5.840831e+06,0.023966357111930847,0.01945609413087368,0.8399873,5930.931,1368.0457,8824.5,2038.5833,1363.0005,2.9093397,7.300976e+06,0.02767135761678219,0.020645804703235626,0.6686018,902.60114,218.26405,1286.5,631.3017,365.02853,1.4297462,1.111102e+06,0.012283926829695702,0.009696586057543755,0.57821566
quinidine,892.0,114.08326112068522,0.799902075508961,0.9727371864776445,0.7978533094812165,0.8612532306979699,43.6216330437894,26.178674359823404,1.6663041238916143,10393.398,2850.956,14731.05,657.1972,559.2827,15.8147335,9.270911e+06,0.03188398852944374,0.013554908335208893,0.851012,7676.018,1741.9895,11105.35,4047.2197,2435.5818,1.8966151,6.847008e+06,0.020546911284327507,0.010696684941649437,0.6017913,3666.788,1492.1115,7037.1,1840.8348,1575.0077,1.9919158,3.270775e+06,0.021471841260790825,0.01087471004575491,0.8555942,4265.635,1486.7906,7161.8,1966.4026,1475.0265,2.169258,3.804946e+06,0.019353587180376053,0.015175633132457733,0.7501142,736.13904,141.23178,1016.35,521.0157,357.96942,1.4128922,656636.0,0.011281868442893028,0.011746123433113098,0.6870607
quinidine,779.0,109.25483399593904,0.8478612893892137,0.9701120797011208,0.7876643073811931,0.8200984644308832,43.272678568545665,22.94395742834364,1.886016338013646,7944.702,1567.918,10823.8,561.02704,794.207,14.160996,6.188923e+06,0.026435036212205887,0.009893866255879402,1.4156305,6134.108,1231.2603,8603.4,3154.456,2886.0266,1.944585,4.77847e+06,0.01599181815981865,0.008935869671404362,0.91490465,2660.394,628.1992,4133.4,1558.161,1729.8828,1.7073935,2.072447e+06,0.011419185437262058,0.010316704399883747,1.110208,3153.457,946.79095,5514.4,1284.8884,1440.856,2.4542654,2.456543e+06,0.017260173335671425,0.015944823622703552,1.121386,606.7009,100.43921,776.3,455.58176,425.80127,1.3317059,472620.0,0.007350281346589327,0.015386590734124184,0.93463194
quinidine,1075.0,136.61017305526642,0.8928852459696766,0.9538598047914818,0.5699893955461294,0.7238561111651471,55.77472351858066,25.114481513748505,2.2208192308508425,7186.6978,1091.136,9239.6,567.15643,894.0043,12.671456,7.7257e+06,0.02296040952205658,0.011290749534964561,1.5762923,5359.33,1192.2885,7895.6,3603.521,2469.1438,1.4872482,5.76128e+06,0.017076291143894196,0.00864641647785902,0.68520314,2257.413,483.25833,3142.3,1793.9205,1683.3031,1.2583685,2.426719e+06,0.012584877200424671,0.012459168210625648,0.9383376,2715.9758,304.19003,3110.0,1560.7308,1132.5094,1.7401949,2.919674e+06,0.01086791418492794,0.020362192764878273,0.7256276,456.43164,154.45709,617.2,408.5511,459.15738,1.117196,490664.0,0.014317519962787628,0.020953595638275146,1.1238678
quinidine,1076.0,125.39696961966999,0.7843576149300063,0.9746376811594203,0.7410468319559229,0.859900205402083,47.05985034481824,29.1916440198462,1.6121000349560366,8360.683,1935.647,12150.25,660.8356,807.0819,12.651684,8.996095e+06,0.02728402242064476,0.010441264137625694,1.2213051,7348.08,2171.7063,11540.0,3866.0605,2749.7585,1.9006635,7.906534e+06,0.025588981807231903,0.012459395453333855,0.71125597,3241.0066,778.5533,4639.25,2150.7212,1863.2072,1.5069394,3.487323e+06,0.01949252001941204,0.01906578801572323,0.8663174,4601.4917,1169.0693,7090.0,1998.5177,1730.6051,2.3024523,4.951205e+06,0.025651855394244194,0.026102954521775246,0.8659443,583.5688,133.12057,797.0,462.8463,387.90253,1.2608262,627920.0,0.01196641568094492,0.018122103065252304,0.83808064
quinidine,678.0,95.49747468305833,0.5692090371849631,0.9699570815450643,0.7533333333333333,0.9342342463149048,32.43322239966976,26.6663633503161,1.2162596741668301,6829.59,997.0858,8337.15,689.915,929.7965,9.899176,4.630462e+06,0.021274583414196968,0.009159882552921772,1.3476973,6071.3804,1555.7913,9057.7,4144.5176,2866.349,1.4649185,4.116396e+06,0.02109667845070362,0.013601054437458515,0.6916002,3020.2537,909.9115,5101.6,2144.545,1953.6957,1.4083425,2.047732e+06,0.018810180947184563,0.021791234612464905,0.9110071,3678.1313,1276.0562,6859.05,1735.9059,1288.6731,2.118854,2.493773e+06,0.026307983323931694,0.021187378093600273,0.74236345,471.6062,111.66234,686.6,323.98413,240.3711,1.455646,319749.0,0.007123984862118959,0.009640161879360676,0.74192244
quinidine,843.0,111.1543289325507,0.7455572366301317,0.9568671963677639,0.7156196943972836,0.8574023638230148,40.27231862585868,26.839148481813165,1.5005065698395068,8908.414,2115.201,12377.9,757.3455,680.1692,11.762681,7.509793e+06,0.024972019717097282,0.010348441079258919,0.89809626,6640.1055,1631.3606,9946.1,4442.362,2154.9487,1.4947242,5.597609e+06,0.014316014014184475,0.009379805997014046,0.48509076,3136.1233,997.90393,5489.6,2250.7012,1545.6138,1.3933984,2.643752e+06,0.013317711651325226,0.013173230923712254,0.68672544,3565.9893,1015.3308,5876.6,2204.15,1571.7368,1.6178524,3.006129e+06,0.018529029563069344,0.015654077753424644,0.7130807,654.1981,93.9117,831.9,570.099,204.98764,1.1475167,551489.0,0.006699902005493641,0.009456166997551918,0.359565
quinidine,1236.0,135.53910524340094,0.7807737937719156,0.9755327545382794,0.6851441241685144,0.8454717600106948,50.32468741155358,31.443559106502697,1.6004768175605848,10666.073,2941.52,15039.25,761.76855,502.08038,14.001724,1.3183267e+07,0.03473798558115959,0.014064030721783638,0.6590983,8603.954,1286.5436,11294.25,5628.727,2506.083,1.528579,1.0634487e+07,0.019397366791963577,0.010127286426723003,0.44523087,4280.0293,865.6077,6001.25,3151.4587,1831.4014,1.3581105,5.290116e+06,0.02013535611331463,0.01667986810207367,0.5811281,5358.5786,997.52185,7577.25,2341.7163,932.82196,2.2883124,6.623203e+06,0.028951210901141167,0.019223861396312714,0.3983497,834.2071,139.01463,1140.5,673.0382,297.06033,1.2394646,1.03108e+06,0.009272337891161442,0.009581951424479485,0.44137216
quinidine,1177.0,135.4386001800126,0.8494136681816055,0.9679276315789473,0.622093023255814,0.8063088263567941,53.474035314791045,28.2197243445506,1.8949169971292512,10585.754,3010.7183,15415.6,780.6682,458.46143,13.559863,1.2459432e+07,0.03322944790124893,0.01432244572788477,0.58726794,8165.21,1754.6954,11880.6,5088.8774,1642.9169,1.6045208,9.610452e+06,0.01922639086842537,0.008918031118810177,0.32284465,3917.4019,1132.4412,6586.2,2368.7053,1231.7637,1.6538156,4.610782e+06,0.017873326316475868,0.012321671470999718,0.5200156,4690.04,1922.1056,10005.4,2267.8147,956.0919,2.0680878,5.520177e+06,0.02052481658756733,0.012854866683483124,0.42159173,856.30164,223.20032,1309.4,671.9727,266.56537,1.2743101,1.007867e+06,0.01783440075814724,0.01171424612402916,0.39669076
quinidine,836.0,111.05382386916236,0.809823466289413,0.9766355140186916,0.6666666666666666,0.8518225001935977,42.645336723753246,25.018894691275012,1.7045252098457095,7429.062,1179.9443,8970.0,880.62775,832.9557,8.436098,6.210696e+06,0.019169552251696587,0.009212248027324677,0.9458658,7043.8457,1397.7397,9595.0,5331.873,3264.6199,1.3210828,5.888655e+06,0.015178484842181206,0.009733021259307861,0.6122839,3434.8828,673.7331,4548.25,2910.9392,2483.842,1.1799912,2.871562e+06,0.013199408538639545,0.01479885820299387,0.8532786,4293.3027,739.1009,5487.5,2614.6584,1955.6799,1.6420128,3.589201e+06,0.01700127124786377,0.017156235873699188,0.74796766,782.19617,112.783585,978.0,679.8775,311.10657,1.1504958,653916.0,0.0076468344777822495,0.009227827191352844,0.4575921
quinidine,918.0,114.3259018078045,0.6492353731520906,0.9673340358271865,0.7593052109181141,0.8825986800699953,39.45806550179123,30.011313602057346,1.314773022767197,8450.805,1753.0201,11446.05,779.64484,701.49255,10.8393,7.757839e+06,0.024649813771247864,0.01011365745216608,0.8997591,7001.451,1534.1207,9465.05,4157.752,2190.9377,1.6839511,6.427332e+06,0.01658742129802704,0.007699045818299055,0.5269525,3264.7646,730.25696,4651.0,2049.9255,1417.7871,1.592626,2.997054e+06,0.01537737250328064,0.013192965649068356,0.6916286,3987.2668,1113.0557,5988.15,1950.0316,1295.6388,2.044719,3.660311e+06,0.0234821867197752,0.016952581703662872,0.66441935,794.3551,182.4802,1051.6,638.7598,313.89218,1.2435896,729218.0,0.011058967560529709,0.011379808187484741,0.49140877
quinidine,1167.0,152.02438661763952,0.933269171616612,0.9660596026490066,0.5438024231127679,0.6345329812666617,64.72700951462969,23.248501390750675,2.784136853671827,8331.573,2109.2366,11735.2,690.76624,800.079,12.06135,9.722946e+06,0.0325496681034565,0.011644421145319939,1.1582485,7342.689,2553.6638,13325.4,3967.0417,3255.0603,1.8509231,8.568918e+06,0.029079619795084,0.014080477878451347,0.8205258,3240.3076,1240.5901,6385.2,2040.0823,1963.9352,1.588322,3.781439e+06,0.021861456334590912,0.018380368128418922,0.9626745,4607.7266,2569.141,11242.3,1878.7104,1882.0378,2.4526007,5.377217e+06,0.03145184740424156,0.021080687642097473,1.0017711,712.13965,231.91995,1188.1,486.88312,321.60422,1.4626501,831067.0,0.011129166930913925,0.012934952042996883,0.6605368
quinidine,1050.0,131.53910524340094,0.8799823529064246,0.9571558796718322,0.6169212690951822,0.7625869980146379,53.406385227368695,25.368373577027526,2.105234892777326,10207.666,3113.1338,14803.3,815.1955,522.68207,12.52174,1.0718049e+07,0.03501260653138161,0.013086451217532158,0.6411739,8453.886,1902.6095,12159.3,5710.871,2283.5757,1.4803146,8.87658e+06,0.02003166265785694,0.009849260561168194,0.39986467,4012.5315,1369.5928,6995.5,2788.359,1593.6787,1.4390298,4.213158e+06,0.022071348503232002,0.013926704414188862,0.5715472,4466.493,1443.8859,5903.55,2671.3496,1476.3777,1.6719987,4.689818e+06,0.02133205719292164,0.015604720450937748,0.5526711,895.1162,173.7959,1250.2,689.9679,280.79147,1.2973303,939872.0,0.011567310430109501,0.009731082245707512,0.4069631
quinidine,624.0,102.70458146424487,0.8391346905913575,0.9397590361445783,0.6190476190476191,0.7433867558841168,39.04675333227614,21.238453814127475,1.838493219610124,7449.995,1595.9883,9947.6,915.08014,825.2119,8.141358,4.648797e+06,0.023676760494709015,0.011158131994307041,0.901792,8235.835,2824.8647,13695.4,5561.678,3106.1245,1.4808183,5.139161e+06,0.022946426644921303,0.011956397444009781,0.55848694,4102.721,1777.9988,7689.85,2754.479,2700.4373,1.4894726,2.560098e+06,0.026864396408200264,0.020813776180148125,0.9803804,4833.2197,1569.2688,6754.3,2350.934,1836.9961,2.055872,3.015929e+06,0.02308920957148075,0.013765220530331135,0.7813899,896.2564,187.92355,1274.95,753.1217,341.23322,1.1900553,559264.0,0.012084647081792355,0.01350132841616869,0.45309174
quinidine,1120.0,138.61017305526642,0.8992898329514672,0.9671848013816926,0.59353471118177,0.7325506789528904,57.2548209081717,25.040577490115712,2.2864816488666024,9682.001,2355.5623,13028.15,754.45105,549.14734,12.833173,1.0843841e+07,0.032423488795757294,0.01377742551267147,0.7278767,7830.2993,1740.1599,11264.4,4261.717,2848.2444,1.837358,8.769935e+06,0.021317679435014725,0.009787600487470627,0.66833264,3518.5037,990.1341,5202.1,2105.4607,1891.2365,1.6711324,3.940724e+06,0.0196392685174942,0.013404054567217827,0.898253,3965.8572,1058.7925,5380.75,1876.0771,1335.5789,2.1139095,4.44176e+06,0.02163867838680744,0.014656425453722477,0.71189976,845.08484,182.68806,1126.45,658.735,341.29053,1.2828904,946495.0,0.015300349332392216,0.011041564866900444,0.5180999
quinidine,753.0,100.66904755831214,0.5383696795547999,0.9728682170542635,0.786833855799373,0.9337119579017636,33.74207282603481,28.434741030843355,1.18664955623948,21260.072,17035.574,54529.4,596.86115,686.241,35.619797,1.6008834e+07,0.0383816733956337,0.006883659865707159,1.1497499,38007.164,12275.614,50084.0,2817.3506,4684.3857,13.490392,2.8619396e+07,0.031164394691586494,0.016826586797833443,1.6626918,14860.182,4166.811,21343.6,1611.8022,2254.8171,9.219606,1.1189717e+07,0.02821367233991623,0.011403119191527367,1.3989415,11843.937,2653.9368,15297.0,1658.0996,1892.9478,7.143079,8.918484e+06,0.027771316468715668,0.010597187094390392,1.141637,3148.9988,936.683,4378.8,519.1586,405.35907,6.0655813,2.371196e+06,0.029351070523262024,0.0077470820397138596,0.78080004
quinidine,263.0,60.62741699796952,0.6178255292903667,0.9598540145985401,0.7690058479532164,0.8991403365061954,20.840584829492133,16.38726891464348,1.2717546125620247,7203.1484,1194.6792,9048.6,839.1865,759.5245,8.583489,1.894428e+06,0.025737419724464417,0.008670654147863388,0.9050723,7289.2812,1524.4496,10081.5,4458.305,2692.3743,1.6349893,1.917081e+06,0.018225928768515587,0.009165761061012745,0.60390085,3992.0913,1350.9277,6679.8,2380.036,2329.668,1.6773239,1.04992e+06,0.022422701120376587,0.01553311850875616,0.9788373,4126.4907,779.84644,5149.0,2047.9901,1460.5549,2.0148978,1.085267e+06,0.017740273848176003,0.015313363634049892,0.71316504,828.597,113.50291,1044.9,628.9488,277.13284,1.3174316,217921.0,0.009244912303984165,0.009932097978889942,0.44062862
quinidine,1176.0,146.61017305526642,0.9175339714711748,0.9647251845775225,0.5689404934687954,0.6875257571293791,61.534153608090726,24.469511799723904,2.514727474406949,9079.675,2148.4824,12574.0,750.2513,691.60114,12.102179,1.0677697e+07,0.027720242738723755,0.012182200327515602,0.921826,7605.9473,1335.1024,10281.25,4609.714,2832.8909,1.6499825,8.944594e+06,0.016183355823159218,0.010991876013576984,0.6145481,3618.9746,748.3771,5325.25,2303.8198,1730.6312,1.5708584,4.255914e+06,0.013126019388437271,0.014935089275240898,0.7512008,4460.594,1139.6119,6897.25,2041.3492,1351.0177,2.1851206,5.245659e+06,0.023169388994574547,0.021681437268853188,0.66182584,739.8129,128.58102,963.0,578.97394,273.2593,1.2778001,870020.0,0.006730461493134499,0.010718491859734058,0.4719717
quinidine,912.0,122.66904755831213,0.8618526413800633,0.9589905362776026,0.7342995169082126,0.7616136442152797,48.15108988967391,24.420247833938003,1.9717690916615518,6737.0034,1077.8091,8927.8,1334.7358,1010.7627,5.0474434,6.144147e+06,0.021186338737607002,0.014200841076672077,0.75727546,7247.22,1528.5533,10571.0,8362.008,3321.7852,0.8666842,6.609465e+06,0.019072776660323143,0.018521342426538467,0.3972473,3627.2412,833.23456,5071.0,4423.4756,2576.514,0.819998,3.308044e+06,0.015481873415410519,0.02455575205385685,0.5824637,4225.433,448.5932,4892.7,3222.0605,1623.0033,1.3114071,3.853595e+06,0.014116610400378704,0.02738313563168049,0.50371593,792.1985,97.53186,947.0,901.5243,454.0084,0.87873226,722485.0,0.0061974357813596725,0.01597152277827263,0.50360084
quinidine,1173.0,139.6812408671319,0.8867282017335659,0.9702233250620348,0.5818452380952381,0.7554951961716921,57.0202887735119,26.35997418477832,2.163139021829487,8599.869,1691.2576,11173.0,629.25073,695.6824,13.666841,1.0087646e+07,0.024027923122048378,0.011358845978975296,1.1055726,5852.7393,1044.8564,8159.4,3732.7893,2342.6252,1.5679265,6.865263e+06,0.011685256846249104,0.01027138065546751,0.62758034,2600.2336,505.31424,3493.6,1898.6202,1578.7372,1.3695385,3.050074e+06,0.011352266184985638,0.015538892708718777,0.8315182,3589.405,396.90454,4225.4,2002.8751,1232.9427,1.7921262,4.210372e+06,0.01112704910337925,0.022051222622394562,0.61558646,545.306,68.01062,668.4,460.01266,402.82187,1.1854153,639644.0,0.006191054824739695,0.020395975559949875,0.8756756
quinidine,1209.0,129.88225099390854,0.4515241811517302,0.9734299516908212,0.7371951219512195,0.9006095570900258,41.74942804167713,37.251298019660574,1.1207509606683375,11757.239,4295.5938,19022.0,933.55536,498.85895,12.594047,1.4214502e+07,0.04707447439432144,0.01730511337518692,0.53436464,11750.072,4204.8477,20582.6,7315.696,5439.821,1.6061455,1.4205837e+07,0.024834899231791496,0.014859993010759354,0.7435821,5708.1763,1999.8054,9610.6,3799.9187,3034.8535,1.5021838,6.901185e+06,0.023756079375743866,0.020751217380166054,0.7986627,6102.585,1758.5094,9551.2,2726.8354,2203.9487,2.2379732,7.378025e+06,0.021490341052412987,0.021797064691781998,0.8082441,1266.5533,379.05124,1916.4,847.19604,395.63837,1.4949944,1.531263e+06,0.015897398814558983,0.013760645873844624,0.4669974
quinidine,864.0,129.39696961967,0.9216988111124679,0.9113924050632911,0.6050420168067226,0.6484483586435423,54.52539664336385,21.15074515008244,2.577942112982782,7638.322,1535.879,9938.4,1023.6965,760.7679,7.46151,6.59951e+06,0.026407422497868538,0.013834620825946331,0.7431577,7475.8447,1700.8002,11073.15,6896.281,2496.6975,1.08404,6.45913e+06,0.02146541327238083,0.014556110836565495,0.36203536,3817.3298,1316.2607,6674.4,3328.4368,2154.807,1.1468837,3.298173e+06,0.021712440997362137,0.018106259405612946,0.64739305,4207.5903,874.705,5492.55,2781.75,1453.5503,1.5125695,3.635358e+06,0.02282995730638504,0.022600563243031502,0.5225309,741.434,113.07693,922.55,762.32635,319.44522,0.97259396,640599.0,0.008398547768592834,0.012911860831081867,0.41904
quinidine,1030.0,120.81118318204308,0.732019785189827,0.9735349716446124,0.7431457431457431,0.8868145569243884,43.95200666819202,29.943771345424086,1.4678180033227053,9542.022,2293.1362,13051.65,742.9148,581.54004,12.844033,9.828283e+06,0.02990924008190632,0.012094016186892986,0.7827816,7341.764,1561.3018,10716.55,3931.205,3014.8198,1.8675607,7.562017e+06,0.020427033305168152,0.010196092538535595,0.7668946,3492.5747,873.4366,5208.8,2011.4535,1723.3892,1.7363437,3.597352e+06,0.01745903119444847,0.01630113273859024,0.856788,3784.77,812.92914,5514.8,1736.0706,1388.9808,2.1800785,3.898313e+06,0.01818297989666462,0.018903417512774467,0.80007166,829.8874,135.5779,1068.0,622.25714,324.09998,1.3336728,854784.0,0.008812165819108486,0.01279857475310564,0.5208457
quinidine,939.0,125.19595949289332,0.8963693303770334,0.9750778816199377,0.572560975609756,0.7528263826695373,52.03231073710177,23.06634199651164,2.2557677652126507,8043.239,1562.8782,10832.0,738.41754,752.8934,10.892535,7.552601e+06,0.025175543501973152,0.010306970216333866,1.0196038,6832.379,1431.3323,9409.1,3999.3967,2956.4333,1.7083523,6.415604e+06,0.016416160389780998,0.010471311397850513,0.73921984,3083.1353,724.2289,4553.0,2029.478,1730.8271,1.5191765,2.895064e+06,0.013871702365577221,0.01465819776058197,0.8528435,4617.0137,1300.7257,7621.0,2092.9814,1761.2921,2.2059505,4.335376e+06,0.022823721170425415,0.020863719284534454,0.84152305,661.71246,122.37718,889.3,539.7299,275.83463,1.2260066,621348.0,0.007844600826501846,0.009570487774908543,0.5110605
quinidine,676.0,103.59797974644665,0.8620172449015168,0.9629629629629629,0.7851335656213705,0.7915055915213851,41.34401758139123,20.956412201648266,1.9728576238894286,5217.5176,387.48798,5882.5,1088.5841,1327.0079,4.792939,3.527042e+06,0.010671598836779594,0.010362262837588787,1.2190219,5423.315,770.33466,6936.25,4955.7764,2583.7231,1.0943421,3.666161e+06,0.014016790315508842,0.013651378452777863,0.52135587,2290.5369,259.46722,2699.25,2496.278,1571.6526,0.9175808,1.548403e+06,0.010133447125554085,0.017138836905360222,0.6295984,3363.352,630.8493,3757.0,2245.4617,1515.9348,1.4978443,2.273626e+06,0.025303436443209648,0.01821942999958992,0.6751105,459.53845,81.0025,559.5,655.40204,753.158,0.70115507,310648.0,0.01357955764979124,0.04828717187047005,1.1491542
quinidine,1195.0,128.22539674441617,0.6618376686018022,0.9803117309269893,0.768983268983269,0.9133340866584931,45.13547299935439,33.83568023068588,1.3339608570487858,9733.672,2177.4563,12966.7,796.0039,564.0687,12.228171,1.1631738e+07,0.029796741902828217,0.012753664515912533,0.70862556,7428.621,1185.7003,9574.3,4819.4863,2011.7675,1.541372,8.877202e+06,0.016506854444742203,0.009157441556453705,0.41742364,3659.898,768.85986,4959.4,2530.4258,1492.1879,1.4463565,4.373578e+06,0.01859794184565544,0.0159074068069458,0.5896983,4028.3381,935.0886,6285.7,1933.642,717.9696,2.0832906,4.813864e+06,0.0212718416005373,0.012912173755466938,0.3713043,725.98914,107.65492,934.2,659.3372,271.2705,1.1010892,867557.0,0.008411887101829052,0.011992686428129673,0.41142908
quinidine,671.0,99.25483399593905,0.8070252391325602,0.9696531791907514,0.7677345537757437,0.8559118703673135,38.12316337359043,22.512374003676648,1.6934315042635788,6690.705,992.6095,8318.0,943.5098,1094.8862,7.0912933,4.489463e+06,0.01898532547056675,0.011318513192236423,1.1604396,7074.358,1688.2426,10647.0,5488.4326,2056.131,1.2889578,4.746894e+06,0.020123910158872604,0.011706395074725151,0.3746299,3123.5574,973.1731,5211.0,2601.6045,1671.4819,1.2006273,2.095907e+06,0.014247332699596882,0.014193291775882244,0.6424812,4028.2534,701.5805,5502.0,2196.3486,954.1858,1.8340683,2.702958e+06,0.017350846901535988,0.01779727078974247,0.43444186,534.4575,116.63665,762.0,462.48325,253.7242,1.1556257,358621.0,0.008454488590359688,0.01536485180258751,0.5486127
quinidine,1389.0,145.0538238691624,0.812759758192445,0.9767932489451476,0.7487870619946092,0.8295713515102396,55.34776888638007,32.24555388686481,1.7164465240873383,9271.512,2020.7968,12406.0,751.3151,630.4589,12.340377,1.287813e+07,0.032629724591970444,0.01239476352930069,0.8391405,7543.6284,1837.3691,11077.8,4407.4595,3084.8435,1.7115593,1.04781e+07,0.02302928827702999,0.011719855479896069,0.6999142,3442.7632,934.9203,5130.0,2173.3884,1917.0084,1.5840533,4.781998e+06,0.019439080730080605,0.018124895170331,0.88203675,4747.2246,1250.3878,7650.0,1900.5612,1316.3123,2.4978015,6.593895e+06,0.03467497602105141,0.023473698645830154,0.69259137,774.604,165.53163,1035.0,602.49854,375.924,1.2856529,1.075925e+06,0.009597467258572578,0.013180200941860676,0.6239418
quinidine,1208.0,133.88225099390854,0.7883150045690603,0.9749798224374495,0.7250900360144058,0.8468973755264326,50.086738079860375,30.816960168545965,1.6252978167192023,9320.87,1997.6099,12029.3,793.936,575.01917,11.740078,1.1259611e+07,0.026702340692281723,0.011506996117532253,0.7242639,7832.906,1489.6744,10811.8,5903.6226,2793.355,1.3267965,9.46215e+06,0.01841305010020733,0.009048438630998135,0.4731595,3649.3171,792.2792,5313.85,3116.1926,1844.1936,1.171082,4.408375e+06,0.015427863225340843,0.015579873695969582,0.59180987,4145.8906,769.7534,5471.6,2460.106,1472.4835,1.6852489,5.008236e+06,0.02173568867146969,0.016973411664366722,0.5985448,906.4429,562.0993,1579.2,711.28436,282.25824,1.2743748,1.094983e+06,0.028398150578141212,0.009916819632053375,0.39682898
quinidine,1003.0,120.56854249492379,0.717494853676182,0.9672131147540983,0.7375,0.8670472700691426,43.02278184905761,29.96811264227975,1.435618664498745,7051.58,1043.5631,8725.0,850.6016,947.4118,8.290109,7.072735e+06,0.01842588745057583,0.009499848820269108,1.1138138,5914.9204,928.02515,7574.4,4746.227,1865.9283,1.2462363,5.932665e+06,0.013345468789339066,0.008474430069327354,0.3931393,2725.9172,473.43918,3535.9,2292.89,1220.3888,1.1888566,2.734095e+06,0.012140458449721336,0.012401199899613857,0.5322492,3223.279,700.3698,4766.9,1923.5822,1261.3867,1.6756649,3.232949e+06,0.01841159351170063,0.020662983879446983,0.65574884,472.61417,69.29487,575.9,467.51334,217.1992,1.0109105,474032.0,0.006416701711714268,0.00941259041428566,0.46458396
quinidine,875.0,109.49747468305831,0.6058298663141581,0.9722222222222222,0.7882882882882883,0.9170852543182519,37.5502830250086,29.874788374400584,1.2569221429928212,8247.284,1636.8107,10524.2,937.93494,674.3448,8.793024,7.216374e+06,0.02661491557955742,0.01020992361009121,0.71896756,7992.803,1351.8981,10502.3,5422.493,2628.4355,1.4740089,6.993703e+06,0.02032775990664959,0.010340508073568344,0.48472825,3667.648,647.6205,4893.6,2346.3901,1409.9305,1.5631024,3.209192e+06,0.017049515619874,0.015247078612446785,0.6008935,4660.0366,828.7632,6471.9,2250.0903,1029.2964,2.0710442,4.077532e+06,0.025178011506795883,0.019225196912884712,0.4574467,878.1783,155.16893,1149.5,712.3872,340.1701,1.2327261,768406.0,0.010834689252078533,0.013059327378869057,0.47750732
quinidine,1112.0,124.81118318204308,0.6748883550060997,0.9762949956101844,0.7658402203856749,0.8970314109790953,43.84968415602382,32.35755245161669,1.35516072241839,7932.7637,1398.471,10221.75,826.518,719.0804,9.597811,8.821233e+06,0.021613769233226776,0.009318426251411438,0.87001175,7630.4487,1662.6974,11362.35,5078.854,2488.2688,1.5023957,8.485059e+06,0.016422946006059647,0.007533723022788763,0.4899272,3579.1042,760.9011,5103.45,2490.9248,1528.2155,1.4368576,3.979964e+06,0.013393311761319637,0.013490503653883934,0.6135133,5081.0312,1512.5387,8564.8,2402.7124,1057.3098,2.1147063,5.650107e+06,0.02806307189166546,0.018895186483860016,0.44004843,748.7743,106.02815,938.45,614.2799,283.0685,1.2189465,832637.0,0.006914650090038776,0.009286987595260143,0.46081355
quinidine,1304.0,151.1959594928933,0.9040247048353578,0.9687964338781575,0.6183025130393551,0.7168149998146564,62.445598685281176,26.694257866397475,2.339289557994688,11066.314,3430.3367,16500.3,921.92596,470.37854,12.003474,1.4430474e+07,0.03572925180196762,0.01676209084689617,0.5102129,9327.659,1809.4916,12816.1,6671.0405,2891.5422,1.3982315,1.2163268e+07,0.026469761505723,0.014360942877829075,0.43344697,4561.247,1022.4752,6480.5,3504.0308,2068.0588,1.3017143,5.947866e+06,0.025747692212462425,0.023176159709692,0.5901943,5248.843,1538.3878,8791.75,2760.6514,1028.2689,1.9013059,6.844491e+06,0.03338984400033951,0.018163958564400673,0.3724733,1316.2292,1525.9371,3735.75,1822.2301,3263.768,0.7223178,1.716363e+06,0.04231046885251999,0.04594546929001808,1.7910845
quinidine,882.0,128.5685424949238,0.926285263548234,0.9618320610687023,0.6523668639053254,0.6705157875950037,54.684250251185276,20.60628593193694,2.6537654787383165,7593.608,1359.2052,9776.8,740.0362,840.2729,10.26113,6.697562e+06,0.021985961124300957,0.009498410858213902,1.1354483,6737.3584,1334.0669,9188.1,3968.0693,2822.144,1.6978933,5.94235e+06,0.01806950569152832,0.009278436191380024,0.7112134,2941.8594,491.27927,3823.6,2122.592,1765.7852,1.3859749,2.59472e+06,0.013248628005385399,0.016790375113487244,0.8319004,3908.907,663.6474,5160.0,2048.5435,1395.5378,1.9081396,3.447656e+06,0.020927509292960167,0.02211400307714939,0.6812342,625.3379,114.04364,762.0,490.10522,323.88016,1.2759258,551548.0,0.008771165274083614,0.009719465859234333,0.660838
quinidine,1243.0,141.78174593052023,0.8700841798437958,0.970335675253708,0.6341836734693878,0.7770345909952654,56.727933942409344,27.961377603989387,2.0287961038913793,11931.86,3793.9517,17370.2,826.8674,472.77332,14.430199,1.4831302e+07,0.035972148180007935,0.01630673184990883,0.5717644,10636.693,2666.6736,16208.0,5888.497,4226.6772,1.8063512,1.322141e+07,0.03324214369058609,0.013291673734784126,0.7177854,5226.574,1265.7205,7574.0,3331.6633,2462.676,1.5687582,6.496632e+06,0.031018223613500595,0.022808672860264778,0.7391731,5839.9146,1133.871,8218.3,2469.0261,1315.5231,2.3652704,7.259014e+06,0.03732294961810112,0.022705119103193283,0.5328105,1404.646,1171.108,3114.5,1956.9366,2535.051,0.71777797,1.745975e+06,0.05438262224197388,0.06501542776823044,1.295418
quinidine,608.0,96.32590180780451,0.8312698634714315,0.9650793650793651,0.6755555555555556,0.8234311196504517,37.470051087708875,20.828442151062713,1.798984812015673,5862.454,869.7414,7285.0,1080.8271,1323.2225,5.424044,3.564372e+06,0.014160552062094212,0.009981533512473106,1.2242684,5453.7695,1280.7538,7927.45,3816.5017,1575.4221,1.428997,3.315892e+06,0.016552738845348358,0.008530883118510246,0.4127922,2377.834,538.25214,3492.2,1579.3295,1132.3604,1.5055972,1.445723e+06,0.011868767440319061,0.01124404463917017,0.716988,2901.2615,342.35254,3622.25,1883.6637,716.51746,1.5402226,1.763967e+06,0.006588405929505825,0.008789744228124619,0.380385,416.1579,100.96677,604.15,297.13907,176.0717,1.4005493,253024.0,0.005696105770766735,0.007770247291773558,0.59255654
quinidine,1539.0,154.36753236814712,0.8173456890458749,0.9703656998738966,0.7297297297297297,0.8115897625922467,58.45918799149537,33.68111921613265,1.73566643128339,9933.55,2560.071,13903.6,863.8233,605.62427,11.499516,1.5287733e+07,0.028067734092473984,0.01207116711884737,0.70109737,9519.888,2752.1177,15214.0,5709.9966,3375.4102,1.6672318,1.4651107e+07,0.025858581066131592,0.00965637993067503,0.5911405,4690.464,1585.7617,7495.6,3047.3044,2670.9243,1.5392174,7.218624e+06,0.027570385485887527,0.017868539318442345,0.8764875,4437.579,1236.8949,7285.1,2081.054,861.09656,2.132371,6.829434e+06,0.027008801698684692,0.014907017350196838,0.41377905,946.38074,233.58492,1427.1,689.44885,355.14636,1.3726627,1.45648e+06,0.011089921928942204,0.009688683785498142,0.51511633
quinidine,1028.0,131.63961030678928,0.68877188566107,0.928635953026197,0.7031463748290013,0.7454693681907968,43.77958010183327,31.739238130855707,1.3793519529781149,9257.159,3178.9355,15283.05,1258.1399,703.7079,7.357814,9.51636e+06,0.03398014232516289,0.013697595335543156,0.559324,17679.605,9974.933,40253.25,9814.783,4976.4365,1.8013241,1.8174634e+07,0.02632736600935459,0.02282944694161415,0.5070348,10924.268,7164.459,27644.55,4795.5063,3201.0874,2.2780218,1.1230147e+07,0.028920836746692657,0.02859797514975071,0.66751814,11645.485,8115.9487,30321.2,3978.826,2369.3162,2.9268649,1.1971559e+07,0.028736712411046028,0.024953583255410194,0.5954812,1858.1099,1129.0128,4534.25,1078.9891,446.56192,1.7220839,1.910137e+06,0.022448066622018814,0.015696441754698753,0.41387063
quinidine,732.0,100.08326112068522,0.6867890271112989,0.9721115537848606,0.782051282051282,0.9183284711943805,35.813960800021135,26.03162154683517,1.3757867805348172,21453.71,18389.156,60072.45,671.7489,743.30707,31.9371,1.5704116e+07,0.040232814848423004,0.006242135539650917,1.1065252,39942.65,10025.541,49914.75,4379.0283,6215.8184,9.121349,2.9238018e+07,0.024683628231287003,0.02098872698843479,1.4194515,16923.98,4333.7246,23946.15,2369.7573,2980.9673,7.141651,1.2388354e+07,0.024362433701753616,0.01739937998354435,1.2579209,14853.809,2670.2483,17923.5,3049.9922,3109.0068,4.870114,1.0872988e+07,0.02061406709253788,0.01885080151259899,1.0193491,3198.0396,766.88116,4110.25,529.25555,468.26694,6.0425243,2.340965e+06,0.029454585164785385,0.00973493605852127,0.88476527
quinidine,786.0,111.15432893255071,0.8004204566783619,0.9538834951456311,0.6605042016806723,0.799428538511138,41.617878749116215,24.94737884918043,1.668226509915828,9382.084,2268.0293,12277.75,1011.2601,584.7237,9.277617,7.374318e+06,0.03602180629968643,0.015213499777019024,0.578213,9694.043,2382.2634,14091.25,7610.1685,3645.2795,1.2738277,7.619518e+06,0.024618372321128845,0.01362100150436163,0.47900116,4805.0356,1604.0037,8319.0,3461.2407,2413.7117,1.3882408,3.776758e+06,0.02508864924311638,0.017730658873915672,0.69735444,5027.6562,1223.5397,7420.75,2795.7952,1543.6237,1.798292,3.951738e+06,0.030002664774656296,0.023675501346588135,0.5521233,930.5076,208.0231,1356.5,800.8358,367.40793,1.1619205,731379.0,0.009889122098684311,0.010709240101277828,0.4587806
quinidine,1280.0,131.63961030678928,0.4648536899701545,0.9785932721712538,0.7804878048780488,0.928210886463249,42.921235163903944,38.001925626232826,1.1294489544044397,8851.449,1993.2197,12090.65,731.75214,721.42584,12.09624,1.1329855e+07,0.02721044234931469,0.010533402673900127,0.98588824,7923.2666,1732.6608,11097.2,5373.9155,2836.798,1.4743936,1.0141781e+07,0.019162897020578384,0.009192509576678276,0.5278829,4137.974,1198.5087,6380.05,3167.5957,2157.4858,1.3063455,5.296607e+06,0.01981426775455475,0.016618559136986732,0.6811115,4471.167,851.1618,6524.35,2012.7188,1008.55084,2.2214565,5.723094e+06,0.018533246591687202,0.016447877511382103,0.5010888,610.0062,112.781044,832.1,437.5556,226.5164,1.3941227,780808.0,0.006692169234156609,0.0062086740508675575,0.517686
quinidine,837.0,114.42640687119287,0.8173518287521417,0.9489795918367347,0.775,0.8033093103462744,43.3226208877912,24.959845486955842,1.7356926712720178,8917.871,1936.8883,11508.0,1039.5508,591.5946,8.578582,7.464258e+06,0.03284648805856705,0.013552690856158733,0.5690868,11066.352,2167.3574,14969.8,7956.4663,3556.0933,1.3908626,9.262536e+06,0.03050951473414898,0.017537616193294525,0.4469438,6012.189,1650.1816,8987.8,4132.205,2700.7515,1.454959,5.032202e+06,0.032208092510700226,0.026784855872392654,0.65358603,5804.3286,1870.6335,10047.8,2956.4758,1352.8086,1.9632593,4.858223e+06,0.040396854281425476,0.019476547837257385,0.45757473,1083.7646,168.07603,1377.2,846.67584,343.00467,1.2800231,907111.0,0.011684623546898365,0.011841090396046638,0.40511924
quinidine,1408.0,150.22539674441617,0.8585012993271307,0.9703652653342523,0.7485380116959064,0.7840175773856687,59.227352300501515,30.37246070562502,1.9500347000048148,8945.208,1922.4717,11780.95,733.7895,703.17194,12.190428,1.2594853e+07,0.023212112486362457,0.010397193022072315,0.9582747,7464.4624,1896.1895,10792.0,4139.601,3669.7246,1.803184,1.0509963e+07,0.018414082005620003,0.008827608078718185,0.8864923,3491.368,1074.7163,5039.8,2329.7378,2752.3274,1.4986098,4.915846e+06,0.016696779057383537,0.014064423739910126,1.1813893,3849.6414,661.74426,4912.5,2015.9946,1729.6024,1.9095494,5.420295e+06,0.013983111828565598,0.015826016664505005,0.85794,757.63354,193.42493,1105.95,595.7691,368.76593,1.2716899,1.066748e+06,0.010327992029488087,0.01023328397423029,0.61897457
quinidine,1251.0,134.36753236814712,0.7400206929637805,0.9742990654205608,0.700447928331467,0.8707199410492905,48.757584227898285,32.793575993543236,1.486802910347387,11227.316,3284.7478,15602.5,831.76953,528.97174,13.49811,1.4045373e+07,0.03238389641046524,0.01280079036951065,0.6359595,10761.909,2597.0283,15257.0,5802.28,4359.3594,1.8547726,1.3463148e+07,0.02593124657869339,0.01108238473534584,0.7513184,5220.0366,1752.5087,8160.0,3072.239,3223.3652,1.6990985,6.530266e+06,0.026687288656830788,0.01813749596476555,1.0491909,5407.226,1462.4603,8301.5,1803.4215,919.67303,2.998315,6.76444e+06,0.03286111354827881,0.012336721643805504,0.5099601,1003.0232,248.98793,1426.5,709.7671,417.78296,1.4131722,1.254782e+06,0.01033699419349432,0.011049367487430573,0.58861977
quinidine,1100.0,123.39696961967,0.5448556958846381,0.9674582233948988,0.7665505226480837,0.9078070691842809,41.12427527565438,34.483931429781244,1.1925634221664863,10000.891,2541.8215,13753.5,675.95435,587.65985,14.795217,1.100098e+07,0.030040908604860306,0.012560310773551464,0.86937803,6802.4272,1311.6013,9488.4,4310.2715,2068.3638,1.57819,7.48267e+06,0.017735520377755165,0.011256757192313671,0.47986856,3334.8965,899.1138,5233.4,2414.4424,1646.3667,1.3812284,3.668386e+06,0.022901665419340134,0.018953388556838036,0.6818828,3865.3765,952.4535,5503.6,2231.514,1324.314,1.7321768,4.251914e+06,0.02828163094818592,0.028900660574436188,0.59345984,581.0145,99.64047,765.3,460.42752,217.80956,1.2619022,639116.0,0.008197466842830181,0.008494279347360134,0.4730594
quinidine,1283.0,138.46803743153546,0.7923527133764737,0.9749240121580547,0.7183650615901456,0.840886629018237,51.99196509301407,31.718387565179974,1.6391742797824365,10719.913,2949.0571,14998.9,720.64966,561.80237,14.875346,1.3753649e+07,0.030093038454651833,0.01325105782598257,0.7795777,6728.6577,1205.82,9112.2,4191.287,2822.355,1.6053917,8.632868e+06,0.017162522301077843,0.00999041460454464,0.6733862,3215.5745,977.0468,5299.9,2334.2952,1945.208,1.3775355,4.125582e+06,0.021392138674855232,0.01999184675514698,0.83331704,3622.732,806.072,4642.8,1939.0747,1693.25,1.8682786,4.647965e+06,0.021602509543299675,0.020854996517300606,0.87322575,725.6968,166.46977,1013.0,599.6621,407.41162,1.2101761,931069.0,0.009999454021453857,0.02125062234699726,0.679402
quinidine,871.0,115.9827560572969,0.8389036157794115,0.964562569213732,0.7168724279835391,0.8136566344819012,45.20582138585762,24.604624672873477,1.8372896147323432,7823.707,1292.3304,9862.0,1079.4944,750.6979,7.247566,6.814449e+06,0.025408266112208366,0.012103550136089325,0.6954162,7960.0044,1015.9865,9953.0,7894.7397,1965.5255,1.0082668,6.933164e+06,0.018050720915198326,0.013798375613987446,0.24896647,4096.892,651.17255,5406.5,4310.231,1806.7184,0.95050406,3.568393e+06,0.019963473081588745,0.02363952435553074,0.41916972,4667.271,731.4242,5506.0,3257.4832,1741.4493,1.4327844,4.065193e+06,0.018187837675213814,0.026784192770719528,0.53459966,754.29736,67.25273,880.0,786.7653,223.11536,0.95873237,656993.0,0.007223765831440687,0.011942167766392231,0.28358564
quinidine,1179.0,134.02438661763952,0.8121857729625189,0.9671862182116489,0.637987012987013,0.8248139785259012,50.90657900623022,29.698841919088935,1.7140930661511757,8235.8545,1838.1991,11487.9,754.50323,811.81366,10.915599,9.710073e+06,0.025166289880871773,0.009957049041986465,1.0759578,7281.885,1368.0254,9909.4,5283.582,2652.194,1.3782098,8.585342e+06,0.01749744825065136,0.011313572525978088,0.5019689,3363.8975,855.95856,5101.7,2799.6348,1949.4203,1.2015487,3.966035e+06,0.01520852092653513,0.016730181872844696,0.69631237,4025.2476,796.59595,5457.0,1990.3395,1142.9476,2.0223925,4.745767e+06,0.01705322600901127,0.017657415941357613,0.5742476,599.3715,96.48454,776.1,484.82312,240.3839,1.2362684,706659.0,0.006287581752985716,0.008154523558914661,0.49581772
quinidine,1226.0,143.39696961966996,0.8778570476906924,0.9653543307086614,0.7416817906836055,0.7492390198854261,57.26844500811362,27.427161371934737,2.0880193991462215,8704.168,1736.2483,11186.0,758.3097,686.3743,11.478381,1.067131e+07,0.023928645998239517,0.011052637360990047,0.90513724,8262.646,1363.8158,10582.75,5122.644,2781.082,1.6129652,1.0130004e+07,0.018934931606054306,0.010889338329434395,0.5428997,4004.5718,921.16113,5561.5,2666.9294,1994.8717,1.5015664,4.909605e+06,0.01964007318019867,0.019120682030916214,0.7480032,4845.4346,1172.7479,7192.0,2090.661,1105.9088,2.3176568,5.940503e+06,0.02258164994418621,0.014459358528256416,0.5289757,747.53754,145.2964,1001.5,562.55444,284.89798,1.328827,916481.0,0.010329832322895527,0.009753355756402016,0.5064363
quinidine,984.0,117.05382386916239,0.7089182654781488,0.9752229930624381,0.7208791208791209,0.9024720307194065,42.201160472273266,29.764083657733025,1.4178551894141367,10154.761,2557.4358,13591.6,930.5169,508.78293,10.913032,9.992285e+06,0.03267478197813034,0.01544017530977726,0.5467745,9187.312,1979.0177,13248.6,7576.6533,3792.3333,1.2125818,9.040315e+06,0.021468404680490494,0.012656153179705143,0.5005288,4780.87,1621.2539,8444.45,4101.813,2986.4702,1.1655505,4.704376e+06,0.02441214583814144,0.01773408241569996,0.7280854,4544.797,862.7543,5479.75,2802.9683,1983.2975,1.6214229,4.47208e+06,0.017067525535821915,0.02280503325164318,0.70757043,893.75714,172.97975,1196.85,841.31134,414.23694,1.0623381,879457.0,0.00866428017616272,0.010110775008797646,0.49237058
quinidine,1391.0,140.71067811865476,0.7529098625221016,0.9795774647887324,0.7430555555555556,0.8828417886686241,51.89673754556119,34.15447034555163,1.5194713025997886,10725.667,3022.2273,15259.5,920.68665,492.4611,11.649639,1.4919403e+07,0.0399765744805336,0.014307726174592972,0.5348846,10664.474,2366.5764,15309.0,7840.3306,3773.605,1.3602072,1.4834283e+07,0.025523733347654343,0.013194628059864044,0.48130688,5907.798,1602.4642,9021.5,4607.1953,3190.0242,1.2822981,8.217747e+06,0.027560830116271973,0.022231191396713257,0.69240046,5815.907,1043.2944,7792.5,2819.9587,1425.0184,2.0624087,8.089927e+06,0.027946632355451584,0.025946158915758133,0.50533307,995.61035,175.89801,1349.5,808.1469,352.38904,1.231967,1.384894e+06,0.012125307694077492,0.010750116780400276,0.43604577
quinidine,759.0,107.15432893255071,0.8083660300992326,0.9656488549618321,0.6764705882352942,0.8306770239373062,40.70608808038973,23.96286750224078,1.6987152341673335,7822.36,1807.3116,11057.9,819.39594,811.85376,9.546495,5.937171e+06,0.022690914571285248,0.008147457614541054,0.99079543,6983.4863,1906.2583,10456.3,4067.9949,3123.844,1.7166901,5.300466e+06,0.015423177741467953,0.009099568240344524,0.76790756,3138.3782,936.2573,5040.6,1982.8123,1988.3503,1.5827914,2.382029e+06,0.01298510655760765,0.013075652532279491,1.0027931,4432.295,1099.9736,6434.5,2063.1157,1141.2844,2.1483502,3.364112e+06,0.019167307764291763,0.013644526712596416,0.55318487,695.2991,143.31506,937.1,520.8151,328.96036,1.3350209,527732.0,0.006403143983334303,0.00889750849455595,0.63162595
quinidine,1015.0,133.88225099390854,0.9063777966987318,0.9602649006622517,0.6092436974789915,0.7115900961583851,55.4614766423468,23.43070427523956,2.367042662945297,11966.132,4401.2417,18804.5,838.7439,539.2771,14.266729,1.2145624e+07,0.03519149124622345,0.017141787335276604,0.642958,11403.794,3088.5178,17495.8,4875.5996,2960.259,2.338952,1.1574851e+07,0.03338048979640007,0.014950389042496681,0.60715795,5774.662,1409.2694,8376.9,2692.7363,2166.1528,2.1445332,5.861282e+06,0.035613901913166046,0.024733278900384903,0.804443,6115.2227,2036.8999,10529.3,2352.8567,1409.4156,2.599063,6.206951e+06,0.031023148447275162,0.025514699518680573,0.59902316,2036.1921,2118.7258,6943.5,1510.9299,2297.3767,1.3476417,2.066735e+06,0.05529510974884033,0.05639719218015671,1.5205051
quinidine,600.0,91.25483399593904,0.3454085561469208,0.9630818619582665,0.7389162561576355,0.905418482527066,28.78216518585017,27.010692337438652,1.0655841333602596,5929.0083,669.30286,7052.15,990.83527,1168.4474,5.9838486,3.557405e+06,0.01535897795110941,0.008820071816444397,1.1792549,5766.29,1062.3384,7678.5,5591.397,3053.362,1.031279,3.459774e+06,0.013845350593328476,0.011265205219388008,0.54608214,2595.3467,538.64844,3562.7,2924.0142,2651.509,0.88759714,1.557208e+06,0.01169480662792921,0.015275822952389717,0.90680444,3207.675,392.26392,3889.95,2365.727,1167.375,1.355894,1.924605e+06,0.009858684614300728,0.015747180208563805,0.49345297,450.14166,100.150276,602.1,467.19638,343.44827,0.9634956,270085.0,0.005830472335219383,0.008067538030445576,0.73512614
quinidine,1263.0,133.63961030678928,0.6544584261093581,0.9722863741339491,0.7531305903398927,0.8886746942487467,46.177580772242734,34.91477594426116,1.322579897002971,9419.508,2327.7966,13540.4,688.7913,632.65576,13.675416,1.1896838e+07,0.03411979228258133,0.012233761139214039,0.9185014,6956.727,1714.113,9964.0,4832.7964,2372.178,1.4394828,8.786346e+06,0.019893476739525795,0.01043531484901905,0.49084997,3319.711,1129.4241,5265.7,2608.1282,2029.4718,1.2728328,4.192795e+06,0.022654321044683456,0.020149782299995422,0.77813345,3434.5496,926.41095,5177.3,2088.1367,1454.3904,1.6447915,4.337836e+06,0.021857229992747307,0.021326446905732155,0.6965015,587.4204,118.07678,805.7,491.52234,258.73526,1.1951042,741912.0,0.007867109961807728,0.010092753916978836,0.52639574
quinidine,1237.0,142.22539674441617,0.8754645012680076,0.9786392405063291,0.7255131964809384,0.7684670589460131,57.38178673382105,27.731609322914547,2.06918343849618,10121.572,2657.2942,13949.0,701.64655,560.9156,14.425457,1.2520385e+07,0.03204607218503952,0.013582859188318253,0.79942757,6629.7695,1280.5717,8989.2,4019.3103,2345.869,1.6494794,8.201025e+06,0.015902331098914146,0.009691999293863773,0.58364964,3264.3186,1135.8877,5434.0,2013.4025,1662.8911,1.6212946,4.037962e+06,0.024779187515378,0.0174788236618042,0.8259109,3288.6887,915.0308,4238.0,1881.2512,1113.286,1.748139,4.068108e+06,0.020240936428308487,0.01692451909184456,0.59177953,669.1827,119.29845,917.4,498.6259,261.7565,1.3420537,827779.0,0.008913541212677956,0.010235000401735306,0.5249557
quinidine,1390.0,148.8528137423857,0.8607204931956817,0.9727081875437369,0.6396686608375518,0.7883345622179943,59.078609915265034,30.075610279506414,1.964336196879148,10435.045,3056.803,14866.75,917.4989,584.696,11.37336,1.4504712e+07,0.030024975538253784,0.013857678510248661,0.6372716,9192.9795,2245.5881,13589.85,5969.4067,2730.6409,1.5400156,1.2778241e+07,0.025411456823349,0.013745659030973911,0.45743924,4416.5454,1184.257,6809.5,3156.6658,1877.8835,1.3991172,6.138998e+06,0.022826386615633965,0.021040048450231552,0.59489465,5597.301,1312.5135,8486.45,2909.283,1508.3458,1.9239452,7.780248e+06,0.02440836653113365,0.02592187188565731,0.5184597,1289.4252,1555.8876,2916.8,1676.9159,2703.8423,0.76892656,1.792301e+06,0.03719016909599304,0.051096826791763306,1.6123899
quinidine,803.0,109.7401153701776,0.8153086058466184,0.9663056558363418,0.7169642857142857,0.8379046188602304,42.0598600055468,24.35378041313512,1.7270361846106643,8366.843,1817.0262,11322.1,876.2025,723.04755,9.548983,6.718575e+06,0.026563037186861038,0.010334142483770847,0.825206,8077.8965,1462.4785,10963.3,5445.2017,3498.6797,1.4834889,6.486551e+06,0.019466787576675415,0.011113089509308338,0.64252526,4212.2007,915.7819,6200.0,3383.121,2579.4045,1.2450635,3.382397e+06,0.021680504083633423,0.021712560206651688,0.7624334,4811.3076,670.8577,5842.7,2684.744,2046.4237,1.7920918,3.86348e+06,0.01837153360247612,0.0283488966524601,0.76224166,840.5691,204.41428,981.6,692.9238,377.60132,1.2130758,674977.0,0.01834922656416893,0.018625153228640556,0.54493916
quinidine,700.0,101.7401153701776,0.7744319900423191,0.9655172413793104,0.6862745098039216,0.8498131606016667,37.80141659160627,23.91533718448113,1.5806348996883863,7417.894,1507.035,9812.15,761.1627,917.6126,9.745478,5.192526e+06,0.018918132409453392,0.0074548739939928055,1.2055407,6867.721,1806.3529,10048.95,3964.6895,2804.873,1.7322217,4.807405e+06,0.017195839434862137,0.00853255670517683,0.7074635,3130.9614,1007.2064,5153.85,1847.7542,1757.5414,1.6944686,2.191673e+06,0.014567742124199867,0.01160005945712328,0.95117706,3851.203,452.10312,4747.0,2092.3955,1256.4624,1.8405712,2.695842e+06,0.011808810755610466,0.01700364239513874,0.6004899,644.9286,123.065414,851.0,418.17148,310.05115,1.5422586,451450.0,0.006626865826547146,0.0067470683716237545,0.741445
quinidine,1184.0,132.95331880577405,0.7842526430697366,0.9689034369885434,0.6727272727272727,0.8417113839012654,49.431749342530615,30.66951416387705,1.6117552132844664,8251.377,1765.3558,11092.05,745.80023,887.6681,11.063789,9.76963e+06,0.030062008649110794,0.012126347050070763,1.1902224,6130.986,754.0432,7664.65,4743.673,1736.32,1.2924554,7.259087e+06,0.010057426989078522,0.007157986052334309,0.3660286,2827.7617,356.48987,3384.4,2472.2437,1319.531,1.1438038,3.34807e+06,0.009069998748600483,0.011417473666369915,0.53373826,3587.663,449.43805,4417.65,2053.6187,849.42224,1.7469958,4.247793e+06,0.013369949534535408,0.016759073361754417,0.4136222,575.58276,415.46246,916.95,983.784,1685.9122,0.58507025,681490.0,0.028093133121728897,0.05551272630691528,1.7137016
quinidine,1260.0,133.88225099390854,0.7320920046966917,0.9767441860465116,0.7342657342657343,0.8833532228173057,48.561938688847704,33.080672679607005,1.467985223855025,9299.587,2186.929,12541.15,780.1394,676.7599,11.920417,1.1717479e+07,0.025226209312677383,0.010026399046182632,0.8674858,8184.3525,1832.9598,11997.85,5227.998,2537.5217,1.565485,1.0312284e+07,0.02081438899040222,0.009371858090162277,0.4853716,4186.6177,1144.6094,6388.8,2776.3428,2009.0035,1.5079614,5.275138e+06,0.021605942398309708,0.017357364296913147,0.7236151,4605.7295,1097.7292,6945.05,1979.2812,917.92804,2.3269708,5.803219e+06,0.0188865065574646,0.013492083176970482,0.46376836,740.4373,158.58788,1058.1,543.0137,278.84082,1.3635703,932951.0,0.009421974420547485,0.007838347926735878,0.51350605
quinidine,814.0,123.49747468305833,0.9285536736892673,0.961038961038961,0.6783333333333333,0.6706842608350823,52.85933530358422,19.6212880811781,2.693978860352701,7342.2554,1272.7366,9172.4,751.70917,848.0097,9.767415,5.976596e+06,0.018464339897036552,0.008550041355192661,1.1281087,6262.8613,1167.7307,8651.35,3070.8198,2631.5056,2.0394754,5.097969e+06,0.01713244430720806,0.007940415292978287,0.85693914,2936.3894,385.37003,3663.7,1719.1737,1533.895,1.7080237,2.390221e+06,0.012509970925748348,0.01241062581539154,0.89222807,4047.1868,592.0578,5048.8,1796.9121,1516.7551,2.252301,3.29441e+06,0.0183842945843935,0.01992499828338623,0.84408975,692.6597,103.68096,890.35,464.83463,219.16905,1.4901208,563825.0,0.007731306832283735,0.006559282541275024,0.47149897
quinidine,1153.0,128.36753236814712,0.7291421408215786,0.9721753794266442,0.6863095238095238,0.8792832210297098,46.405241735989996,31.75799731611204,1.4612143604044847,9410.558,2436.913,13168.2,809.8391,741.9041,11.62028,1.0850373e+07,0.02558601275086403,0.010463478974997997,0.91611296,9348.507,3836.2625,18105.0,5909.327,4643.6367,1.5819918,1.0778828e+07,0.021745391190052032,0.010177338495850563,0.7858148,4814.9746,2775.369,10840.2,3059.267,3577.3135,1.5738981,5.551666e+06,0.01675398275256157,0.014280675910413265,1.1693368,4790.724,1694.8005,8711.4,1894.3657,940.6331,2.528933,5.523705e+06,0.02527027018368244,0.014566052705049515,0.4965425,731.2021,247.45064,1266.0,504.5205,412.19742,1.449301,843076.0,0.006839876063168049,0.00883217342197895,0.81700826
quinidine,968.0,125.49747468305833,0.8709711150120423,0.968,0.7744,0.7723519505134251,50.2943338105979,24.71132732809938,2.035274477280221,8430.851,1739.4192,11306.95,772.4565,711.46606,10.914337,8.161063e+06,0.024749428033828735,0.010329162701964378,0.9210436,7425.6426,1690.4695,10581.65,4021.1233,4155.554,1.8466588,7.188022e+06,0.021109502762556076,0.013259675353765488,1.0334312,3305.2695,1226.6224,5358.7,1990.3983,2624.7534,1.6606071,3.199501e+06,0.022876489907503128,0.017157992348074913,1.3187076,3709.6736,633.50885,4590.8,1541.9838,1525.6351,2.4057798,3.590964e+06,0.01653864234685898,0.016480449587106705,0.98939764,713.35535,109.1124,918.65,526.4546,328.26175,1.3550178,690528.0,0.007139422930777073,0.008345703594386578,0.6235329
quinidine,777.0,112.66904755831213,0.8663261435873804,0.9568965517241379,0.7507246376811594,0.7691687596321523,44.97820830968331,22.46565886913531,2.0020872110489094,7386.6436,1421.2496,9781.4,778.1424,933.8188,9.492663,5.739422e+06,0.01866326294839382,0.009411961771547794,1.2000616,5488.3706,874.6947,7259.4,3192.735,2292.5718,1.7190185,4.264464e+06,0.01213797926902771,0.008966951631009579,0.7180589,2339.7466,358.95886,3003.6,1624.8329,1374.3666,1.4399922,1.817983e+06,0.010036363266408443,0.01349656842648983,0.84585106,3364.2124,392.56567,3933.6,1757.1555,1533.147,1.9145787,2.613993e+06,0.011301947757601738,0.017195919528603554,0.8725164,549.0759,100.44901,699.0,430.88193,230.84038,1.2743071,426632.0,0.007979372516274452,0.006941099185496569,0.5357393
quinidine,823.0,112.66904755831213,0.848670323233316,0.9751184834123223,0.7793560606060606,0.8147051340762694,44.71260393171717,23.64948836632667,1.890637261962133,6769.706,844.1369,8037.9,829.7933,901.0072,8.158304,5.571468e+06,0.016887135803699493,0.008348626084625721,1.0858213,5702.136,855.3956,7349.4,4100.592,1728.9497,1.3905642,4.692858e+06,0.013758303597569466,0.007470023352652788,0.4216342,2684.4617,571.71063,3493.1,2173.3552,1262.545,1.2351693,2.209312e+06,0.017800550907850266,0.01310666836798191,0.5809198,3761.4387,321.36816,4377.2,2218.6694,1135.4894,1.6953579,3.095664e+06,0.009589897468686104,0.016037892550230026,0.5117884,577.2187,97.0822,736.5,518.16626,232.47252,1.1139642,475051.0,0.008576733991503716,0.010683521628379822,0.44864464
quinidine,1127.0,138.50966799187808,0.9027611306620372,0.967381974248927,0.5590277777777778,0.7381992566492228,58.1477980126465,25.01182370522645,2.3248124046426883,9936.998,2649.124,13814.4,736.3696,623.6986,13.494579,1.1198997e+07,0.02834845334291458,0.01228931825608015,0.84699124,7290.219,1869.7955,11159.9,4232.012,2909.6255,1.7226366,8.216077e+06,0.017604239284992218,0.007807331159710884,0.68752766,3232.7507,1045.2932,5416.5,2201.2688,1998.8121,1.4685851,3.64331e+06,0.019240856170654297,0.0134862856939435,0.9080273,4384.7427,847.7504,6127.7,1926.0127,1149.9181,2.2765908,4.941605e+06,0.019415289163589478,0.012958155013620853,0.59704596,603.9255,136.09294,861.0,484.6761,289.40866,1.2460394,680624.0,0.007305871229618788,0.007164247799664736,0.59711766
quinidine,588.0,94.66904755831213,0.8081422985694786,0.9560975609756097,0.6805555555555556,0.8244630079628186,35.77483119115112,21.07092079699107,1.6978295128070422,5714.6597,829.96356,7421.75,899.9205,1225.6887,6.350183,3.36022e+06,0.016330737620592117,0.007397151086479425,1.3619967,6200.946,1326.8247,8350.0,4329.053,2434.3562,1.4324023,3.646156e+06,0.015998249873518944,0.00780572509393096,0.56232995,3014.8079,745.00977,4587.65,2467.0364,1949.6423,1.2220362,1.772707e+06,0.015842558816075325,0.013701246120035648,0.79027706,3159.223,690.7083,4612.25,1780.3479,1155.9594,1.7744975,1.857623e+06,0.016834458336234093,0.014102968387305737,0.6492885,462.64285,101.52813,617.65,331.78708,238.28821,1.3943968,272034.0,0.00640912726521492,0.006200400181114674,0.71819615
quinidine,856.0,118.81118318204308,0.8904496748120504,0.9727272727272728,0.6484848484848484,0.762024591929212,48.97281970326425,22.286635279336622,2.197407508556041,7963.584,1625.1261,10923.75,760.5166,773.62006,10.471282,6.816828e+06,0.024831395596265793,0.009708049707114697,1.0172297,6056.661,1098.5406,8425.25,3413.5007,2901.785,1.7743254,5.184502e+06,0.014136180281639099,0.010198199190199375,0.8500906,2628.3855,406.81747,3333.0,1648.8436,1693.5294,1.5940781,2.249898e+06,0.012342947535216808,0.013715025968849659,1.0271013,3333.0842,378.9689,3874.75,1555.1038,1212.9254,2.1433196,2.85312e+06,0.012151778675615788,0.015869490802288055,0.7799643,637.9673,108.850624,828.0,494.10443,281.91312,1.2911588,546100.0,0.008572980761528015,0.009425541386008263,0.5705537
quinidine,879.0,109.1543289325507,0.5212857198409054,0.9745011086474501,0.7610389610389611,0.9270791440137554,36.28308035883439,30.963335343587158,1.171807880391962,7829.4336,1549.1626,10478.6,797.1378,776.1054,9.821932,6.882072e+06,0.02174176461994648,0.008450540713965893,0.9736151,6764.909,1458.0338,9856.2,4058.9924,2351.479,1.6666474,5.946355e+06,0.01841045916080475,0.009582223370671272,0.5793258,3015.281,640.07654,4148.1,1917.7156,1502.036,1.5723296,2.650432e+06,0.016750730574131012,0.015135815367102623,0.78324234,3909.7224,1079.3224,5853.1,1966.3442,2104.65,1.9883205,3.436646e+06,0.024849334731698036,0.022483544424176216,1.0703365,694.7827,132.88539,895.1,552.3808,325.81876,1.2577966,610714.0,0.01107778400182724,0.013916540890932083,0.58984447
quinidine,1118.0,147.74011537017762,0.9345447178971567,0.9571917808219178,0.7049180327868853,0.6436574493650649,63.682570525869274,22.66116960618329,2.8102066942075643,8086.085,1713.0675,10744.3,754.8452,782.6124,10.712242,9.040243e+06,0.023263923823833466,0.009420721791684628,1.0367854,6387.587,1278.6627,8657.3,2834.7236,3063.1716,2.2533367,7.141322e+06,0.015896128490567207,0.009261020459234715,1.0805892,2908.086,548.9206,4045.0,1359.2653,1639.4508,2.1394544,3.25124e+06,0.016643933951854706,0.012227918021380901,1.2061301,3306.3337,400.15402,3964.45,1140.6001,951.4125,2.8987668,3.696481e+06,0.012396610341966152,0.010271328501403332,0.83413327,605.8032,127.32377,833.15,373.21225,257.52017,1.6232136,677288.0,0.007422258611768484,0.006727243307977915,0.69000995
quinidine,1203.0,128.3259018078045,0.5782108667363886,0.976461038961039,0.8228454172366622,0.9180087939331556,43.38767617424662,35.399456819753105,1.2256593765030892,8863.472,1832.1837,11686.4,767.01746,708.2046,11.555762,1.0662756e+07,0.025287842378020287,0.010447158478200436,0.9233227,7046.473,1477.1434,10099.5,4684.387,2253.3047,1.5042465,8.476907e+06,0.016407938674092293,0.0072236075066030025,0.48102444,3158.5503,843.6426,4722.7,2175.96,1740.2877,1.4515663,3.799736e+06,0.01605238951742649,0.01230388693511486,0.7997793,3814.5876,810.4799,5436.6,1821.7911,789.1358,2.0938666,4.588949e+06,0.015116258524358273,0.013652394525706768,0.4331648,636.29675,207.04149,1094.2,464.57242,290.25885,1.3696395,765465.0,0.011382253840565681,0.007401690352708101,0.6247871
quinidine,901.0,118.32590180780451,0.7266493061223099,0.9657020364415863,0.7150793650793651,0.8086768464708368,41.58849008284991,28.571649422887972,1.4555859015102746,8029.4263,1559.9199,10410.0,792.67194,785.17285,10.129571,7.234513e+06,0.02342412620782852,0.009970013983547688,0.9905395,6680.101,1354.4385,9062.0,4364.236,3532.033,1.5306462,6.018771e+06,0.017695829272270203,0.009806236252188683,0.80931306,3168.8125,958.9005,4859.0,2345.2354,2265.4758,1.3511704,2.8551e+06,0.016640352085232735,0.01471842359751463,0.96599084,3676.0977,597.6513,4499.0,1993.053,1673.7058,1.8444556,3.312164e+06,0.01258624903857708,0.017725663259625435,0.83976984,556.47504,104.010414,728.0,466.1125,306.2694,1.1938642,501384.0,0.006566548254340887,0.00732802040874958,0.6570719
quinidine,909.0,119.1543289325507,0.8389935018904554,0.9659936238044633,0.7600334448160535,0.8045519597880607,46.189472323582955,25.133605858227,1.8377574862965285,6034.1616,797.62134,7367.8,739.8592,1167.667,8.155825,5.485053e+06,0.014790704473853111,0.007267381530255079,1.5782287,5370.4214,989.41785,7182.0,4005.0327,1607.4647,1.3409182,4.881713e+06,0.012334847822785378,0.006520010530948639,0.4013612,2411.109,456.75058,3203.0,2272.276,1236.2957,1.0610987,2.191698e+06,0.011532844044268131,0.010647600516676903,0.5440782,2981.889,782.95306,4818.8,1551.8541,1176.4272,1.9215008,2.710537e+06,0.016107916831970215,0.016177859157323837,0.7580785,315.9252,59.814297,411.6,238.49644,152.81161,1.3246537,287176.0,0.005085249897092581,0.005322162061929703,0.6407291
quinidine,965.0,120.81118318204308,0.839021225422351,0.977710233029382,0.7148148148148148,0.8308505314874124,47.5635398470991,25.879259671476756,1.8379018739675164,7393.317,1259.34,9350.4,754.69464,877.88226,9.796434,7.134551e+06,0.01812354102730751,0.007826833985745907,1.1632284,5875.8975,1027.8823,7823.6,3533.1335,2890.9644,1.6630839,5.670241e+06,0.012344658374786377,0.00677674263715744,0.81824374,2687.024,518.60925,3591.0,1866.9005,1966.8372,1.4392968,2.592978e+06,0.010828820057213306,0.01029734406620264,1.0535308,2968.0032,399.68262,3618.8,1408.3372,1374.7478,2.1074522,2.864123e+06,0.010164227336645126,0.01361751276999712,0.9761496,437.15543,66.923065,553.0,319.3572,206.77834,1.3688604,421855.0,0.004789616912603378,0.00500788539648056,0.64748293
quinidine,374.0,70.52691193458118,0.6217172961434656,0.9664082687338501,0.7743271221532091,0.9448692803681602,24.661144804784566,19.315637658694527,1.2767450518872139,6416.671,938.37213,8138.7,1428.7051,1794.0847,4.4912496,2.399835e+06,0.017481276765465736,0.012213580310344696,1.2557418,7032.9414,2474.1648,12093.7,4785.6655,3092.9363,1.4695848,2.63032e+06,0.014025259763002396,0.012154842726886272,0.6462918,3035.3743,984.45105,4898.8,2677.5242,2221.6958,1.1336496,1.13523e+06,0.014573386870324612,0.017050255089998245,0.8297575,3624.9573,740.45056,4875.85,2044.4866,1638.6688,1.7730404,1.355734e+06,0.0128053929656744,0.017737390473484993,0.8015063,721.33154,526.78625,1502.45,1220.4779,1394.6523,0.59102386,269778.0,0.03855422884225845,0.06415503472089767,1.14271
quinidine,895.0,120.81118318204308,0.8702442586310513,0.9634015069967707,0.656158357771261,0.770581581016823,48.36251515832438,23.824365087901278,2.029960294005245,6964.505,1079.7181,8667.4,784.82104,924.5599,8.874003,6.233232e+06,0.01674533635377884,0.007974770851433277,1.1780518,5878.117,1378.0404,8713.4,3868.933,1948.195,1.5193121,5.260915e+06,0.01525120809674263,0.006610191892832518,0.5035484,2698.79,602.9819,3887.7,2128.0137,1237.4517,1.2682203,2.415417e+06,0.013439206406474113,0.010634309612214565,0.5815055,3244.5833,723.4071,4844.6,1697.2325,1079.2788,1.9116905,2.903902e+06,0.021589452400803566,0.020055433735251427,0.6359051,559.10614,319.5257,997.1,1081.3975,1586.2363,0.5170219,500400.0,0.030340056866407394,0.059893589466810226,1.4668393
quinidine,917.0,125.1543289325507,0.8956209234617538,0.9612159329140462,0.7491830065359477,0.7356774561473038,51.39434843043862,22.861137538566503,2.248109847715884,6432.352,762.9646,7710.8,717.2442,1057.6041,8.968148,5.898467e+06,0.015769783407449722,0.00809010211378336,1.4745384,5461.5356,993.4779,7317.8,3370.8325,1552.8473,1.6202334,5.008228e+06,0.010341598652303219,0.00466501759365201,0.46067175,2483.2322,488.8401,3396.4,1624.7777,903.81805,1.5283519,2.277124e+06,0.008995532989501953,0.006688455585390329,0.5562718,3542.4753,832.60443,5441.6,1516.4023,861.7171,2.336105,3.24845e+06,0.01798412762582302,0.010182120837271214,0.5682642,412.02618,189.38991,544.8,693.7983,955.3201,0.5938703,377828.0,0.018006207421422005,0.050393711775541306,1.3769422
quinidine,1045.0,129.88225099390857,0.8541153592341797,0.9693877551020408,0.6450617283950617,0.7784425038536613,51.05446685492767,26.552591022602332,1.9227677936013337,7387.4717,1411.9755,9858.8,725.33496,945.18823,10.184911,7.719908e+06,0.02095847949385643,0.00884503684937954,1.3031058,5580.2295,1313.5402,8348.8,3566.3752,2354.608,1.5646782,5.83134e+06,0.012306596152484417,0.008461890742182732,0.6602244,2416.176,730.19806,4067.6,1760.0497,1569.8563,1.3727885,2.524904e+06,0.013053776696324348,0.013301794417202473,0.8919386,2899.685,642.9754,4130.4,1556.947,1375.3745,1.8624173,3.030171e+06,0.014228017069399357,0.01963127963244915,0.88337916,417.45264,92.10421,559.0,320.2775,202.45981,1.3034092,436238.0,0.004896046128123999,0.005825989414006472,0.6321387
quinidine,938.0,116.22539674441617,0.6764523195650753,0.9610655737704918,0.7106060606060606,0.872590795818283,40.420759753121004,29.76934098756764,1.3577982720545154,10242.953,5130.3174,20828.4,745.38086,843.90656,13.741905,9.60789e+06,0.036031246185302734,0.009262344799935818,1.1321816,13691.416,9638.582,32146.4,4859.557,4357.586,2.8174205,1.2842548e+07,0.01694384403526783,0.013015761971473694,0.8967043,6918.9873,5269.995,17487.15,2080.3662,2038.3512,3.3258507,6.49001e+06,0.019055936485528946,0.012874913401901722,0.97980404,6182.4614,3863.0845,12738.4,1964.4626,1313.1836,3.1471515,5.799149e+06,0.02156800590455532,0.011601169593632221,0.6684696,2255.7036,2652.1235,7330.2,746.5779,1498.3829,3.021391,2.11585e+06,0.06372484564781189,0.04291154816746712,2.0070014
quinidine,769.0,120.95331880577403,0.9216621276693823,0.9564676616915423,0.5069215557020436,0.6605422860116851,50.86120304286074,19.733813979073716,2.5773630529199965,6775.129,1107.0358,8581.4,773.51385,994.29675,8.758898,5.210074e+06,0.01956346072256565,0.008780693635344505,1.2854285,5972.519,954.913,7751.2,3698.7236,2506.413,1.6147513,4.592867e+06,0.014023805037140846,0.008658242411911488,0.6776427,2724.9883,366.53183,3307.8,1970.0547,1743.4053,1.3832043,2.095516e+06,0.014340125024318695,0.013655724003911018,0.8849527,2852.4355,345.8086,3384.4,1493.0793,1042.5889,1.9104381,2.193523e+06,0.010623580776154995,0.013679806143045425,0.69828093,412.60727,52.209335,501.0,313.02667,210.73549,1.3181218,317295.0,0.005578409414738417,0.0069353352300822735,0.67321897
quinidine,661.0,99.7401153701776,0.7719206567703741,0.9469914040114613,0.6663306451612904,0.8349713827852325,36.747524605821184,23.361095337290568,1.5730223294437007,7383.1226,1295.1423,9504.0,789.3482,1026.0449,9.353442,4.880244e+06,0.022204531356692314,0.009684974327683449,1.2998635,6525.333,1407.8263,9135.0,3779.6572,1564.9668,1.7264352,4.313245e+06,0.018128646537661552,0.007658548653125763,0.41404992,3121.8926,710.14966,4759.0,1968.3181,1064.6525,1.5860711,2.063571e+06,0.014480317011475563,0.01031564548611641,0.5408945,2968.7095,743.47595,4747.0,1464.8389,781.3372,2.0266457,1.962317e+06,0.017220644280314445,0.012595624662935734,0.53339463,980.1316,892.8056,3172.0,989.2347,1365.2659,0.9907978,647867.0,0.05787235125899315,0.06275992840528488,1.3801234
quinidine,993.0,136.3259018078045,0.9268965065010845,0.960348162475822,0.7258771929824561,0.6714324922540323,58.16526667081661,21.83041461130389,2.6644141994764663,6749.893,1138.0992,8625.6,750.97174,1068.8346,8.988212,6.702644e+06,0.017645955085754395,0.0072509488090872765,1.4232687,5404.9165,1118.6882,7770.8,3402.2693,1575.4364,1.588621,5.367082e+06,0.012652214616537094,0.00674403365701437,0.4630546,2282.6667,440.16418,3100.0,1615.089,1119.4779,1.4133381,2.266688e+06,0.010324414819478989,0.009326910600066185,0.693137,3062.6948,787.81366,4942.0,1607.0071,802.52026,1.9058378,3.041256e+06,0.01696026511490345,0.01234340202063322,0.49938813,306.96274,64.85261,432.2,215.80623,147.10544,1.4223998,304814.0,0.004628726281225681,0.0068338592536747456,0.6816552
quinidine,647.0,106.91168824543142,0.91188238397822,0.9585185185185185,0.6418650793650794,0.7113179522700653,44.95923471071054,18.453589922978143,2.4363408365722896,6524.1064,978.9731,7915.5,764.33154,1020.52014,8.535702,4.221097e+06,0.015396553091704845,0.006619008257985115,1.3351799,5677.3677,1066.8654,7626.6,3417.0374,2129.3643,1.6614883,3.673257e+06,0.01199084147810936,0.006672610994428396,0.62316096,2521.4111,457.22076,3415.2,1614.62,1360.2559,1.5616127,1.631353e+06,0.009261705912649632,0.009506345726549625,0.84246194,2807.4282,390.30698,3462.9,1536.8339,1049.1113,1.826761,1.816406e+06,0.007493378594517708,0.014161133207380772,0.6826446,435.96136,91.70206,600.2,568.3471,1150.796,0.76706886,282067.0,0.015553747303783894,0.04034937918186188,2.024812
quinidine,651.0,107.88225099390856,0.9187191142879186,0.9587628865979382,0.5425,0.7028956465529903,45.91895894704026,18.133930549684912,2.5322121324567513,6951.985,1080.6666,8709.5,785.4297,990.63086,8.851187,4.525742e+06,0.01866561733186245,0.00893824640661478,1.2612598,6158.037,1117.6277,8337.0,3761.985,1971.0762,1.6369116,4.008882e+06,0.012486277148127556,0.0072068264707922935,0.52394575,2684.014,563.2139,3737.5,1848.2023,1166.131,1.4522295,1.747293e+06,0.011345015838742256,0.011309861205518246,0.6309542,3480.175,820.1027,5307.5,1603.7894,815.331,2.16997,2.265594e+06,0.017957312986254692,0.01229008287191391,0.50837785,585.5008,176.50487,829.5,876.5677,1200.4167,0.66794705,381161.0,0.023382509127259254,0.05542532727122307,1.3694513
quinidine,756.0,112.9116882454314,0.8872618719078682,0.9630573248407643,0.6872727272727273,0.7451674183137309,45.881449751848585,21.163555183633893,2.1679462336899533,6754.541,1032.129,8440.25,730.3429,1002.84204,9.248452,5.106433e+06,0.014864444732666016,0.006798255257308483,1.3731112,4992.655,992.0309,7082.5,2998.2024,2166.7158,1.6652161,3.774447e+06,0.009992928244173527,0.006549852900207043,0.7226716,2190.3147,423.8713,3063.25,1411.2704,1307.7179,1.5520164,1.655878e+06,0.009790829382836819,0.010008329525589943,0.92662466,2627.5967,361.39435,3255.0,1222.735,815.4705,2.1489503,1.986463e+06,0.008631471544504166,0.008463098667562008,0.66692334,323.6905,54.889614,425.0,221.78462,198.0695,1.4594812,244710.0,0.004902598913758993,0.0058513907715678215,0.8930714
